id,kind,area,surface,capability,handler,events,exposure,sdk,mcp,consumers,fixtures,platforms,status,nextGate,source,reason
"dom:#app-check-update","dom","project-lifecycle-integrations","settings-modal > button#app-check-update","Check for updates","src/js/updater-bridge.js:245 init()","click","UI (modal)","none","none (R14)","native@2","media | migration","desktop (native bridge); browser degrades or is gated","inventoried","R12/R13: characterize against a fixture and diagnostics","src/index.html:1798",""
"dom:#app-menu-btn","dom","drawing-selection","app-topbar > button#app-menu-btn","Menu","src/js/timeline.js:9145 initAppMenu()","click","UI","none","none (R14)","export@1 render@2 persist@2 native@2","static-props | masks-alpha | text | interaction","desktop (native bridge); browser degrades or is gated","inventoried","R12/R13: characterize against a fixture and diagnostics","src/index.html:129",""
"dom:#assets-tab-media","dom","media-import-export","assets-sec > button#assets-tab-media","Media","src/js/assets-panel.js:24","click","UI","none","none (R14)","","mesh | media | export","browser and desktop","inventoried","R12/R13: characterize against a fixture and diagnostics","src/index.html:1247",""
"dom:#assets-tab-presets","dom","media-import-export","assets-sec > button#assets-tab-presets","Presets","src/js/assets-panel.js:24","click","UI","none","none (R14)","","mesh | media | export","browser and desktop","inventoried","R12/R13: characterize against a fixture and diagnostics","src/index.html:1248",""
"dom:#audio-file-input","dom","media-import-export","layer-ctrls > input[file]#audio-file-input","audio file input","src/js/audio-bridge.js:631 init()","change","UI","none","none (R14)","","mesh | media | export","browser and desktop","inventoried","R12/R13: characterize against a fixture and diagnostics","src/index.html:2216",""
"dom:#btn-al","dom","timeline-layers-frames","layer-ctrls > button#btn-al","New layer","src/js/timeline.js:11423","click","UI","none","none (R14)","render@2 persist@2 history@2 animation@2 selection@3 native@3","keyed-props | held-frames | components","desktop (native bridge); browser degrades or is gated","inventoried","R12/R13: characterize against a fixture and diagnostics","src/index.html:2210",""
"dom:#btn-alphabg","dom","timeline-layers-frames","canvas-sec > button#btn-alphabg","Show transparency — preview the canvas background as alpha (checkerboard) instead of its solid color, while editing","src/js/timeline.js:10852","click","UI","none","none (R14)","render@1 animation@3 native@3 selection@3","keyed-props | held-frames | components","desktop (native bridge); browser degrades or is gated","inventoried","R12/R13: characterize against a fixture and diagnostics","src/index.html:825",""
"dom:#btn-audio","dom","media-import-export","layer-ctrls > button#btn-audio","Import an audio track (mp3/ogg/wav) — waveform under the timeline, synced playback","src/js/audio-bridge.js:630 init()","click","UI","none","none (R14)","","mesh | media | export","browser and desktop","inventoried","R12/R13: characterize against a fixture and diagnostics","src/index.html:2215",""
"dom:#btn-bake-cache","dom","timeline-layers-frames","tl-toolbar > button#btn-bake-cache","Forcer le cache de lecture (normalement automatique si la lecture décroche)","src/js/timeline.js:11157","click","UI","none","none (R14)","render@3","keyed-props | held-frames | components","browser and desktop","inventoried","R12/R13: characterize against a fixture and diagnostics","src/index.html:2148",""
"dom:#btn-bool-exclude","dom","animation-rigs-expressions","sp-boolean-row > button#btn-bool-exclude","Exclude — keep everything except the overlap (Alt+click: non-destructive combine)","src/js/timeline.js:10774 wireBoolBtn()","click","UI (contextual)","none","none (R14)","persist@2 history@2 selection@2 render@2 animation@3","static-props | keyed-props | expression-props | held-frames | text | migration","browser and desktop","inventoried","R12/R13: characterize against a fixture and diagnostics","src/index.html:482",""
"dom:#btn-bool-intersect","dom","animation-rigs-expressions","sp-boolean-row > button#btn-bool-intersect","Intersect — keep only the overlapping area (Alt+click: non-destructive combine)","src/js/timeline.js:10774 wireBoolBtn()","click","UI (contextual)","none","none (R14)","persist@2 history@2 selection@2 render@2 animation@3","static-props | keyed-props | expression-props | held-frames | text | migration","browser and desktop","inventoried","R12/R13: characterize against a fixture and diagnostics","src/index.html:481",""
"dom:#btn-bool-subtract","dom","animation-rigs-expressions","sp-boolean-row > button#btn-bool-subtract","Subtract — cut later shapes out of the first (Alt+click: non-destructive combine)","src/js/timeline.js:10774 wireBoolBtn()","click","UI (contextual)","none","none (R14)","persist@2 history@2 selection@2 render@2 animation@3","static-props | keyed-props | expression-props | held-frames | text | migration","browser and desktop","inventoried","R12/R13: characterize against a fixture and diagnostics","src/index.html:480",""
"dom:#btn-bool-unite","dom","animation-rigs-expressions","sp-boolean-row > button#btn-bool-unite","Union — merge shapes into one (Alt+click: non-destructive combine)","src/js/timeline.js:10774 wireBoolBtn()","click","UI (contextual)","none","none (R14)","persist@2 history@2 selection@2 render@2 animation@3","static-props | keyed-props | expression-props | held-frames | text | migration","browser and desktop","inventoried","R12/R13: characterize against a fixture and diagnostics","src/index.html:479",""
"dom:#btn-bpm","dom","animation-rigs-expressions","tl-toolbar > button#btn-bpm","Grille BPM — clic : afficher/masquer · clic droit : régler le tempo","src/js/bpm-grid.js:93 init() | src/js/bpm-grid.js:94 init()","click | contextmenu","UI","none","none (R14)","","static-props | keyed-props | expression-props | held-frames | text | migration","browser and desktop","inventoried","R12/R13: characterize against a fixture and diagnostics","src/index.html:2180",""
"dom:#btn-cam-addkey","dom","animation-rigs-expressions","camera-sec > button#btn-cam-addkey","Add a key","src/js/camera.js:639 initUI()","click","UI (contextual)","none","none (R14)","history@1 render@1 animation@2 persist@3 native@3 selection@3","static-props | keyed-props | expression-props | held-frames | text | migration","desktop (native bridge); browser degrades or is gated","inventoried","R12/R13: characterize against a fixture and diagnostics","src/index.html:660",""
"dom:#btn-cam-ease-edit","dom","animation-rigs-expressions","camera-sec > button#btn-cam-ease-edit","Edit easing curve…","src/js/camera.js:648 initUI()","click","UI (contextual)","none","none (R14)","animation@1 render@3","static-props | keyed-props | expression-props | held-frames | text | migration","browser and desktop","inventoried","R12/R13: characterize against a fixture and diagnostics","src/index.html:664",""
"dom:#btn-camera","dom","animation-rigs-expressions","layer-ctrls > button#btn-camera","Camera layer — framing keys (zoom/pan) interpolated with Bézier curves","src/js/camera.js:619 initUI()","click","UI","none","none (R14)","history@1 animation@1 render@1 persist@3 selection@3 native@3","static-props | keyed-props | expression-props | held-frames | text | migration","desktop (native bridge); browser degrades or is gated","inventoried","R12/R13: characterize against a fixture and diagnostics","src/index.html:2214",""
"dom:#btn-clip","dom","timeline-layers-frames","canvas-sec > button#btn-clip","Hide artwork outside the canvas bounds — off by default, so you can see and work with content that spills over the edge","src/js/timeline.js:10832","click","UI","none","none (R14)","render@2","keyed-props | held-frames | components","browser and desktop","inventoried","R12/R13: characterize against a fixture and diagnostics","src/index.html:822",""
"dom:#btn-combine-exclude","dom","animation-rigs-expressions","combine-mode-row > button#btn-combine-exclude","Exclude — keep everything except the overlap (Alt+click: non-destructive combine)","src/js/timeline.js:11651","click","UI (contextual)","none","none (R14)","selection@2 persist@2 history@2 render@2 animation@3","static-props | keyed-props | expression-props | held-frames | text | migration","browser and desktop","inventoried","R12/R13: characterize against a fixture and diagnostics","src/index.html:857",""
"dom:#btn-combine-flatten","dom","animation-rigs-expressions","combine-existing-row > button#btn-combine-flatten","Flatten","src/js/timeline.js:11666","click","UI (contextual)","none","none (R14)","selection@2 persist@2 history@2 render@2 animation@3","static-props | keyed-props | expression-props | held-frames | text | migration","browser and desktop","inventoried","R12/R13: characterize against a fixture and diagnostics","src/index.html:861",""
"dom:#btn-combine-intersect","dom","animation-rigs-expressions","combine-mode-row > button#btn-combine-intersect","Intersect — keep only the overlapping area (Alt+click: non-destructive combine)","src/js/timeline.js:11651","click","UI (contextual)","none","none (R14)","selection@2 persist@2 history@2 render@2 animation@3","static-props | keyed-props | expression-props | held-frames | text | migration","browser and desktop","inventoried","R12/R13: characterize against a fixture and diagnostics","src/index.html:856",""
"dom:#btn-combine-remove","dom","animation-rigs-expressions","combine-existing-row > button#btn-combine-remove","Remove from group","src/js/timeline.js:11659","click","UI (contextual)","none","none (R14)","selection@1 persist@2 history@2 render@2 animation@3","static-props | keyed-props | expression-props | held-frames | text | migration","browser and desktop","inventoried","R12/R13: characterize against a fixture and diagnostics","src/index.html:860",""
"dom:#btn-combine-subtract","dom","animation-rigs-expressions","combine-mode-row > button#btn-combine-subtract","Subtract — cut later shapes out of the first (Alt+click: non-destructive combine)","src/js/timeline.js:11651","click","UI (contextual)","none","none (R14)","selection@2 persist@2 history@2 render@2 animation@3","static-props | keyed-props | expression-props | held-frames | text | migration","browser and desktop","inventoried","R12/R13: characterize against a fixture and diagnostics","src/index.html:855",""
"dom:#btn-combine-unite","dom","animation-rigs-expressions","combine-mode-row > button#btn-combine-unite","Union — merge shapes into one (Alt+click: non-destructive combine)","src/js/timeline.js:11651","click","UI (contextual)","none","none (R14)","selection@2 persist@2 history@2 render@2 animation@3","static-props | keyed-props | expression-props | held-frames | text | migration","browser and desktop","inventoried","R12/R13: characterize against a fixture and diagnostics","src/index.html:854",""
"dom:#btn-comp","dom","timeline-layers-frames","layer-ctrls > button#btn-comp","Convert layer to component","src/js/timeline.js:11437","click","UI","none","none (R14)","persist@3 history@3 render@3","keyed-props | held-frames | components","browser and desktop","inventoried","R12/R13: characterize against a fixture and diagnostics","src/index.html:2223",""
"dom:#btn-comp-detach","dom","drawing-selection","comp-instance-sec > button#btn-comp-detach","Bake into layer","src/js/timeline.js:11439","click","UI (contextual)","none","none (R14)","history@2 render@2 persist@3 animation@3 selection@3 native@3","static-props | masks-alpha | text | interaction","desktop (native bridge); browser degrades or is gated","inventoried","R12/R13: characterize against a fixture and diagnostics","src/index.html:1449",""
"dom:#btn-comp-enter","dom","drawing-selection","comp-instance-sec > button#btn-comp-enter","Edit component…","src/js/timeline.js:11438","click","UI (contextual)","none","none (R14)","persist@2 animation@2 render@2 selection@3 native@3","static-props | masks-alpha | text | interaction","desktop (native bridge); browser degrades or is gated","inventoried","R12/R13: characterize against a fixture and diagnostics","src/index.html:1430",""
"dom:#btn-comp-preview","dom","drawing-selection","comp-instance-sec > button#btn-comp-preview","Preview window…","src/js/timeline.js:11338 initCompPreview()","click","UI (contextual)","none","none (R14)","","static-props | masks-alpha | text | interaction","browser and desktop","inventoried","R12/R13: characterize against a fixture and diagnostics","src/index.html:1429",""
"dom:#btn-convert-media","dom","media-import-export","media-convert-row > button[button]#btn-convert-media","Convertir les médias…","src/js/linked-media.js:713 initSettingUI()","click","UI (contextual)","none","none (R14)","persist@2 history@2 native@2 render@3","mesh | media | export","desktop (native bridge); browser degrades or is gated","inventoried","R12/R13: characterize against a fixture and diagnostics","src/index.html:1288",""
"dom:#btn-cycle","dom","timeline-layers-frames","tl-toolbar > button#btn-cycle","Cycle — repeats the selected frame range N times (walk cycles)","src/js/timeline.js:8988 initCycleAndPropagate()","click","UI","none","none (R14)","persist@2 history@2 render@2 selection@3 native@3 animation@3","keyed-props | held-frames | components","desktop (native bridge); browser degrades or is gated","inventoried","R12/R13: characterize against a fixture and diagnostics","src/index.html:2171",""
"dom:#btn-dims-lock","dom","drawing-selection","canvas-sec > button[button]#btn-dims-lock","Link width/height (keep proportions)","src/js/timeline.js:10507","click","UI","none","none (R14)","","static-props | masks-alpha | text | interaction","browser and desktop","inventoried","R12/R13: characterize against a fixture and diagnostics","src/index.html:768",""
"dom:#btn-dl","dom","timeline-layers-frames","layer-ctrls > button#btn-dl","Delete active layer","src/js/timeline.js:11435","click","UI","none","none (R14)","persist@2 history@2 animation@2 render@2 selection@3 native@3","keyed-props | held-frames | components","desktop (native bridge); browser degrades or is gated","inventoried","R12/R13: characterize against a fixture and diagnostics","src/index.html:2221",""
"dom:#btn-dup-add-effector","dom","effects-masks","duplicator-sec > button#btn-dup-add-effector","+ Effector","src/js/timeline.js:11488","click","UI (contextual)","none","none (R14)","history@1 animation@2 render@2 persist@3 selection@3 native@3","masks-alpha | mesh","desktop (native bridge); browser degrades or is gated","inventoried","R12/R13: characterize against a fixture and diagnostics","src/index.html:1534",""
"dom:#btn-dup-edit-source","dom","drawing-selection","dup-edit-source-row > button#btn-dup-edit-source","Edit source shape…","src/js/timeline.js:11509","click","UI (contextual)","none","none (R14)","animation@1 persist@2 render@2 selection@3 native@3 history@3","static-props | masks-alpha | text | interaction","desktop (native bridge); browser degrades or is gated","inventoried","R12/R13: characterize against a fixture and diagnostics","src/index.html:1537",""
"dom:#btn-dup-reseed","dom","drawing-selection","duplicator-sec > button#btn-dup-reseed","New random seed","src/js/timeline.js:11479","click","UI (contextual)","none","none (R14)","history@1 animation@2 render@2 persist@3 selection@3 native@3","static-props | masks-alpha | text | interaction","desktop (native bridge); browser degrades or is gated","inventoried","R12/R13: characterize against a fixture and diagnostics","src/index.html:1496",""
"dom:#btn-dupl","dom","timeline-layers-frames","layer-ctrls > button#btn-dupl","Duplicate active layer","src/js/timeline.js:11436","click","UI","none","none (R14)","persist@2 history@2 render@2 selection@3 native@3 animation@3","keyed-props | held-frames | components","desktop (native bridge); browser degrades or is gated","inventoried","R12/R13: characterize against a fixture and diagnostics","src/index.html:2222",""
"dom:#btn-edit-pcurve","dom","animation-rigs-expressions","tool-opts-sec > button#btn-edit-pcurve","Edit the curve…","src/js/timeline.js:10823","click","UI","none","none (R14)","render@3","static-props | keyed-props | expression-props | held-frames | text | migration","browser and desktop","inventoried","R12/R13: characterize against a fixture and diagnostics","src/index.html:1186",""
"dom:#btn-ellipse-arc-convert","dom","timeline-layers-frames","ellipse-arc-convert-row > button#btn-ellipse-arc-convert","Make dynamic","src/js/timeline.js:2876","click","UI (contextual)","none","none (R14)","persist@1 history@1 selection@1 render@1 animation@3 native@3","keyed-props | held-frames | components","desktop (native bridge); browser degrades or is gated","inventoried","R12/R13: characterize against a fixture and diagnostics","src/index.html:523",""
"dom:#btn-export","dom","media-import-export","legacy-project-actions > button#btn-export","export","src/js/timeline.js:11746","click","UI (contextual)","none","none (R14)","export@1","mesh | media | export","browser and desktop","inventoried","R12/R13: characterize against a fixture and diagnostics","src/index.html:1621",""
"dom:#btn-ff","dom","timeline-layers-frames","tl-toolbar > button#btn-ff","Go to first frame","src/js/timeline.js:11400","click","UI","none","none (R14)","animation@1 render@2 persist@2 selection@2 native@3","keyed-props | held-frames | components","desktop (native bridge); browser degrades or is gated","inventoried","R12/R13: characterize against a fixture and diagnostics","src/index.html:2134",""
"dom:#btn-fill-propagate","dom","drawing-selection","p-fillpropagate-row > button#btn-fill-propagate","Propagate to all frames","src/js/fill-bridge.js:224 init()","click","UI (contextual)","none","none (R14)","history@1 render@1 persist@2 animation@2 selection@2 native@3","static-props | masks-alpha | text | interaction","desktop (native bridge); browser degrades or is gated","inventoried","R12/R13: characterize against a fixture and diagnostics","src/index.html:1177",""
"dom:#btn-fit","dom","timeline-layers-frames","canvas-sec > button#btn-fit","Fit — fit the canvas to the viewport","src/js/timeline.js:11082","click","UI","none","none (R14)","","keyed-props | held-frames | components","browser and desktop","inventoried","R12/R13: characterize against a fixture and diagnostics","src/index.html:820",""
"dom:#btn-footage-replace","dom","media-import-export","footage-sec > button#btn-footage-replace","Replace source…","src/js/images.js:759","click","UI (contextual)","none","none (R14)","native@1 persist@2 history@2 render@2 selection@3 animation@3","mesh | media | export","desktop (native bridge); browser degrades or is gated","inventoried","R12/R13: characterize against a fixture and diagnostics","src/index.html:1413",""
"dom:#btn-ghost-all","dom","timeline-layers-frames","tl-toolbar > button#btn-ghost-all","Ghost all keyframes — shows every keyframe of the active layer at once","src/js/timeline.js:11156","click","UI","none","none (R14)","render@2 persist@3 selection@3 animation@3","keyed-props | held-frames | components","browser and desktop","inventoried","R12/R13: characterize against a fixture and diagnostics","src/index.html:2160",""
"dom:#btn-ghost-select","dom","timeline-layers-frames","tl-toolbar > button#btn-ghost-select","Select all keyframes' content to move/transform together","src/js/timeline.js:11246","click","UI","none","none (R14)","history@2 selection@2 render@2 animation@3","keyed-props | held-frames | components","browser and desktop","inventoried","R12/R13: characterize against a fixture and diagnostics","src/index.html:2161",""
"dom:#btn-grad-add-stop","dom","drawing-selection","p-grad-addstop-row > button#btn-grad-add-stop","+ Stop","src/js/gradient-bridge.js:301 init()","click","UI (contextual)","none","none (R14)","persist@1 history@1 render@1 selection@2 animation@3 native@3","static-props | masks-alpha | text | interaction","desktop (native bridge); browser degrades or is gated","inventoried","R12/R13: characterize against a fixture and diagnostics","src/index.html:906",""
"dom:#btn-history","dom","project-lifecycle-integrations","legacy-project-actions > button#btn-history","history","src/js/project.js:730 initStartScreen()","click","UI (contextual)","none","none (R14)","native@1 persist@2 animation@3 render@3","media | migration","desktop (native bridge); browser degrades or is gated","inventoried","R12/R13: characterize against a fixture and diagnostics","src/index.html:1617",""
"dom:#btn-imagemesh-reset","dom","animation-rigs-expressions","p-imagemesh-body > button#btn-imagemesh-reset","Reset shape","src/js/image-mesh-bridge.js:380 init()","click","UI (contextual)","none","none (R14)","history@1 render@1 persist@3 animation@3 native@3 selection@3","static-props | keyed-props | expression-props | held-frames | text | migration","desktop (native bridge); browser degrades or is gated","inventoried","R12/R13: characterize against a fixture and diagnostics","src/index.html:1064",""
"dom:#btn-import-img","dom","media-import-export","legacy-project-actions > button#btn-import-img","import img","src/js/images.js:349","click","UI (contextual)","none","none (R14)","native@1 persist@2 history@2 render@2 animation@2 selection@3","mesh | media | export","desktop (native bridge); browser degrades or is gated","inventoried","R12/R13: characterize against a fixture and diagnostics","src/index.html:1622",""
"dom:#btn-import-psd","dom","media-import-export","legacy-project-actions > button#btn-import-psd","import psd","src/js/psd-import-bridge.js:101 init()","click","UI (contextual)","none","none (R14)","","mesh | media | export","browser and desktop","inventoried","R12/R13: characterize against a fixture and diagnostics","src/index.html:1626",""
"dom:#btn-import-video","dom","media-import-export","legacy-project-actions > button#btn-import-video","import video","src/js/images.js:706","click","UI (contextual)","none","none (R14)","native@1 persist@2 history@2 render@2 selection@3 animation@3","mesh | media | export","desktop (native bridge); browser degrades or is gated","inventoried","R12/R13: characterize against a fixture and diagnostics","src/index.html:1624",""
"dom:#btn-kitsu-open","dom","project-lifecycle-integrations","legacy-project-actions > button#btn-kitsu-open","kitsu open","src/js/kitsu.js:426 initKitsuUI()","click","UI (contextual)","none","none (R14)","","media | migration","browser and desktop","inventoried","R12/R13: characterize against a fixture and diagnostics","src/index.html:1616",""
"dom:#btn-kitsu-publish","dom","project-lifecycle-integrations","legacy-project-actions > button#btn-kitsu-publish","kitsu publish","src/js/kitsu.js:452 initKitsuUI()","click","UI (contextual)","none","none (R14)","","media | migration","browser and desktop","inventoried","R12/R13: characterize against a fixture and diagnostics","src/index.html:1619",""
"dom:#btn-lf","dom","timeline-layers-frames","tl-toolbar > button#btn-lf","Go to last frame","src/js/timeline.js:11404","click","UI","none","none (R14)","animation@1 render@2 persist@2 selection@2 native@3","keyed-props | held-frames | components","desktop (native bridge); browser degrades or is gated","inventoried","R12/R13: characterize against a fixture and diagnostics","src/index.html:2138",""
"dom:#btn-lip-apply","dom","drawing-selection","comp-instance-sec > button#btn-lip-apply","Analyse and apply","src/js/timeline.js:11361 initLipSync()","click","UI (contextual)","none","none (R14)","persist@1 history@1 render@1 selection@2 native@2 animation@2","static-props | masks-alpha | text | interaction","desktop (native bridge); browser degrades or is gated","inventoried","R12/R13: characterize against a fixture and diagnostics","src/index.html:1447",""
"dom:#btn-loop","dom","timeline-layers-frames","tl-toolbar > button#btn-loop","Loop playback (work area) — right-click for ping-pong","src/js/timeline.js:11304 | src/js/timeline.js:11305","click | contextmenu","UI","none","none (R14)","","keyed-props | held-frames | components","browser and desktop","inventoried","R12/R13: characterize against a fixture and diagnostics","src/index.html:2139",""
"dom:#btn-mask-unset","dom","effects-masks","mask-sec > button#btn-mask-unset","Remove as mask","src/js/timeline.js:2806","click","UI (contextual)","none","none (R14)","persist@1 history@1 selection@1 render@1 animation@2 native@3","masks-alpha | mesh","desktop (native bridge); browser degrades or is gated","inventoried","R12/R13: characterize against a fixture and diagnostics","src/index.html:501",""
"dom:#btn-mblur","dom","timeline-layers-frames","tl-toolbar > button#btn-mblur","Flou de mouvement de la composition — clic droit : échantillons et obturateur","src/js/timeline.js:9099 bindMotionBlur() | src/js/timeline.js:9100 bindMotionBlur()","click | contextmenu","UI","none","none (R14)","render@2 history@3 animation@3","keyed-props | held-frames | components","browser and desktop","inventoried","R12/R13: characterize against a fixture and diagnostics","src/index.html:2182",""
"dom:#btn-media-cleanup","dom","media-import-export","media-statusbar > button[button]#btn-media-cleanup","media cleanup","src/js/media-library.js:902 init()","click","UI","none","none (R14)","","mesh | media | export","browser and desktop","inventoried","R12/R13: characterize against a fixture and diagnostics","src/index.html:1314",""
"dom:#btn-media-import-img","dom","media-import-export","media-statusbar > button[button]#btn-media-import-img","Image(s)…","src/js/media-library.js:900 init()","click","UI","none","none (R14)","native@2 persist@3 history@3 render@3 animation@3","mesh | media | export","desktop (native bridge); browser degrades or is gated","inventoried","R12/R13: characterize against a fixture and diagnostics","src/index.html:1316",""
"dom:#btn-media-import-video","dom","media-import-export","media-statusbar > button[button]#btn-media-import-video","Video…","src/js/media-library.js:901 init()","click","UI","none","none (R14)","native@2 persist@3 history@3 render@3","mesh | media | export","desktop (native bridge); browser degrades or is gated","inventoried","R12/R13: characterize against a fixture and diagnostics","src/index.html:1319",""
"dom:#btn-media-mode-embedded","dom","media-import-export","media-mode-row > button[button]#btn-media-mode-embedded","Embedded","src/js/linked-media.js:694 initSettingUI()","click","UI (contextual)","none","none (R14)","","mesh | media | export","browser and desktop","inventoried","R12/R13: characterize against a fixture and diagnostics","src/index.html:1284",""
"dom:#btn-media-mode-linked","dom","media-import-export","media-mode-row > button[button]#btn-media-mode-linked","Linked","src/js/linked-media.js:695 initSettingUI()","click","UI (contextual)","none","none (R14)","native@1","mesh | media | export","desktop (native bridge); browser degrades or is gated","inventoried","R12/R13: characterize against a fixture and diagnostics","src/index.html:1285",""
"dom:#btn-mgraph","dom","animation-rigs-expressions","tl-toolbar > button#btn-mgraph","Éditeur de courbes (Maj+F3) — clic droit : valeur/vitesse · Alt+clic : figer l'échelle","src/js/motion-graph.js:477 | src/js/motion-graph.js:481","click | contextmenu","UI","none","none (R14)","","static-props | keyed-props | expression-props | held-frames | text | migration","browser and desktop","inventoried","R12/R13: characterize against a fixture and diagnostics","src/index.html:2184",""
"dom:#btn-mp-new-tab","dom","animation-rigs-expressions","assets-view-presets > button#btn-mp-new-tab","Nouvel onglet","src/js/motion-preset-picker.js:159","click","UI (contextual)","none","none (R14)","","static-props | keyed-props | expression-props | held-frames | text | migration","browser and desktop","inventoried","R12/R13: characterize against a fixture and diagnostics","src/index.html:1330",""
"dom:#btn-mp-save","dom","animation-rigs-expressions","assets-view-presets > button#btn-mp-save","Save layer as preset","src/js/motion-preset-picker.js:158","click","UI (contextual)","none","none (R14)","","static-props | keyed-props | expression-props | held-frames | text | migration","browser and desktop","inventoried","R12/R13: characterize against a fixture and diagnostics","src/index.html:1329",""
"dom:#btn-new","dom","project-lifecycle-integrations","legacy-project-actions > button#btn-new","new","src/js/project.js:727 initStartScreen()","click","UI (contextual)","none","none (R14)","","media | migration","browser and desktop","inventoried","R12/R13: characterize against a fixture and diagnostics","src/index.html:1615",""
"dom:#btn-nf","dom","timeline-layers-frames","tl-toolbar > button#btn-nf","Next frame","src/js/timeline.js:11403","click","UI","none","none (R14)","animation@1 render@2 persist@2 selection@2 native@3","keyed-props | held-frames | components","desktop (native bridge); browser degrades or is gated","inventoried","R12/R13: characterize against a fixture and diagnostics","src/index.html:2137",""
"dom:#btn-open","dom","project-lifecycle-integrations","legacy-project-actions > button#btn-open","open","src/js/project.js:726 initStartScreen()","click","UI (contextual)","none","none (R14)","native@1 persist@2 animation@3 render@3","media | migration","desktop (native bridge); browser degrades or is gated","inventoried","R12/R13: characterize against a fixture and diagnostics","src/index.html:1614",""
"dom:#btn-open-tutorial-topbar","dom","project-lifecycle-integrations","app-topbar > button#btn-open-tutorial-topbar","Discover Nemo — interactive tutorial","src/js/tutorial.js:1898","click","UI","none","none (R14)","","media | migration","browser and desktop","inventoried","R12/R13: characterize against a fixture and diagnostics","src/index.html:160",""
"dom:#btn-os","dom","timeline-layers-frames","tl-toolbar > button#btn-os","Onion skin on/off (O)","src/js/timeline.js:11155 | src/js/timeline.js:11312 initOnionPopover() | src/js/timeline.js:11395 initOnionTintShift()","click | contextmenu","UI","none","none (R14)","","keyed-props | held-frames | components","browser and desktop","inventoried","R12/R13: characterize against a fixture and diagnostics","src/index.html:2155",""
"dom:#btn-os-outline","dom","timeline-layers-frames","tl-toolbar > button#btn-os-outline","Onion skin outlines only","src/js/timeline.js:11260","click","UI","none","none (R14)","","keyed-props | held-frames | components","browser and desktop","inventoried","R12/R13: characterize against a fixture and diagnostics","src/index.html:2156",""
"dom:#btn-palette-add-fill","dom","drawing-selection","swatches-sec > button#btn-palette-add-fill","Add the current Fill color to the palette","src/js/palette-panel.js:265 init()","click","UI","none","none (R14)","","static-props | masks-alpha | text | interaction","browser and desktop","inventoried","R12/R13: characterize against a fixture and diagnostics","src/index.html:1212",""
"dom:#btn-palette-add-stroke","dom","drawing-selection","swatches-sec > button#btn-palette-add-stroke","Add the current Stroke color to the palette","src/js/palette-panel.js:266 init()","click","UI","none","none (R14)","","static-props | masks-alpha | text | interaction","browser and desktop","inventoried","R12/R13: characterize against a fixture and diagnostics","src/index.html:1213",""
"dom:#btn-palette-new","dom","drawing-selection","swatches-sec > button#btn-palette-new","Create a new palette","src/js/palette-panel.js:268 init()","click","UI","none","none (R14)","","static-props | masks-alpha | text | interaction","browser and desktop","inventoried","R12/R13: characterize against a fixture and diagnostics","src/index.html:1201",""
"dom:#btn-palette-replace","dom","drawing-selection","swatches-sec > button#btn-palette-replace","Replace a color in the active layer: click the source, then the target","src/js/palette-panel.js:275 init()","click","UI","none","none (R14)","","static-props | masks-alpha | text | interaction","browser and desktop","inventoried","R12/R13: characterize against a fixture and diagnostics","src/index.html:1217",""
"dom:#btn-palette-swap","dom","drawing-selection","swatches-sec > button#btn-palette-swap","Swap Fill ↔ Stroke","src/js/palette-panel.js:270 init()","click","UI","none","none (R14)","persist@2 history@2 selection@2 render@2 animation@3","static-props | masks-alpha | text | interaction","browser and desktop","inventoried","R12/R13: characterize against a fixture and diagnostics","src/index.html:1214",""
"dom:#btn-pf","dom","timeline-layers-frames","tl-toolbar > button#btn-pf","Previous frame","src/js/timeline.js:11401","click","UI","none","none (R14)","animation@1 render@2 persist@2 selection@2 native@3","keyed-props | held-frames | components","desktop (native bridge); browser degrades or is gated","inventoried","R12/R13: characterize against a fixture and diagnostics","src/index.html:2135",""
"dom:#btn-play","dom","timeline-layers-frames","tl-toolbar > button#btn-play","Play / Stop (Enter)","src/js/timeline.js:11402","click","UI","none","none (R14)","render@3 persist@3","keyed-props | held-frames | components","browser and desktop","inventoried","R12/R13: characterize against a fixture and diagnostics","src/index.html:2136",""
"dom:#btn-pt-corner","dom","drawing-selection","sp-pointtype-row > button#btn-pt-corner","Corner","src/js/timeline.js:10767","click","UI (contextual)","none","none (R14)","persist@2 history@2 render@2 selection@3 animation@3","static-props | masks-alpha | text | interaction","browser and desktop","inventoried","R12/R13: characterize against a fixture and diagnostics","src/index.html:469",""
"dom:#btn-pt-smooth","dom","drawing-selection","sp-pointtype-row > button#btn-pt-smooth","Smooth","src/js/timeline.js:10768","click","UI (contextual)","none","none (R14)","persist@2 history@2 render@2 selection@3 animation@3","static-props | masks-alpha | text | interaction","browser and desktop","inventoried","R12/R13: characterize against a fixture and diagnostics","src/index.html:470",""
"dom:#btn-pt-symmetric","dom","drawing-selection","sp-pointtype-row > button#btn-pt-symmetric","Symmetric","src/js/timeline.js:10769","click","UI (contextual)","none","none (R14)","persist@2 history@2 render@2 selection@3 animation@3","static-props | masks-alpha | text | interaction","browser and desktop","inventoried","R12/R13: characterize against a fixture and diagnostics","src/index.html:471",""
"dom:#btn-ref-import","dom","media-import-export","ref-pop > button#btn-ref-import","Reference…","src/js/reference-bridge.js:439 init()","click","UI (contextual)","none","none (R14)","native@1 animation@3","mesh | media | export","desktop (native bridge); browser degrades or is gated","inventoried","R12/R13: characterize against a fixture and diagnostics","src/index.html:716",""
"dom:#btn-ref-remove","dom","media-import-export","ref-pop > button#btn-ref-remove","Remove","src/js/reference-bridge.js:452 init()","click","UI (contextual)","none","none (R14)","native@3 render@3","mesh | media | export","desktop (native bridge); browser degrades or is gated","inventoried","R12/R13: characterize against a fixture and diagnostics","src/index.html:717",""
"dom:#btn-resetv","dom","timeline-layers-frames","canvas-sec > button#btn-resetv","Reset View — restore zoom/pan/rotation to default","src/js/timeline.js:11083","click","UI","none","none (R14)","","keyed-props | held-frames | components","browser and desktop","inventoried","R12/R13: characterize against a fixture and diagnostics","src/index.html:821",""
"dom:#btn-revision-accept","dom","timeline-layers-frames","revision-sec > button#btn-revision-accept","Accept","src/js/timeline.js:2946 updateRevisionPanel()","click","UI (contextual)","none","none (R14)","persist@1 history@1 render@1 selection@2 animation@2 native@3","keyed-props | held-frames | components","desktop (native bridge); browser degrades or is gated","inventoried","R12/R13: characterize against a fixture and diagnostics","src/index.html:491",""
"dom:#btn-revision-reject","dom","timeline-layers-frames","revision-sec > button#btn-revision-reject","Reject","src/js/timeline.js:2952 updateRevisionPanel()","click","UI (contextual)","none","none (R14)","persist@1 history@1 render@1 selection@2 animation@2 native@3","keyed-props | held-frames | components","desktop (native bridge); browser degrades or is gated","inventoried","R12/R13: characterize against a fixture and diagnostics","src/index.html:492",""
"dom:#btn-revision-view","dom","timeline-layers-frames","tl-toolbar > button#btn-revision-view","All","src/js/timeline.js:11253","click","UI","none","none (R14)","render@1 animation@3 native@3 selection@3","keyed-props | held-frames | components","desktop (native bridge); browser degrades or is gated","inventoried","R12/R13: characterize against a fixture and diagnostics","src/index.html:2170",""
"dom:#btn-rig-auto-assign","dom","animation-rigs-expressions","rig-assign-row > button#btn-rig-auto-assign","Auto-assign","src/js/timeline.js:11548","click","UI (contextual)","none","none (R14)","history@1 render@1 animation@2 persist@3 native@3 selection@3","static-props | keyed-props | expression-props | held-frames | text | migration","desktop (native bridge); browser degrades or is gated","inventoried","R12/R13: characterize against a fixture and diagnostics","src/index.html:1575",""
"dom:#btn-rig-commit","dom","animation-rigs-expressions","rig-opts-sec > button#btn-rig-commit","Commit pose","src/js/timeline.js:11577","click","UI (contextual)","none","none (R14)","persist@2 history@2 render@2 selection@3 animation@3","static-props | keyed-props | expression-props | held-frames | text | migration","browser and desktop","inventoried","R12/R13: characterize against a fixture and diagnostics","src/index.html:1590",""
"dom:#btn-rig-mode-assign","dom","animation-rigs-expressions","rig-opts-sec > button#btn-rig-mode-assign","2. Auto-assign shapes to bones (by proximity, Shapper-style)","src/js/timeline.js:11542","click","UI (contextual)","none","none (R14)","render@1 animation@3 native@3 selection@3","static-props | keyed-props | expression-props | held-frames | text | migration","desktop (native bridge); browser degrades or is gated","inventoried","R12/R13: characterize against a fixture and diagnostics","src/index.html:1564",""
"dom:#btn-rig-mode-draw","dom","animation-rigs-expressions","rig-opts-sec > button#btn-rig-mode-draw","1. Draw new bones","src/js/timeline.js:11542","click","UI (contextual)","none","none (R14)","render@1 animation@3 native@3 selection@3","static-props | keyed-props | expression-props | held-frames | text | migration","desktop (native bridge); browser degrades or is gated","inventoried","R12/R13: characterize against a fixture and diagnostics","src/index.html:1563",""
"dom:#btn-rig-mode-move","dom","animation-rigs-expressions","rig-opts-sec > button#btn-rig-mode-move","3. Move / pose the bones already drawn","src/js/timeline.js:11542","click","UI (contextual)","none","none (R14)","render@1 animation@3 native@3 selection@3","static-props | keyed-props | expression-props | held-frames | text | migration","desktop (native bridge); browser degrades or is gated","inventoried","R12/R13: characterize against a fixture and diagnostics","src/index.html:1565",""
"dom:#btn-rig-reset","dom","animation-rigs-expressions","rig-opts-sec > button#btn-rig-reset","Reset","src/js/timeline.js:11581","click","UI (contextual)","none","none (R14)","history@1 render@1 persist@3 animation@3 native@3 selection@3","static-props | keyed-props | expression-props | held-frames | text | migration","desktop (native bridge); browser degrades or is gated","inventoried","R12/R13: characterize against a fixture and diagnostics","src/index.html:1591",""
"dom:#btn-rulers","dom","timeline-layers-frames","canvas-sec > button#btn-rulers","Rulers — drag out from the top/left bar to place a guide; drag a guide back onto its bar to remove it","src/js/timeline.js:10837","click","UI","none","none (R14)","","keyed-props | held-frames | components","browser and desktop","inventoried","R12/R13: characterize against a fixture and diagnostics","src/index.html:824",""
"dom:#btn-safety","dom","timeline-layers-frames","canvas-sec > button#btn-safety","Broadcast-safe overlay guides: 90% action-safe / 80% title-safe margins, standard TV/film safe areas","src/js/timeline.js:10833","click","UI","none","none (R14)","render@2","keyed-props | held-frames | components","browser and desktop","inventoried","R12/R13: characterize against a fixture and diagnostics","src/index.html:823",""
"dom:#btn-save","dom","project-lifecycle-integrations","legacy-project-actions > button#btn-save","save","src/js/project.js:724 initStartScreen()","click","UI (contextual)","none","none (R14)","persist@1 native@1 animation@3 render@3","media | migration","desktop (native bridge); browser degrades or is gated","inventoried","R12/R13: characterize against a fixture and diagnostics","src/index.html:1612",""
"dom:#btn-saveas","dom","project-lifecycle-integrations","legacy-project-actions > button#btn-saveas","saveas","src/js/project.js:725 initStartScreen()","click","UI (contextual)","none","none (R14)","persist@1 native@1 render@2 animation@3","media | migration","desktop (native bridge); browser degrades or is gated","inventoried","R12/R13: characterize against a fixture and diagnostics","src/index.html:1613",""
"dom:#btn-settings","dom","preferences-workspace","legacy-project-actions > button#btn-settings","settings","src/js/timeline.js:9028 initSettingsModal()","click","UI (contextual)","none","none (R14)","render@3 native@3 animation@3","","desktop (native bridge); browser degrades or is gated","inventoried","R12/R13: characterize against a fixture and diagnostics","src/index.html:1618",""
"dom:#btn-shadow-guides","dom","timeline-layers-frames","tl-toolbar > button#btn-shadow-guides","Show/hide Shadow Brush guide lines across all layers and components","src/js/timeline.js:11247","click","UI","none","none (R14)","render@2","keyed-props | held-frames | components","browser and desktop","inventoried","R12/R13: characterize against a fixture and diagnostics","src/index.html:2169",""
"dom:#btn-shy","dom","timeline-layers-frames","tl-toolbar > button#btn-shy","Hide “shy” layers (right-click a layer to mark it)","src/js/timeline.js:9113 bindShy()","click","UI","none","none (R14)","render@2 history@3 animation@3","keyed-props | held-frames | components","browser and desktop","inventoried","R12/R13: characterize against a fixture and diagnostics","src/index.html:2183",""
"dom:#btn-sp-size-lock","dom","drawing-selection","sel-props-sec > button[button]#btn-sp-size-lock","Link width/height (keep proportions)","src/js/timeline.js:10705","click","UI (contextual)","none","none (R14)","","static-props | masks-alpha | text | interaction","browser and desktop","inventoried","R12/R13: characterize against a fixture and diagnostics","src/index.html:449",""
"dom:#btn-text-animate","dom","drawing-selection","p-textanim-add-row > button#btn-text-animate","Animate text…","src/js/timeline.js:8710 updateTextActionsPanel()","click","UI (contextual)","none","none (R14)","history@2 render@2 selection@3 native@3 animation@3","static-props | masks-alpha | text | interaction","desktop (native bridge); browser degrades or is gated","inventoried","R12/R13: characterize against a fixture and diagnostics","src/index.html:1130",""
"dom:#btn-text-split-chars","dom","drawing-selection","text-split-row > button#btn-text-split-chars","Split by character","src/js/timeline.js:8705 updateTextActionsPanel()","click","UI (contextual)","none","none (R14)","persist@2 history@2 render@2 selection@3 animation@3","static-props | masks-alpha | text | interaction","browser and desktop","inventoried","R12/R13: characterize against a fixture and diagnostics","src/index.html:1122",""
"dom:#btn-toolbar-customize","dom","timeline-layers-frames","tl-toolbar > button#btn-toolbar-customize","Personnaliser les boutons visibles de la barre","src/js/timeline.js:11191 initToolbarCustomization()","click","UI","none","none (R14)","","keyed-props | held-frames | components","browser and desktop","inventoried","R12/R13: characterize against a fixture and diagnostics","src/index.html:2189",""
"dom:#btn-toolpreset-save","dom","drawing-selection","p-toolpreset-row > button#btn-toolpreset-save","Save current settings as a preset","src/js/brush-tool-presets.js:127","click","UI","none","none (R14)","animation@2","static-props | masks-alpha | text | interaction","browser and desktop","inventoried","R12/R13: characterize against a fixture and diagnostics","src/index.html:1154",""
"dom:#btn-track-apply","dom","animation-rigs-expressions","track-apply-row > button#btn-track-apply","Apply","src/js/tracker-panel.js:162 wire()","click","UI (contextual)","none","none (R14)","persist@2 history@2 animation@2 render@2 selection@3 native@3","static-props | keyed-props | expression-props | held-frames | text | migration","desktop (native bridge); browser degrades or is gated","inventoried","R12/R13: characterize against a fixture and diagnostics","src/index.html:1401",""
"dom:#btn-track-pick","dom","animation-rigs-expressions","footage-track-sec > button#btn-track-pick","Place the point on the canvas","src/js/tracker-panel.js:160 wire()","click","UI (contextual)","none","none (R14)","render@1","static-props | keyed-props | expression-props | held-frames | text | migration","browser and desktop","inventoried","R12/R13: characterize against a fixture and diagnostics","src/index.html:1393",""
"dom:#btn-track-run","dom","animation-rigs-expressions","footage-track-sec > button#btn-track-run","Analyse","src/js/tracker-panel.js:161 wire()","click","UI (contextual)","none","none (R14)","native@3","static-props | keyed-props | expression-props | held-frames | text | migration","desktop (native bridge); browser degrades or is gated","inventoried","R12/R13: characterize against a fixture and diagnostics","src/index.html:1398",""
"dom:#btn-transplant-open","dom","timeline-layers-frames","media-statusbar > button[button]#btn-transplant-open","Import layers and media from another Nemo project file, without opening it fully","src/js/transplant.js:335","click","UI","none","none (R14)","","keyed-props | held-frames | components","browser and desktop","inventoried","R12/R13: characterize against a fixture and diagnostics","src/index.html:1322",""
"dom:#btn-tw","dom","timeline-layers-frames","tween-sec > button#btn-tw","Tween (T)","src/js/timeline.js:11154","click","UI","none","none (R14)","animation@1 persist@2 history@2 render@2 selection@3 native@3","keyed-props | held-frames | components","desktop (native bridge); browser degrades or is gated","inventoried","R12/R13: characterize against a fixture and diagnostics","src/index.html:1346",""
"dom:#btn-tw-reassign","dom","timeline-layers-frames","tw-reassign-row > button#btn-tw-reassign","Reassign an inbetween…","src/js/tweens.js:5145 initReassignUI()","click","UI","none","none (R14)","persist@1 animation@3","keyed-props | held-frames | components","browser and desktop","inventoried","R12/R13: characterize against a fixture and diagnostics","src/index.html:1347",""
"dom:#btn-tween-curves","dom","animation-rigs-expressions","tl-toolbar > button#btn-tween-curves","Show/hide easing curves under layers with tweens — click a segment to edit it individually. Inside the editor: click empty space to add a point, double-click a point to remove it","src/js/timeline.js:11245","click","UI","none","none (R14)","render@2 animation@3 history@3","static-props | keyed-props | expression-props | held-frames | text | migration","browser and desktop","inventoried","R12/R13: characterize against a fixture and diagnostics","src/index.html:2172",""
"dom:#color-fill","dom","drawing-selection","fill-well > input[color]#color-fill","Fill color","src/js/timeline.js:10394","input","UI","none","none (R14)","persist@2 history@2 selection@2 render@2 animation@3","static-props | masks-alpha | text | interaction","browser and desktop","inventoried","R12/R13: characterize against a fixture and diagnostics","src/index.html:256",""
"dom:#color-stroke","dom","drawing-selection","stroke-well > input[color]#color-stroke","Stroke color","src/js/timeline.js:10402","input","UI","none","none (R14)","persist@2 history@2 selection@2 render@2 animation@3","static-props | masks-alpha | text | interaction","browser and desktop","inventoried","R12/R13: characterize against a fixture and diagnostics","src/index.html:252",""
"dom:#comment-delete","dom","drawing-selection","comment-popover > button#comment-delete","Delete this comment","src/js/timeline.js:7984 initCommentPopover()","click","UI (contextual)","none","none (R14)","persist@1 render@1 selection@2 animation@2 history@3 native@3","static-props | masks-alpha | text | interaction","desktop (native bridge); browser degrades or is gated","inventoried","R12/R13: characterize against a fixture and diagnostics","src/index.html:2105",""
"dom:#comment-fb-blocking","dom","project-lifecycle-integrations","comment-popover > input[checkbox]#comment-fb-blocking","comment fb blocking","","","UI (contextual)","none","none (R14)","","media | migration","browser and desktop","unmapped","R03 follow-up: bind a handler or record unavailable-with-reason (referenced without an event registration at src/js/timeline.js:7883 openCommentPopover())","src/index.html:2073",""
"dom:#comment-fb-email","dom","project-lifecycle-integrations","comment-popover > input[email]#comment-fb-email","comment fb email","","","UI (contextual)","none","none (R14)","","media | migration","browser and desktop","unmapped","R03 follow-up: bind a handler or record unavailable-with-reason (referenced without an event registration at src/js/timeline.js:7876 openCommentPopover())","src/index.html:2085",""
"dom:#comment-fb-name","dom","project-lifecycle-integrations","comment-popover > input[text]#comment-fb-name","comment fb name","","","UI (contextual)","none","none (R14)","","media | migration","browser and desktop","unmapped","R03 follow-up: bind a handler or record unavailable-with-reason (referenced without an event registration at src/js/timeline.js:7876 openCommentPopover())","src/index.html:2082",""
"dom:#comment-record","dom","drawing-selection","comment-popover > button[button]#comment-record","⏺ Record actions","src/js/timeline.js:7912 initCommentPopover()","click","UI (contextual)","none","none (R14)","","static-props | masks-alpha | text | interaction","browser and desktop","inventoried","R12/R13: characterize against a fixture and diagnostics","src/index.html:2064",""
"dom:#comment-resolved","dom","drawing-selection","comment-popover > input[checkbox]#comment-resolved","comment resolved","","","UI (contextual)","none","none (R14)","","static-props | masks-alpha | text | interaction","browser and desktop","unmapped","R03 follow-up: bind a handler or record unavailable-with-reason (referenced without an event registration at src/js/timeline.js:7879 openCommentPopover())","src/index.html:2104",""
"dom:#comment-save","dom","drawing-selection","comment-popover > button#comment-save","Save","src/js/timeline.js:7970 initCommentPopover()","click","UI (contextual)","none","none (R14)","persist@1 render@1 selection@2 animation@2 history@3 native@3","static-props | masks-alpha | text | interaction","desktop (native bridge); browser degrades or is gated","inventoried","R12/R13: characterize against a fixture and diagnostics","src/index.html:2108",""
"dom:#comment-save-feedback","dom","project-lifecycle-integrations","comment-popover > button#comment-save-feedback","Save as feedback","src/js/timeline.js:7945 initCommentPopover()","click","UI (contextual)","none","none (R14)","native@2 persist@3","media | migration","desktop (native bridge); browser degrades or is gated","inventoried","R12/R13: characterize against a fixture and diagnostics","src/index.html:2109",""
"dom:#comment-shot-input","dom","drawing-selection","comment-popover > input[file]#comment-shot-input","comment shot input","src/js/timeline.js:7929 initCommentPopover()","change","UI (contextual)","none","none (R14)","","static-props | masks-alpha | text | interaction","browser and desktop","inventoried","R12/R13: characterize against a fixture and diagnostics","src/index.html:2102",""
"dom:#comment-text","dom","drawing-selection","comment-popover > textarea#comment-text","comment text","","","UI (contextual)","none","none (R14)","","static-props | masks-alpha | text | interaction","browser and desktop","unmapped","R03 follow-up: bind a handler or record unavailable-with-reason (referenced without an event registration at src/js/timeline.js:7875 openCommentPopover())","src/index.html:2058",""
"dom:#comp-offset","dom","drawing-selection","comp-instance-sec > input[number]#comp-offset","Main-timeline frame at which this instance's own timeline starts","src/js/timeline.js:11443","change","UI (contextual)","none","none (R14)","render@2 selection@3 native@3 animation@3 persist@3 history@3","static-props | masks-alpha | text | interaction","desktop (native bridge); browser degrades or is gated","inventoried","R12/R13: characterize against a fixture and diagnostics","src/index.html:1423",""
"dom:#comp-playmode","dom","drawing-selection","comp-instance-sec > select#comp-playmode","comp playmode","src/js/timeline.js:11440","change","UI (contextual)","none","none (R14)","render@2 animation@3 persist@3 history@3 selection@3 native@3","static-props | masks-alpha | text | interaction","desktop (native bridge); browser degrades or is gated","inventoried","R12/R13: characterize against a fixture and diagnostics","src/index.html:1419",""
"dom:#comp-singleframe","dom","timeline-layers-frames","comp-singleframe-row > input[number]#comp-singleframe","comp singleframe","src/js/timeline.js:11441","change","UI (contextual)","none","none (R14)","render@2 selection@3 native@3 animation@3 persist@3 history@3","keyed-props | held-frames | components","desktop (native bridge); browser degrades or is gated","inventoried","R12/R13: characterize against a fixture and diagnostics","src/index.html:1420",""
"dom:#comp-speed","dom","drawing-selection","comp-instance-sec > input[number]#comp-speed","comp speed","src/js/timeline.js:11442","change","UI (contextual)","none","none (R14)","render@2 selection@3 native@3 animation@3 persist@3 history@3","static-props | masks-alpha | text | interaction","desktop (native bridge); browser degrades or is gated","inventoried","R12/R13: characterize against a fixture and diagnostics","src/index.html:1422",""
"dom:#curve-save-preset","dom","animation-rigs-expressions","easing-sec > button#curve-save-preset","+ Save preset","src/js/ui.js:618","click","UI","none","none (R14)","render@3 animation@3","static-props | keyed-props | expression-props | held-frames | text | migration","browser and desktop","inventoried","R12/R13: characterize against a fixture and diagnostics","src/index.html:1360",""
"dom:#dup-anim-direction","dom","drawing-selection","dup-anim-row > select#dup-anim-direction","dup anim direction","src/js/timeline.js:11484","change","UI (contextual)","none","none (R14)","history@1 animation@2 render@2 persist@3 selection@3 native@3","static-props | masks-alpha | text | interaction","desktop (native bridge); browser degrades or is gated","inventoried","R12/R13: characterize against a fixture and diagnostics","src/index.html:1518",""
"dom:#dup-anim-enabled","dom","drawing-selection","dup-anim-hdr-row > input[checkbox]#dup-anim-enabled","dup anim enabled","src/js/timeline.js:11482","change","UI (contextual)","none","none (R14)","history@1 animation@2 render@2 persist@3 selection@3 native@3","static-props | masks-alpha | text | interaction","desktop (native bridge); browser degrades or is gated","inventoried","R12/R13: characterize against a fixture and diagnostics","src/index.html:1514",""
"dom:#dup-anim-offset","dom","drawing-selection","dup-anim-row > input[number]#dup-anim-offset","Frames of offset between each copy","src/js/timeline.js:11483","change","UI (contextual)","none","none (R14)","history@1 animation@2 render@2 persist@3 selection@3 native@3","static-props | masks-alpha | text | interaction","desktop (native bridge); browser degrades or is gated","inventoried","R12/R13: characterize against a fixture and diagnostics","src/index.html:1517",""
"dom:#dup-cols","dom","drawing-selection","dup-grid-row > input[number]#dup-cols","dup cols","src/js/timeline.js:11469 wireNum()","change","UI (contextual)","none","none (R14)","history@1 animation@2 render@2 persist@3 selection@3 native@3","static-props | masks-alpha | text | interaction","desktop (native bridge); browser degrades or is gated","inventoried","R12/R13: characterize against a fixture and diagnostics","src/index.html:1482",""
"dom:#dup-count","dom","drawing-selection","dup-count-row > input[number]#dup-count","dup count","src/js/timeline.js:11469 wireNum()","change","UI (contextual)","none","none (R14)","history@1 animation@2 render@2 persist@3 selection@3 native@3","static-props | masks-alpha | text | interaction","desktop (native bridge); browser degrades or is gated","inventoried","R12/R13: characterize against a fixture and diagnostics","src/index.html:1488",""
"dom:#dup-mode","dom","drawing-selection","duplicator-sec > select#dup-mode","dup mode","src/js/timeline.js:11470","change","UI (contextual)","none","none (R14)","history@1 animation@2 render@2 persist@3 selection@3 native@3","static-props | masks-alpha | text | interaction","desktop (native bridge); browser degrades or is gated","inventoried","R12/R13: characterize against a fixture and diagnostics","src/index.html:1461",""
"dom:#dup-path-align","dom","drawing-selection","dup-path-align-row > input[checkbox]#dup-path-align","dup path align","src/js/timeline.js:11477","change","UI (contextual)","none","none (R14)","history@1 animation@2 render@2 persist@3 selection@3 native@3","static-props | masks-alpha | text | interaction","desktop (native bridge); browser degrades or is gated","inventoried","R12/R13: characterize against a fixture and diagnostics","src/index.html:1495",""
"dom:#dup-path-layer","dom","timeline-layers-frames","dup-path-row > select#dup-path-layer","dup path layer","src/js/timeline.js:11478","change","UI (contextual)","none","none (R14)","history@1 animation@2 render@2 persist@3 selection@3 native@3","keyed-props | held-frames | components","desktop (native bridge); browser degrades or is gated","inventoried","R12/R13: characterize against a fixture and diagnostics","src/index.html:1494",""
"dom:#dup-radial-orient","dom","drawing-selection","dup-radial-orient-row > input[checkbox]#dup-radial-orient","dup radial orient","src/js/timeline.js:11476","change","UI (contextual)","none","none (R14)","history@1 animation@2 render@2 persist@3 selection@3 native@3","static-props | masks-alpha | text | interaction","desktop (native bridge); browser degrades or is gated","inventoried","R12/R13: characterize against a fixture and diagnostics","src/index.html:1493",""
"dom:#dup-radius","dom","drawing-selection","dup-radial-row > input[number]#dup-radius","dup radius","src/js/timeline.js:11469 wireNum()","change","UI (contextual)","none","none (R14)","history@1 animation@2 render@2 persist@3 selection@3 native@3","static-props | masks-alpha | text | interaction","desktop (native bridge); browser degrades or is gated","inventoried","R12/R13: characterize against a fixture and diagnostics","src/index.html:1490",""
"dom:#dup-rand-hue","dom","drawing-selection","duplicator-sec > input[checkbox]#dup-rand-hue","dup rand hue","src/js/timeline.js:11507 wireRand()","change","UI (contextual)","none","none (R14)","history@1 animation@2 render@2 persist@3 selection@3 native@3","static-props | masks-alpha | text | interaction","desktop (native bridge); browser degrades or is gated","inventoried","R12/R13: characterize against a fixture and diagnostics","src/index.html:1503",""
"dom:#dup-rand-op","dom","drawing-selection","duplicator-sec > input[checkbox]#dup-rand-op","dup rand op","src/js/timeline.js:11507 wireRand()","change","UI (contextual)","none","none (R14)","history@1 animation@2 render@2 persist@3 selection@3 native@3","static-props | masks-alpha | text | interaction","desktop (native bridge); browser degrades or is gated","inventoried","R12/R13: characterize against a fixture and diagnostics","src/index.html:1502",""
"dom:#dup-rand-pos","dom","drawing-selection","duplicator-sec > input[checkbox]#dup-rand-pos","dup rand pos","src/js/timeline.js:11507 wireRand()","change","UI (contextual)","none","none (R14)","history@1 animation@2 render@2 persist@3 selection@3 native@3","static-props | masks-alpha | text | interaction","desktop (native bridge); browser degrades or is gated","inventoried","R12/R13: characterize against a fixture and diagnostics","src/index.html:1499",""
"dom:#dup-rand-rot","dom","drawing-selection","duplicator-sec > input[checkbox]#dup-rand-rot","dup rand rot","src/js/timeline.js:11507 wireRand()","change","UI (contextual)","none","none (R14)","history@1 animation@2 render@2 persist@3 selection@3 native@3","static-props | masks-alpha | text | interaction","desktop (native bridge); browser degrades or is gated","inventoried","R12/R13: characterize against a fixture and diagnostics","src/index.html:1500",""
"dom:#dup-rand-scale","dom","drawing-selection","duplicator-sec > input[checkbox]#dup-rand-scale","dup rand scale","src/js/timeline.js:11507 wireRand()","change","UI (contextual)","none","none (R14)","history@1 animation@2 render@2 persist@3 selection@3 native@3","static-props | masks-alpha | text | interaction","desktop (native bridge); browser degrades or is gated","inventoried","R12/R13: characterize against a fixture and diagnostics","src/index.html:1501",""
"dom:#dup-rows","dom","drawing-selection","dup-grid-row > input[number]#dup-rows","dup rows","src/js/timeline.js:11469 wireNum()","change","UI (contextual)","none","none (R14)","history@1 animation@2 render@2 persist@3 selection@3 native@3","static-props | masks-alpha | text | interaction","desktop (native bridge); browser degrades or is gated","inventoried","R12/R13: characterize against a fixture and diagnostics","src/index.html:1481",""
"dom:#dup-seed","dom","drawing-selection","duplicator-sec > input[number]#dup-seed","dup seed","src/js/timeline.js:11469 wireNum()","change","UI (contextual)","none","none (R14)","history@1 animation@2 render@2 persist@3 selection@3 native@3","static-props | masks-alpha | text | interaction","desktop (native bridge); browser degrades or is gated","inventoried","R12/R13: characterize against a fixture and diagnostics","src/index.html:1496",""
"dom:#dup-source-add","dom","drawing-selection","dup-source-sec > select#dup-source-add","dup source add","src/js/timeline.js:7313 renderDuplicatorSourcePool()","change","UI (contextual)","none","none (R14)","history@1 render@2 persist@3 selection@3 native@3","static-props | masks-alpha | text | interaction","desktop (native bridge); browser degrades or is gated","inventoried","R12/R13: characterize against a fixture and diagnostics","src/index.html:1476",""
"dom:#dup-spacingx","dom","drawing-selection","dup-grid-spacing-row > input[number]#dup-spacingx","Spacing between copies (px)","src/js/timeline.js:11469 wireNum()","change","UI (contextual)","none","none (R14)","history@1 animation@2 render@2 persist@3 selection@3 native@3","static-props | masks-alpha | text | interaction","desktop (native bridge); browser degrades or is gated","inventoried","R12/R13: characterize against a fixture and diagnostics","src/index.html:1485",""
"dom:#dup-spacingy","dom","drawing-selection","dup-grid-spacing-row > input[number]#dup-spacingy","dup spacingy","src/js/timeline.js:11469 wireNum()","change","UI (contextual)","none","none (R14)","history@1 animation@2 render@2 persist@3 selection@3 native@3","static-props | masks-alpha | text | interaction","desktop (native bridge); browser degrades or is gated","inventoried","R12/R13: characterize against a fixture and diagnostics","src/index.html:1486",""
"dom:#dup-startangle","dom","project-lifecycle-integrations","dup-radial-row > input[number]#dup-startangle","Start angle (degrees)","src/js/timeline.js:11469 wireNum()","change","UI (contextual)","none","none (R14)","history@1 animation@2 render@2 persist@3 selection@3 native@3","media | migration","desktop (native bridge); browser degrades or is gated","inventoried","R12/R13: characterize against a fixture and diagnostics","src/index.html:1491",""
"dom:#exp-alpha","dom","drawing-selection","exp-alpha-row > input[checkbox]#exp-alpha","alpha","src/js/timeline.js:11759","click","UI (modal)","none","none (R14)","","static-props | masks-alpha | text | interaction","browser and desktop","inventoried","R12/R13: characterize against a fixture and diagnostics","src/index.html:1674",""
"dom:#exp-format","dom","media-import-export","export-modal > select#exp-format","format","src/js/timeline.js:11729","change","UI (modal)","none","none (R14)","","mesh | media | export","browser and desktop","inventoried","R12/R13: characterize against a fixture and diagnostics","src/index.html:1637",""
"dom:#exp-h","dom","drawing-selection","exp-size-row > input[number]#exp-h","h","src/js/timeline.js:11737","input","UI (modal)","none","none (R14)","","static-props | masks-alpha | text | interaction","browser and desktop","inventoried","R12/R13: characterize against a fixture and diagnostics","src/index.html:1671",""
"dom:#exp-include-shadow","dom","drawing-selection","exp-include-shadow-row > input[checkbox]#exp-include-shadow","include shadow","src/js/timeline.js:11759","click","UI (modal)","none","none (R14)","","static-props | masks-alpha | text | interaction","browser and desktop","inventoried","R12/R13: characterize against a fixture and diagnostics","src/index.html:1675",""
"dom:#exp-range","dom","media-import-export","export-modal > select#exp-range","range","src/js/timeline.js:11759","click","UI (modal)","none","none (R14)","","mesh | media | export","browser and desktop","inventoried","R12/R13: characterize against a fixture and diagnostics","src/index.html:1652",""
"dom:#exp-run","dom","media-import-export","export-modal > button#exp-run","Export","src/js/timeline.js:11761","click","UI (modal)","none","none (R14)","persist@1 export@1 animation@3","mesh | media | export","browser and desktop","inventoried","R12/R13: characterize against a fixture and diagnostics","src/index.html:1678",""
"dom:#exp-scale","dom","drawing-selection","exp-scale-row > select#exp-scale","Vector content — scaling stays crisp at any factor","src/js/timeline.js:11730","change","UI (modal)","none","none (R14)","","static-props | masks-alpha | text | interaction","browser and desktop","inventoried","R12/R13: characterize against a fixture and diagnostics","src/index.html:1658",""
"dom:#exp-w","dom","drawing-selection","exp-size-row > input[number]#exp-w","w","src/js/timeline.js:11736","input","UI (modal)","none","none (R14)","","static-props | masks-alpha | text | interaction","browser and desktop","inventoried","R12/R13: characterize against a fixture and diagnostics","src/index.html:1669",""
"dom:#export-close","dom","media-import-export","export-modal > button#export-close","&times;","src/js/timeline.js:11758","click","UI (modal)","none","none (R14)","","mesh | media | export","browser and desktop","inventoried","R12/R13: characterize against a fixture and diagnostics","src/index.html:1634",""
"dom:#fb-dash-refresh","dom","project-lifecycle-integrations","fb-dash-filters > button#fb-dash-refresh","↻ Refresh","src/js/timeline.js:9606 initGithubFeedbackUI()","click","UI (modal)","none","none (R14)","","media | migration","browser and desktop","inventoried","R12/R13: characterize against a fixture and diagnostics","src/index.html:1950",""
"dom:#fb-dashboard-close","dom","project-lifecycle-integrations","fb-dashboard-modal > button#fb-dashboard-close","&times;","src/js/timeline.js:9605 initGithubFeedbackUI()","click","UI (modal)","none","none (R14)","","media | migration","browser and desktop","inventoried","R12/R13: characterize against a fixture and diagnostics","src/index.html:1943",""
"dom:#fb-dashboard-open","dom","preferences-workspace","settings-modal > button#fb-dashboard-open","📋 Open feedback board","src/js/timeline.js:9604 initGithubFeedbackUI()","click","UI (modal)","none","none (R14)","","","browser and desktop","inventoried","R12/R13: characterize against a fixture and diagnostics","src/index.html:1859",""
"dom:#fb-pull","dom","preferences-workspace","settings-modal > button#fb-pull","Pull the team's feedback","src/js/timeline.js:9336 initFeedbackUI()","click","UI (modal)","none","none (R14)","native@3","","desktop (native bridge); browser degrades or is gated","inventoried","R12/R13: characterize against a fixture and diagnostics","src/index.html:1849",""
"dom:#figma-import-btn","dom","media-import-export","settings-modal > button#figma-import-btn","Import frames","src/js/figma-import.js:568 init()","click","UI (modal)","none","none (R14)","persist@3 render@3","mesh | media | export","browser and desktop","inventoried","R12/R13: characterize against a fixture and diagnostics","src/index.html:1873",""
"dom:#figma-token","dom","preferences-workspace","settings-modal > input[password]#figma-token","figma token","src/js/timeline.js:9033 initSettingsModal()","click","UI (modal)","none","none (R14)","","","browser and desktop","inventoried","R12/R13: characterize against a fixture and diagnostics","src/index.html:1866",""
"dom:#figma-token-save","dom","media-import-export","settings-modal > button#figma-token-save","Save","src/js/figma-import.js:564 init()","click","UI (modal)","none","none (R14)","","mesh | media | export","browser and desktop","inventoried","R12/R13: characterize against a fixture and diagnostics","src/index.html:1867",""
"dom:#figma-url","dom","preferences-workspace","settings-modal > input[text]#figma-url","figma url","src/js/timeline.js:9033 initSettingsModal()","click","UI (modal)","none","none (R14)","","","browser and desktop","inventoried","R12/R13: characterize against a fixture and diagnostics","src/index.html:1870",""
"dom:#file-input","dom","project-lifecycle-integrations","legacy-project-actions > input[file]#file-input","file input","src/js/project.js:736 initStartScreen()","change","UI (contextual)","none","none (R14)","persist@1 animation@2 render@2 native@2 selection@3","media | migration","desktop (native bridge); browser degrades or is gated","inventoried","R12/R13: characterize against a fixture and diagnostics","src/index.html:1620",""
"dom:#fill-enable-toggle","dom","drawing-selection","fill-sec > div#fill-enable-toggle","Enable/disable fill","src/js/timeline.js:10447","click","UI","none","none (R14)","persist@2 history@2 selection@2 render@2 animation@3","static-props | masks-alpha | text | interaction","browser and desktop","inventoried","R12/R13: characterize against a fixture and diagnostics","src/index.html:896",""
"dom:#fill-enable-toggle-lp","dom","drawing-selection","tools-panel > div#fill-enable-toggle-lp","Enable/disable fill","src/js/timeline.js:10400","click","UI","none","none (R14)","persist@2 history@2 selection@2 render@2 animation@3","static-props | masks-alpha | text | interaction","browser and desktop","inventoried","R12/R13: characterize against a fixture and diagnostics","src/index.html:257",""
"dom:#footage-count","dom","unclassified","footage-count-row > div#footage-count","0","","","UI (contextual)","none","none (R14)","","","browser and desktop","unmapped","R03 follow-up: bind a handler or record unavailable-with-reason (referenced without an event registration at src/js/timeline.js:7085 updateFootagePanel())","src/index.html:1382",""
"dom:#footage-h","dom","unclassified","footage-sec > input[number]#footage-h","footage h","","","UI (contextual)","none","none (R14)","","","browser and desktop","unmapped","R03 follow-up: bind a handler or record unavailable-with-reason (referenced without an event registration at src/js/timeline.js:7050 updateFootagePanel())","src/index.html:1380",""
"dom:#footage-interp-mode","dom","drawing-selection","footage-blend-row > select#footage-interp-mode","footage interp mode","src/js/timeline.js:7065 updateFootagePanel()","change","UI (contextual)","none","none (R14)","persist@1 history@1 render@1 native@1 selection@2 animation@3","static-props | masks-alpha | text | interaction","desktop (native bridge); browser degrades or is gated","inventoried","R12/R13: characterize against a fixture and diagnostics","src/index.html:1407",""
"dom:#footage-kind","dom","unclassified","footage-sec > div#footage-kind","—","","","UI (contextual)","none","none (R14)","","","browser and desktop","unmapped","R03 follow-up: bind a handler or record unavailable-with-reason (referenced without an event registration at src/js/timeline.js:7037 updateFootagePanel())","src/index.html:1376",""
"dom:#footage-name","dom","unclassified","footage-sec > div#footage-name","—","","","UI (contextual)","none","none (R14)","","","browser and desktop","unmapped","R03 follow-up: bind a handler or record unavailable-with-reason (referenced without an event registration at src/js/timeline.js:7041 updateFootagePanel())","src/index.html:1377",""
"dom:#footage-w","dom","unclassified","footage-sec > input[number]#footage-w","footage w","","","UI (contextual)","none","none (R14)","","","browser and desktop","unmapped","R03 follow-up: bind a handler or record unavailable-with-reason (referenced without an event registration at src/js/timeline.js:7049 updateFootagePanel())","src/index.html:1379",""
"dom:#gh-token","dom","preferences-workspace","settings-modal > input[password]#gh-token","gh token","src/js/timeline.js:9033 initSettingsModal()","click","UI (modal)","none","none (R14)","","","browser and desktop","inventoried","R12/R13: characterize against a fixture and diagnostics","src/index.html:1855",""
"dom:#gh-token-save","dom","preferences-workspace","settings-modal > button#gh-token-save","Save","src/js/timeline.js:9600 initGithubFeedbackUI()","click","UI (modal)","none","none (R14)","","","browser and desktop","inventoried","R12/R13: characterize against a fixture and diagnostics","src/index.html:1856",""
"dom:#history-btn","dom","timeline-layers-frames","app-topbar > button#history-btn","History — undo/redo in one click","src/js/history-panel.js:133 initHistoryPanel()","click","UI","none","none (R14)","history@3","keyed-props | held-frames | components","browser and desktop","inventoried","R12/R13: characterize against a fixture and diagnostics","src/index.html:158",""
"dom:#history-close","dom","project-lifecycle-integrations","history-modal > button#history-close","&times;","src/js/project.js:732 initStartScreen()","click","UI (modal)","none","none (R14)","","media | migration","browser and desktop","inventoried","R12/R13: characterize against a fixture and diagnostics","src/index.html:1735",""
"dom:#image-input","dom","media-import-export","legacy-project-actions > input[file]#image-input","image input","src/js/images.js:344","change","UI (contextual)","none","none (R14)","persist@2 history@2 render@2 selection@3 native@3 animation@3","mesh | media | export","desktop (native bridge); browser degrades or is gated","inventoried","R12/R13: characterize against a fixture and diagnostics","src/index.html:1623",""
"dom:#kitsu-back-btn","dom","project-lifecycle-integrations","kitsu-step-browse > button#kitsu-back-btn","&larr; Back","src/js/kitsu.js:447 initKitsuUI()","click","UI (modal)","none","none (R14)","","media | migration","browser and desktop","inventoried","R12/R13: characterize against a fixture and diagnostics","src/index.html:1976",""
"dom:#kitsu-close","dom","project-lifecycle-integrations","kitsu-modal > button#kitsu-close","&times;","src/js/kitsu.js:428 initKitsuUI()","click","UI (modal)","none","none (R14)","","media | migration","browser and desktop","inventoried","R12/R13: characterize against a fixture and diagnostics","src/index.html:1962",""
"dom:#kitsu-email","dom","project-lifecycle-integrations","kitsu-step-login > input[email]#kitsu-email","kitsu email","src/js/kitsu.js:430 initKitsuUI()","click","UI (modal)","none","none (R14)","","media | migration","browser and desktop","inventoried","R12/R13: characterize against a fixture and diagnostics","src/index.html:1967",""
"dom:#kitsu-login-btn","dom","project-lifecycle-integrations","kitsu-step-login > button#kitsu-login-btn","Log in","src/js/kitsu.js:433 initKitsuUI()","click","UI (modal)","none","none (R14)","native@2","media | migration","desktop (native bridge); browser degrades or is gated","inventoried","R12/R13: characterize against a fixture and diagnostics","src/index.html:1970",""
"dom:#kitsu-logout-btn","dom","project-lifecycle-integrations","kitsu-step-browse > button#kitsu-logout-btn","Log out","src/js/kitsu.js:449 initKitsuUI()","click","UI (modal)","none","none (R14)","","media | migration","browser and desktop","inventoried","R12/R13: characterize against a fixture and diagnostics","src/index.html:1977",""
"dom:#kitsu-password","dom","project-lifecycle-integrations","kitsu-step-login > input[password]#kitsu-password","kitsu password","src/js/kitsu.js:430 initKitsuUI()","click","UI (modal)","none","none (R14)","","media | migration","browser and desktop","inventoried","R12/R13: characterize against a fixture and diagnostics","src/index.html:1968",""
"dom:#kitsu-url","dom","project-lifecycle-integrations","kitsu-step-login > input[text]#kitsu-url","kitsu url","src/js/kitsu.js:430 initKitsuUI()","click","UI (modal)","none","none (R14)","","media | migration","browser and desktop","inventoried","R12/R13: characterize against a fixture and diagnostics","src/index.html:1966",""
"dom:#linked-media-banner-btn","dom","media-import-export","linked-media-banner > button[button]#linked-media-banner-btn","Allow access","src/js/linked-media.js:711 initSettingUI()","click","UI","none","none (R14)","native@1 render@2 animation@2 selection@3","mesh | media | export","desktop (native bridge); browser degrades or is gated","inventoried","R12/R13: characterize against a fixture and diagnostics","src/index.html:290",""
"dom:#linked-media-banner-dismiss","dom","media-import-export","linked-media-banner > button[button]#linked-media-banner-dismiss","Fermer","src/js/linked-media.js:709 initSettingUI()","click","UI","none","none (R14)","","mesh | media | export","browser and desktop","inventoried","R12/R13: characterize against a fixture and diagnostics","src/index.html:291",""
"dom:#lip-end","dom","drawing-selection","comp-instance-sec > input[number]#lip-end","lip end","src/js/timeline.js:11349 initLipSync()","input","UI (contextual)","none","none (R14)","history@2 render@3","static-props | masks-alpha | text | interaction","browser and desktop","inventoried","R12/R13: characterize against a fixture and diagnostics","src/index.html:1440",""
"dom:#lip-hold","dom","drawing-selection","comp-instance-sec > input[number]#lip-hold","lip hold","src/js/timeline.js:11349 initLipSync()","input","UI (contextual)","none","none (R14)","history@2 render@3","static-props | masks-alpha | text | interaction","browser and desktop","inventoried","R12/R13: characterize against a fixture and diagnostics","src/index.html:1444",""
"dom:#lip-sens","dom","drawing-selection","comp-instance-sec > input[number]#lip-sens","lip sens","src/js/timeline.js:11349 initLipSync()","input","UI (contextual)","none","none (R14)","history@2 render@3","static-props | masks-alpha | text | interaction","browser and desktop","inventoried","R12/R13: characterize against a fixture and diagnostics","src/index.html:1443",""
"dom:#lip-start","dom","project-lifecycle-integrations","comp-instance-sec > input[number]#lip-start","lip start","src/js/timeline.js:11349 initLipSync()","input","UI (contextual)","none","none (R14)","history@2 render@3","media | migration","browser and desktop","inventoried","R12/R13: characterize against a fixture and diagnostics","src/index.html:1439",""
"dom:#lip-track","dom","animation-rigs-expressions","comp-instance-sec > select#lip-track","lip track","src/js/timeline.js:11359 initLipSync()","change","UI (contextual)","none","none (R14)","","static-props | keyed-props | expression-props | held-frames | text | migration","browser and desktop","inventoried","R12/R13: characterize against a fixture and diagnostics","src/index.html:1437",""
"dom:#lottie-preview-close","dom","media-import-export","lottie-preview-modal > button#lottie-preview-close","&times;","src/js/lottie-preview.js:109 initControls()","click","UI (modal)","none","none (R14)","","mesh | media | export","browser and desktop","inventoried","R12/R13: characterize against a fixture and diagnostics","src/index.html:1718",""
"dom:#lottie-preview-play","dom","media-import-export","lottie-preview-modal > button#lottie-preview-play","&#9654;","src/js/lottie-preview.js:112 initControls()","click","UI (modal)","none","none (R14)","animation@1 persist@2 selection@2 render@2 native@3","mesh | media | export","desktop (native bridge); browser degrades or is gated","inventoried","R12/R13: characterize against a fixture and diagnostics","src/index.html:1724",""
"dom:#lottie-preview-scrub","dom","media-import-export","lottie-preview-modal > input[range]#lottie-preview-scrub","lottie preview scrub","src/js/lottie-preview.js:111 initControls()","input","UI (modal)","none","none (R14)","animation@1 persist@2 selection@2 render@2 native@3","mesh | media | export","desktop (native bridge); browser degrades or is gated","inventoried","R12/R13: characterize against a fixture and diagnostics","src/index.html:1725",""
"dom:#mac-update-btn","dom","project-lifecycle-integrations","button#mac-update-btn","mac update btn","src/js/updater-bridge.js:166 initMacUpdateButton()","click","UI","none","none (R14)","native@1","media | migration","desktop (native bridge); browser degrades or is gated","inventoried","R12/R13: characterize against a fixture and diagnostics","src/index.html:121",""
"dom:#media-search","dom","media-import-export","assets-view-media > input[text]#media-search","media search","src/js/media-library.js:856 initSearchAndViewToggle() | src/js/media-library.js:861 initSearchAndViewToggle()","input | keydown","UI","none","none (R14)","","mesh | media | export","browser and desktop","inventoried","R12/R13: characterize against a fixture and diagnostics","src/index.html:1273",""
"dom:#media-settings-btn","dom","media-import-export","assets-view-media > button[button]#media-settings-btn","Media settings","src/js/media-library.js:842 initSettingsPopover()","click","UI","none","none (R14)","","mesh | media | export","browser and desktop","inventoried","R12/R13: characterize against a fixture and diagnostics","src/index.html:1278",""
"dom:#np-cancel","dom","project-lifecycle-integrations","start-newpanel > button#np-cancel","Cancel","src/js/project.js:704 initStartScreen()","click","UI (contextual)","none","none (R14)","","media | migration","browser and desktop","inventoried","R12/R13: characterize against a fixture and diagnostics","src/index.html:83",""
"dom:#np-create","dom","project-lifecycle-integrations","start-newpanel > button#np-create","Create","src/js/project.js:708 initStartScreen()","click","UI (contextual)","none","none (R14)","persist@2 animation@2 render@2 selection@3 native@3","media | migration","desktop (native bridge); browser degrades or is gated","inventoried","R12/R13: characterize against a fixture and diagnostics","src/index.html:83",""
"dom:#np-fps","dom","project-lifecycle-integrations","start-newpanel > select#np-fps","np fps","","","UI (contextual)","none","none (R14)","","media | migration","browser and desktop","unmapped","R03 follow-up: bind a handler or record unavailable-with-reason (referenced without an event registration at src/js/project.js:713 initStartScreen())","src/index.html:80",""
"dom:#np-h","dom","drawing-selection","np-custom-row > input[number]#np-h","np h","","","UI (contextual)","none","none (R14)","","static-props | masks-alpha | text | interaction","browser and desktop","unmapped","R03 follow-up: bind a handler or record unavailable-with-reason (referenced without an event registration at src/js/project.js:711 initStartScreen())","src/index.html:79",""
"dom:#np-name","dom","project-lifecycle-integrations","start-newpanel > input[text]#np-name","np name","","","UI (contextual)","none","none (R14)","","media | migration","browser and desktop","unmapped","R03 follow-up: bind a handler or record unavailable-with-reason (referenced without an event registration at src/js/project.js:714 initStartScreen())","src/index.html:71",""
"dom:#np-preset","dom","project-lifecycle-integrations","start-newpanel > select#np-preset","np preset","src/js/project.js:705 initStartScreen()","change","UI (contextual)","none","none (R14)","","media | migration","browser and desktop","inventoried","R12/R13: characterize against a fixture and diagnostics","src/index.html:72",""
"dom:#np-w","dom","drawing-selection","np-custom-row > input[number]#np-w","np w","","","UI (contextual)","none","none (R14)","","static-props | masks-alpha | text | interaction","browser and desktop","unmapped","R03 follow-up: bind a handler or record unavailable-with-reason (referenced without an event registration at src/js/project.js:711 initStartScreen())","src/index.html:79",""
"dom:#om-span-1","dom","timeline-layers-frames","onion-pop > button[button]#om-span-1","±1","src/js/timeline.js:11292","click","UI (contextual)","none","none (R14)","","keyed-props | held-frames | components","browser and desktop","inventoried","R12/R13: characterize against a fixture and diagnostics","src/index.html:2029",""
"dom:#om-span-2","dom","timeline-layers-frames","onion-pop > button[button]#om-span-2","±2","src/js/timeline.js:11293","click","UI (contextual)","none","none (R14)","","keyed-props | held-frames | components","browser and desktop","inventoried","R12/R13: characterize against a fixture and diagnostics","src/index.html:2030",""
"dom:#om-span-5","dom","timeline-layers-frames","onion-pop > button[button]#om-span-5","±5","src/js/timeline.js:11294","click","UI (contextual)","none","none (R14)","","keyed-props | held-frames | components","browser and desktop","inventoried","R12/R13: characterize against a fixture and diagnostics","src/index.html:2031",""
"dom:#om-span-all","dom","timeline-layers-frames","onion-pop > button[button]#om-span-all","All","src/js/timeline.js:11295","click","UI (contextual)","none","none (R14)","","keyed-props | held-frames | components","browser and desktop","inventoried","R12/R13: characterize against a fixture and diagnostics","src/index.html:2032",""
"dom:#p-add-effect-btn","dom","effects-masks","effects-stack-sec > button#p-add-effect-btn","+ Add Effect…","src/js/effects-panel.js:877 init()","click","UI (contextual)","none","none (R14)","persist@3 history@3 render@3 animation@3","masks-alpha | mesh","browser and desktop","inventoried","R12/R13: characterize against a fixture and diagnostics","src/index.html:653",""
"dom:#p-arc-inner","dom","drawing-selection","ellipse-arc-inner-row > input[number]#p-arc-inner","arc inner","src/js/timeline.js:2893","input","UI (contextual)","none","none (R14)","persist@2 history@2 selection@2 render@2","static-props | masks-alpha | text | interaction","browser and desktop","inventoried","R12/R13: characterize against a fixture and diagnostics","src/index.html:526",""
"dom:#p-arc-start","dom","project-lifecycle-integrations","ellipse-arc-start-row > input[number]#p-arc-start","arc start","src/js/timeline.js:2891","input","UI (contextual)","none","none (R14)","persist@2 history@2 selection@2 render@2","media | migration","browser and desktop","inventoried","R12/R13: characterize against a fixture and diagnostics","src/index.html:524",""
"dom:#p-arc-sweep","dom","drawing-selection","ellipse-arc-sweep-row > input[number]#p-arc-sweep","arc sweep","src/js/timeline.js:2892","input","UI (contextual)","none","none (R14)","persist@2 history@2 selection@2 render@2","static-props | masks-alpha | text | interaction","browser and desktop","inventoried","R12/R13: characterize against a fixture and diagnostics","src/index.html:525",""
"dom:#p-blendmode","dom","timeline-layers-frames","layer-sec > div#p-blendmode","Normal","src/js/timeline.js:10966 initBlendDropdown()","click","UI (contextual)","none","none (R14)","","keyed-props | held-frames | components","browser and desktop","inventoried","R12/R13: characterize against a fixture and diagnostics","src/index.html:680",""
"dom:#p-brushpreset","dom","drawing-selection","p-brushpreset-row > select#p-brushpreset","brushpreset","src/js/timeline.js:10785","change","UI","none","none (R14)","persist@2 history@2 selection@2 render@2 animation@3","static-props | masks-alpha | text | interaction","browser and desktop","inventoried","R12/R13: characterize against a fixture and diagnostics","src/index.html:976",""
"dom:#p-brushpreset-btn","dom","drawing-selection","p-brushpreset-row > button[button]#p-brushpreset-btn","brushpreset btn","src/js/brush-preset-picker.js:332 init()","click","UI","none","none (R14)","","static-props | masks-alpha | text | interaction","browser and desktop","inventoried","R12/R13: characterize against a fixture and diagnostics","src/index.html:975",""
"dom:#p-cap-grp","dom","drawing-selection","stroke-sec > div#p-cap-grp","cap grp","src/js/timeline.js:10569 wireIconGroup()","click","UI","none","none (R14)","","static-props | masks-alpha | text | interaction","browser and desktop","inventoried","R12/R13: characterize against a fixture and diagnostics","src/index.html:957",""
"dom:#p-cbg","dom","drawing-selection","canvas-sec > input[color]#p-cbg","cbg","src/js/timeline.js:10831","input","UI","none","none (R14)","","static-props | masks-alpha | text | interaction","browser and desktop","inventoried","R12/R13: characterize against a fixture and diagnostics","src/index.html:818",""
"dom:#p-ch","dom","drawing-selection","canvas-sec > input[number]#p-ch","ch","src/js/timeline.js:10527 | src/js/timeline.js:10830","input | change","UI","none","none (R14)","","static-props | masks-alpha | text | interaction","browser and desktop","inventoried","R12/R13: characterize against a fixture and diagnostics","src/index.html:767",""
"dom:#p-corner-bl","dom","drawing-selection","corner-bl-row > input[number]#p-corner-bl","corner bl","src/js/timeline.js:2847","input","UI (contextual)","none","none (R14)","persist@2 history@2 selection@2 render@2","static-props | masks-alpha | text | interaction","browser and desktop","inventoried","R12/R13: characterize against a fixture and diagnostics","src/index.html:517",""
"dom:#p-corner-br","dom","drawing-selection","corner-br-row > input[number]#p-corner-br","corner br","src/js/timeline.js:2847","input","UI (contextual)","none","none (R14)","persist@2 history@2 selection@2 render@2","static-props | masks-alpha | text | interaction","browser and desktop","inventoried","R12/R13: characterize against a fixture and diagnostics","src/index.html:516",""
"dom:#p-corner-tl","dom","drawing-selection","corners-sec > input[number]#p-corner-tl","corner tl","src/js/timeline.js:2847","input","UI (contextual)","none","none (R14)","persist@2 history@2 selection@2 render@2","static-props | masks-alpha | text | interaction","browser and desktop","inventoried","R12/R13: characterize against a fixture and diagnostics","src/index.html:514",""
"dom:#p-corner-tr","dom","drawing-selection","corner-tr-row > input[number]#p-corner-tr","corner tr","src/js/timeline.js:2847","input","UI (contextual)","none","none (R14)","persist@2 history@2 selection@2 render@2","static-props | masks-alpha | text | interaction","browser and desktop","inventoried","R12/R13: characterize against a fixture and diagnostics","src/index.html:515",""
"dom:#p-corners-link","dom","drawing-selection","corners-sec > input[checkbox]#p-corners-link","corners link","src/js/timeline.js:2833","change","UI (contextual)","none","none (R14)","","static-props | masks-alpha | text | interaction","browser and desktop","inventoried","R12/R13: characterize against a fixture and diagnostics","src/index.html:513",""
"dom:#p-current-outline","dom","timeline-layers-frames","onion-pop > input[checkbox]#p-current-outline","current outline","src/js/timeline.js:11267","change","UI (contextual)","none","none (R14)","render@1 animation@3 native@3 selection@3","keyed-props | held-frames | components","desktop (native bridge); browser degrades or is gated","inventoried","R12/R13: characterize against a fixture and diagnostics","src/index.html:2019",""
"dom:#p-cw","dom","drawing-selection","canvas-sec > input[number]#p-cw","cw","src/js/timeline.js:10519 | src/js/timeline.js:10829","input | change","UI","none","none (R14)","","static-props | masks-alpha | text | interaction","browser and desktop","inventoried","R12/R13: characterize against a fixture and diagnostics","src/index.html:766",""
"dom:#p-dashoffset","dom","drawing-selection","stroke-sec > input[number]#p-dashoffset","Shifts the dash pattern along the stroke — only visible when Style is Dashed or Dotted","src/js/timeline.js:10554","change","UI","none","none (R14)","persist@2 history@2 selection@2","static-props | masks-alpha | text | interaction","browser and desktop","inventoried","R12/R13: characterize against a fixture and diagnostics","src/index.html:972",""
"dom:#p-drawmode","dom","drawing-selection","p-drawmode-row > select#p-drawmode","Front = new strokes on top, Behind = new strokes under existing artwork","src/js/timeline.js:10819","change","UI","none","none (R14)","","static-props | masks-alpha | text | interaction","browser and desktop","inventoried","R12/R13: characterize against a fixture and diagnostics","src/index.html:1169",""
"dom:#p-erasersize","dom","drawing-selection","tool-opts-sec > input[number]#p-erasersize","erasersize","src/js/timeline.js:10783","input","UI","none","none (R14)","","static-props | masks-alpha | text | interaction","browser and desktop","inventoried","R12/R13: characterize against a fixture and diagnostics","src/index.html:1193",""
"dom:#p-fill-grad-btn","dom","drawing-selection","fill-sec > button#p-fill-grad-btn","Dégradé de fill — sélectionne une seule forme avec l'outil Sélection","src/js/timeline.js:8954 initFillGradientButton()","click","UI","none","none (R14)","","static-props | masks-alpha | text | interaction","browser and desktop","inventoried","R12/R13: characterize against a fixture and diagnostics","src/index.html:895",""
"dom:#p-fill-hex","dom","drawing-selection","fill-sec > input[text]#p-fill-hex","Hex code — type to change","src/js/timeline.js:10474 | src/js/timeline.js:10499","change | keydown","UI","none","none (R14)","persist@2 history@2 selection@2 render@2 animation@3","static-props | masks-alpha | text | interaction","browser and desktop","inventoried","R12/R13: characterize against a fixture and diagnostics","src/index.html:885",""
"dom:#p-fill-on","dom","drawing-selection","fill-sec > input[checkbox]#p-fill-on","fill on","src/js/timeline.js:10396","change","UI","none","none (R14)","persist@2 history@2 selection@2 render@2 animation@3","static-props | masks-alpha | text | interaction","browser and desktop","inventoried","R12/R13: characterize against a fixture and diagnostics","src/index.html:884",""
"dom:#p-fillbrushmode-grp","dom","drawing-selection","p-fillbrushmode-row > div#p-fillbrushmode-grp","fillbrushmode grp","src/js/timeline.js:10569 wireIconGroup()","click","UI (contextual)","none","none (R14)","","static-props | masks-alpha | text | interaction","browser and desktop","inventoried","R12/R13: characterize against a fixture and diagnostics","src/index.html:1170",""
"dom:#p-fillbrushsize","dom","drawing-selection","p-fillbrushsize-row > input[number]#p-fillbrushsize","fillbrushsize","src/js/timeline.js:10784","input","UI (contextual)","none","none (R14)","","static-props | masks-alpha | text | interaction","browser and desktop","inventoried","R12/R13: characterize against a fixture and diagnostics","src/index.html:1178",""
"dom:#p-fillgapclose","dom","drawing-selection","p-fillgapclose-row > select#p-fillgapclose","fillgapclose","src/js/fill-bridge.js:245 init()","change","UI (contextual)","none","none (R14)","render@1 selection@2 animation@2 history@3 persist@3 native@3","static-props | masks-alpha | text | interaction","desktop (native bridge); browser degrades or is gated","inventoried","R12/R13: characterize against a fixture and diagnostics","src/index.html:1175",""
"dom:#p-fillgapsize","dom","drawing-selection","p-fillgapsize-row > input[number]#p-fillgapsize","fillgapsize","src/js/fill-bridge.js:251 init()","change","UI (contextual)","none","none (R14)","render@1 animation@3 native@3 selection@3","static-props | masks-alpha | text | interaction","desktop (native bridge); browser degrades or is gated","inventoried","R12/R13: characterize against a fixture and diagnostics","src/index.html:1176",""
"dom:#p-grad-kind","dom","drawing-selection","p-grad-kind-row > select#p-grad-kind","grad kind","src/js/gradient-bridge.js:302 init()","change","UI (contextual)","none","none (R14)","persist@1 history@1 render@1 selection@2 animation@3 native@3","static-props | masks-alpha | text | interaction","desktop (native bridge); browser degrades or is gated","inventoried","R12/R13: characterize against a fixture and diagnostics","src/index.html:904",""
"dom:#p-grad-on","dom","drawing-selection","p-fill-gradient-editor > input[checkbox]#p-grad-on","grad on","src/js/gradient-bridge.js:300 init()","change","UI (contextual)","none","none (R14)","persist@2 history@2 render@2 selection@3 animation@3","static-props | masks-alpha | text | interaction","browser and desktop","inventoried","R12/R13: characterize against a fixture and diagnostics","src/index.html:903",""
"dom:#p-harmonize-tween","dom","drawing-selection","tween-sec > input[checkbox]#p-harmonize-tween","harmonize tween","src/js/timeline.js:11153","change","UI","none","none (R14)","","static-props | masks-alpha | text | interaction","browser and desktop","inventoried","R12/R13: characterize against a fixture and diagnostics","src/index.html:1344",""
"dom:#p-imagemesh-cols","dom","animation-rigs-expressions","p-imagemesh-body > input[number]#p-imagemesh-cols","imagemesh cols","src/js/image-mesh-bridge.js:377 init()","change","UI (contextual)","none","none (R14)","history@1 render@1 persist@3 animation@3 native@3 selection@3","static-props | keyed-props | expression-props | held-frames | text | migration","desktop (native bridge); browser degrades or is gated","inventoried","R12/R13: characterize against a fixture and diagnostics","src/index.html:1060",""
"dom:#p-imagemesh-edit","dom","animation-rigs-expressions","p-imagemesh-body > input[checkbox]#p-imagemesh-edit","imagemesh edit","src/js/image-mesh-bridge.js:375 init()","change","UI (contextual)","none","none (R14)","render@1 animation@3 native@3 selection@3","static-props | keyed-props | expression-props | held-frames | text | migration","desktop (native bridge); browser degrades or is gated","inventoried","R12/R13: characterize against a fixture and diagnostics","src/index.html:1057",""
"dom:#p-imagemesh-on","dom","animation-rigs-expressions","p-imagemesh-sec > input[checkbox]#p-imagemesh-on","imagemesh on","src/js/image-mesh-bridge.js:373 init()","change","UI (contextual)","none","none (R14)","history@2 render@2","static-props | keyed-props | expression-props | held-frames | text | migration","browser and desktop","inventoried","R12/R13: characterize against a fixture and diagnostics","src/index.html:1055",""
"dom:#p-imagemesh-rows","dom","animation-rigs-expressions","p-imagemesh-body > input[number]#p-imagemesh-rows","imagemesh rows","src/js/image-mesh-bridge.js:378 init()","change","UI (contextual)","none","none (R14)","history@1 render@1 persist@3 animation@3 native@3 selection@3","static-props | keyed-props | expression-props | held-frames | text | migration","desktop (native bridge); browser degrades or is gated","inventoried","R12/R13: characterize against a fixture and diagnostics","src/index.html:1061",""
"dom:#p-join-grp","dom","drawing-selection","stroke-sec > div#p-join-grp","join grp","src/js/timeline.js:10569 wireIconGroup() | src/js/timeline.js:10593","click","UI","none","none (R14)","","static-props | masks-alpha | text | interaction","browser and desktop","inventoried","R12/R13: characterize against a fixture and diagnostics","src/index.html:962",""
"dom:#p-mask-feather","dom","effects-masks","mask-sec > input[number]#p-mask-feather","Softens the combined mask's edge (shared across this layer's masks)","src/js/timeline.js:2797","input","UI (contextual)","none","none (R14)","persist@1 selection@1 render@1 animation@3 native@3","masks-alpha | mesh","desktop (native bridge); browser degrades or is gated","inventoried","R12/R13: characterize against a fixture and diagnostics","src/index.html:500",""
"dom:#p-mask-mode","dom","effects-masks","mask-sec > select#p-mask-mode","Add = union with this layer's other masks · Subtract = punches a hole · Intersect = keeps only the overlap","src/js/timeline.js:2792","change","UI (contextual)","none","none (R14)","persist@1 history@1 selection@1 render@1 animation@3 native@3","masks-alpha | mesh","desktop (native bridge); browser degrades or is gated","inventoried","R12/R13: characterize against a fixture and diagnostics","src/index.html:499",""
"dom:#p-maskmode","dom","effects-masks","p-maskmode-row > input[checkbox]#p-maskmode","maskmode","src/js/timeline.js:10827","change","UI","none","none (R14)","","masks-alpha | mesh","browser and desktop","inventoried","R12/R13: characterize against a fixture and diagnostics","src/index.html:1192",""
"dom:#p-maskmode-type","dom","effects-masks","p-maskmode-row > select#p-maskmode-type","Add = union with this layer's other masks · Subtract = punches a hole · Intersect = keeps only the overlap","src/js/timeline.js:10828","change","UI","none","none (R14)","","masks-alpha | mesh","browser and desktop","inventoried","R12/R13: characterize against a fixture and diagnostics","src/index.html:1192",""
"dom:#p-mattemode","dom","effects-masks","layer-sec > div#p-mattemode","None","src/js/timeline.js:11068 initMatteDropdown()","click","UI (contextual)","none","none (R14)","","masks-alpha | mesh","browser and desktop","inventoried","R12/R13: characterize against a fixture and diagnostics","src/index.html:686",""
"dom:#p-miterlimit","dom","drawing-selection","stroke-sec > input[number]#p-miterlimit","Miter limit — how far a sharp Join:Miter corner can extend before falling back to a bevel","src/js/timeline.js:10553","change","UI","none","none (R14)","persist@2 history@2 selection@2","static-props | masks-alpha | text | interaction","browser and desktop","inventoried","R12/R13: characterize against a fixture and diagnostics","src/index.html:967",""
"dom:#p-nib-angle","dom","drawing-selection","p-nib-row > input[number]#p-nib-angle","nib angle","src/js/fill-bridge.js:226 init()","change","UI","none","none (R14)","render@1 animation@3 native@3 selection@3","static-props | masks-alpha | text | interaction","desktop (native bridge); browser degrades or is gated","inventoried","R12/R13: characterize against a fixture and diagnostics","src/index.html:1185",""
"dom:#p-nib-factor","dom","drawing-selection","p-nib-row > input[number]#p-nib-factor","nib factor","src/js/fill-bridge.js:232 init()","change","UI","none","none (R14)","render@1 animation@3 native@3 selection@3","static-props | masks-alpha | text | interaction","desktop (native bridge); browser degrades or is gated","inventoried","R12/R13: characterize against a fixture and diagnostics","src/index.html:1185",""
"dom:#p-om-follow","dom","timeline-layers-frames","onion-pop > input[checkbox]#p-om-follow","om follow","src/js/timeline.js:11299","change","UI (contextual)","none","none (R14)","","keyed-props | held-frames | components","browser and desktop","inventoried","R12/R13: characterize against a fixture and diagnostics","src/index.html:2054",""
"dom:#p-omode","dom","timeline-layers-frames","onion-pop > select#p-omode","omode","src/js/timeline.js:11372","change","UI (contextual)","none","none (R14)","","keyed-props | held-frames | components","browser and desktop","inventoried","R12/R13: characterize against a fixture and diagnostics","src/index.html:2018",""
"dom:#p-onion-shift-next","dom","timeline-layers-frames","onion-pop > input[checkbox]#p-onion-shift-next","onion shift next","src/js/timeline.js:11392 initOnionTintShift()","change","UI (contextual)","none","none (R14)","render@2","keyed-props | held-frames | components","browser and desktop","inventoried","R12/R13: characterize against a fixture and diagnostics","src/index.html:2052",""
"dom:#p-onion-shift-reset","dom","timeline-layers-frames","onion-pop > button[button]#p-onion-shift-reset","Zero","src/js/timeline.js:11393 initOnionTintShift()","click","UI (contextual)","none","none (R14)","render@3","keyed-props | held-frames | components","browser and desktop","inventoried","R12/R13: characterize against a fixture and diagnostics","src/index.html:2049",""
"dom:#p-onion-shift-x","dom","timeline-layers-frames","onion-pop > input[number]#p-onion-shift-x","Horizontal ghost offset","src/js/timeline.js:11392 initOnionTintShift()","input","UI (contextual)","none","none (R14)","render@2","keyed-props | held-frames | components","browser and desktop","inventoried","R12/R13: characterize against a fixture and diagnostics","src/index.html:2047",""
"dom:#p-onion-shift-y","dom","timeline-layers-frames","onion-pop > input[number]#p-onion-shift-y","Vertical ghost offset","src/js/timeline.js:11392 initOnionTintShift()","input","UI (contextual)","none","none (R14)","render@2","keyed-props | held-frames | components","browser and desktop","inventoried","R12/R13: characterize against a fixture and diagnostics","src/index.html:2048",""
"dom:#p-onion-tint-next","dom","timeline-layers-frames","onion-pop > input[color]#p-onion-tint-next","Tint for next frames","src/js/timeline.js:11386 initOnionTintShift()","input","UI (contextual)","none","none (R14)","render@2","keyed-props | held-frames | components","browser and desktop","inventoried","R12/R13: characterize against a fixture and diagnostics","src/index.html:2040",""
"dom:#p-onion-tint-prev","dom","timeline-layers-frames","onion-pop > input[color]#p-onion-tint-prev","Tint for previous frames","src/js/timeline.js:11385 initOnionTintShift()","input","UI (contextual)","none","none (R14)","render@2","keyed-props | held-frames | components","browser and desktop","inventoried","R12/R13: characterize against a fixture and diagnostics","src/index.html:2039",""
"dom:#p-onion-tint-reset","dom","timeline-layers-frames","onion-pop > button[button]#p-onion-tint-reset","Default","src/js/timeline.js:11387 initOnionTintShift()","click","UI (contextual)","none","none (R14)","render@1 native@3 animation@3 selection@3","keyed-props | held-frames | components","desktop (native bridge); browser degrades or is gated","inventoried","R12/R13: characterize against a fixture and diagnostics","src/index.html:2041",""
"dom:#p-onop","dom","timeline-layers-frames","onion-pop > input[number]#p-onop","onop","src/js/timeline.js:11399","input","UI (contextual)","none","none (R14)","","keyed-props | held-frames | components","browser and desktop","inventoried","R12/R13: characterize against a fixture and diagnostics","src/index.html:2021",""
"dom:#p-opacity","dom","drawing-selection","fill-sec > input[number]#p-opacity","opacity","src/js/timeline.js:10549","input","UI","none","none (R14)","persist@2 history@2 selection@2 render@2 animation@3","static-props | masks-alpha | text | interaction","browser and desktop","inventoried","R12/R13: characterize against a fixture and diagnostics","src/index.html:886",""
"dom:#p-opop","dom","timeline-layers-frames","onion-pop > input[number]#p-opop","opop","src/js/timeline.js:11398","input","UI (contextual)","none","none (R14)","","keyed-props | held-frames | components","browser and desktop","inventoried","R12/R13: characterize against a fixture and diagnostics","src/index.html:2020",""
"dom:#p-paintorder-grp","dom","drawing-selection","stroke-sec > div#p-paintorder-grp","paintorder grp","src/js/timeline.js:10569 wireIconGroup()","click","UI","none","none (R14)","","static-props | masks-alpha | text | interaction","browser and desktop","inventoried","R12/R13: characterize against a fixture and diagnostics","src/index.html:968",""
"dom:#p-pcurve","dom","animation-rigs-expressions","tool-opts-sec > select#p-pcurve","Pressure response: sqrt/cbrt = a light touch already widens the line (soft felt-tip), pow2/pow3 = you must press hard to thicken it (hard pencil)","src/js/timeline.js:10822","change","UI","none","none (R14)","","static-props | keyed-props | expression-props | held-frames | text | migration","browser and desktop","inventoried","R12/R13: characterize against a fixture and diagnostics","src/index.html:1184",""
"dom:#p-pinv","dom","drawing-selection","tool-opts-sec > input[checkbox]#p-pinv","pinv","src/js/timeline.js:10824","change","UI","none","none (R14)","","static-props | masks-alpha | text | interaction","browser and desktop","inventoried","R12/R13: characterize against a fixture and diagnostics","src/index.html:1187",""
"dom:#p-pmax","dom","drawing-selection","tool-opts-sec > input[number]#p-pmax","Width at full pressure (% of brush size)","src/js/timeline.js:10821","input","UI","none","none (R14)","","static-props | masks-alpha | text | interaction","browser and desktop","inventoried","R12/R13: characterize against a fixture and diagnostics","src/index.html:1182",""
"dom:#p-pmin","dom","drawing-selection","tool-opts-sec > input[number]#p-pmin","Width at zero pressure (% of brush size)","src/js/timeline.js:10820","input","UI","none","none (R14)","","static-props | masks-alpha | text | interaction","browser and desktop","inventoried","R12/R13: characterize against a fixture and diagnostics","src/index.html:1181",""
"dom:#p-poststroke-smooth","dom","drawing-selection","stroke-sec > input[number]#p-poststroke-smooth","poststroke smooth","src/js/timeline.js:10561","change","UI","none","none (R14)","persist@2 history@2 selection@2 render@2 animation@3","static-props | masks-alpha | text | interaction","browser and desktop","inventoried","R12/R13: characterize against a fixture and diagnostics","src/index.html:956",""
"dom:#p-ref-menu","dom","media-import-export","layer-sec > div#p-ref-menu","None","src/js/reference-bridge.js:433 init() | src/js/reference-bridge.js:434 init()","click | keydown","UI (contextual)","none","none (R14)","","mesh | media | export","browser and desktop","inventoried","R12/R13: characterize against a fixture and diagnostics","src/index.html:712",""
"dom:#p-ref-offset","dom","media-import-export","ref-pop > input[number]#p-ref-offset","Timeline frame at which the reference starts","src/js/reference-bridge.js:450 init()","change","UI (contextual)","none","none (R14)","native@2 render@2","mesh | media | export","desktop (native bridge); browser degrades or is gated","inventoried","R12/R13: characterize against a fixture and diagnostics","src/index.html:731",""
"dom:#p-ref-on","dom","media-import-export","ref-pop > input[checkbox]#p-ref-on","ref on","src/js/reference-bridge.js:446 init()","change","UI (contextual)","none","none (R14)","native@2 render@2","mesh | media | export","desktop (native bridge); browser degrades or is gated","inventoried","R12/R13: characterize against a fixture and diagnostics","src/index.html:720",""
"dom:#p-ref-opacity","dom","media-import-export","ref-pop > input[number]#p-ref-opacity","ref opacity","src/js/reference-bridge.js:448 init()","input","UI (contextual)","none","none (R14)","render@2","mesh | media | export","browser and desktop","inventoried","R12/R13: characterize against a fixture and diagnostics","src/index.html:730",""
"dom:#p-resamp","dom","drawing-selection","tween-sec > input[number]#p-resamp","resamp","src/js/timeline.js:11150","input","UI","none","none (R14)","","static-props | masks-alpha | text | interaction","browser and desktop","inventoried","R12/R13: characterize against a fixture and diagnostics","src/index.html:1342",""
"dom:#p-shadowmode","dom","drawing-selection","p-shadowmode-row > input[checkbox]#p-shadowmode","shadowmode","src/js/timeline.js:10826","change","UI","none","none (R14)","","static-props | masks-alpha | text | interaction","browser and desktop","inventoried","R12/R13: characterize against a fixture and diagnostics","src/index.html:1191",""
"dom:#p-skipmanual","dom","drawing-selection","tween-sec > input[checkbox]#p-skipmanual","skipmanual","src/js/timeline.js:11152","change","UI","none","none (R14)","","static-props | masks-alpha | text | interaction","browser and desktop","inventoried","R12/R13: characterize against a fixture and diagnostics","src/index.html:1343",""
"dom:#p-smooth","dom","drawing-selection","tool-opts-sec > input[number]#p-smooth","Simplifies the curve AFTER the fact (fewer points, more efficient stroke) — has no effect on shakiness while drawing, that's what Stabilizer above handles. At 0: the point count isn't reduced, but the stroke can still look visibly smoothed if Stabilizer is enabled.","src/js/timeline.js:10550","input","UI","none","none (R14)","","static-props | masks-alpha | text | interaction","browser and desktop","inventoried","R12/R13: characterize against a fixture and diagnostics","src/index.html:1168",""
"dom:#p-stab","dom","drawing-selection","tool-opts-sec > select#p-stab","Smooths POSITION live while you draw (corrects hand shake) — acts BEFORE the stroke is laid down, independent of Smooth below. Off/Low/Medium/High: classic sliding average. Quill: physical spring-damper model (Google ink-stroke-modeler, like rnote), catches up to the tip on release. Set this to Off if you want a stroke that follows your hand pixel-perfectly.","src/js/timeline.js:10551","change","UI","none","none (R14)","","static-props | masks-alpha | text | interaction","browser and desktop","inventoried","R12/R13: characterize against a fixture and diagnostics","src/index.html:1167",""
"dom:#p-star-corner","dom","drawing-selection","star-sec > input[number]#p-star-corner","star corner","src/js/timeline.js:2926","input","UI (contextual)","none","none (R14)","persist@2 history@2 selection@2 render@2","static-props | masks-alpha | text | interaction","browser and desktop","inventoried","R12/R13: characterize against a fixture and diagnostics","src/index.html:534",""
"dom:#p-star-inner","dom","drawing-selection","star-sec > input[number]#p-star-inner","star inner","src/js/timeline.js:2925","input","UI (contextual)","none","none (R14)","persist@2 history@2 selection@2 render@2","static-props | masks-alpha | text | interaction","browser and desktop","inventoried","R12/R13: characterize against a fixture and diagnostics","src/index.html:533",""
"dom:#p-star-points","dom","drawing-selection","star-sec > input[number]#p-star-points","star points","src/js/timeline.js:2924","input","UI (contextual)","none","none (R14)","persist@2 history@2 selection@2 render@2","static-props | masks-alpha | text | interaction","browser and desktop","inventoried","R12/R13: characterize against a fixture and diagnostics","src/index.html:532",""
"dom:#p-step","dom","drawing-selection","tween-sec > select#p-step","step","src/js/timeline.js:11151","change","UI","none","none (R14)","","static-props | masks-alpha | text | interaction","browser and desktop","inventoried","R12/R13: characterize against a fixture and diagnostics","src/index.html:1341",""
"dom:#p-stroke-alpha","dom","drawing-selection","stroke-sec > input[number]#p-stroke-alpha","Stroke opacity (color alpha)","src/js/timeline.js:10490","input","UI","none","none (R14)","persist@2 history@2 selection@2 render@2 animation@3","static-props | masks-alpha | text | interaction","browser and desktop","inventoried","R12/R13: characterize against a fixture and diagnostics","src/index.html:928",""
"dom:#p-stroke-hex","dom","drawing-selection","stroke-sec > input[text]#p-stroke-hex","Hex code — type to change","src/js/timeline.js:10480 | src/js/timeline.js:10499","change | keydown","UI","none","none (R14)","persist@2 history@2 selection@2 render@2 animation@3","static-props | masks-alpha | text | interaction","browser and desktop","inventoried","R12/R13: characterize against a fixture and diagnostics","src/index.html:927",""
"dom:#p-strokegrad-along","dom","drawing-selection","p-strokegrad-row > input[checkbox]#p-strokegrad-along","strokegrad along","src/js/timeline.js:10416 | src/js/timeline.js:10621","change","UI","none","none (R14)","persist@2 history@2 selection@2 render@2 animation@3","static-props | masks-alpha | text | interaction","browser and desktop","inventoried","R12/R13: characterize against a fixture and diagnostics","src/index.html:939",""
"dom:#p-strokegrad-from","dom","drawing-selection","p-strokegrad-row > div#p-strokegrad-from","strokegrad from","","","UI","none","none (R14)","","static-props | masks-alpha | text | interaction","browser and desktop","unmapped","R03 follow-up: bind a handler or record unavailable-with-reason (referenced without an event registration at src/js/timeline.js:3676 updateSelPropsPanel())","src/index.html:940",""
"dom:#p-strokegrad-from-c","dom","drawing-selection","p-strokegrad-from > input[color]#p-strokegrad-from-c","strokegrad from c","src/js/timeline.js:10428","input","UI","none","none (R14)","persist@2 history@2 selection@2 render@2 animation@3","static-props | masks-alpha | text | interaction","browser and desktop","inventoried","R12/R13: characterize against a fixture and diagnostics","src/index.html:940",""
"dom:#p-strokegrad-to","dom","drawing-selection","p-strokegrad-row > div#p-strokegrad-to","strokegrad to","","","UI","none","none (R14)","","static-props | masks-alpha | text | interaction","browser and desktop","unmapped","R03 follow-up: bind a handler or record unavailable-with-reason (referenced without an event registration at src/js/timeline.js:3678 updateSelPropsPanel())","src/index.html:941",""
"dom:#p-strokegrad-to-c","dom","drawing-selection","p-strokegrad-to > input[color]#p-strokegrad-to-c","strokegrad to c","src/js/timeline.js:10436","input","UI","none","none (R14)","persist@2 history@2 selection@2 render@2 animation@3","static-props | masks-alpha | text | interaction","browser and desktop","inventoried","R12/R13: characterize against a fixture and diagnostics","src/index.html:941",""
"dom:#p-strokestyle","dom","drawing-selection","stroke-sec > select#p-strokestyle","strokestyle","src/js/timeline.js:10552","change","UI","none","none (R14)","persist@2 history@2 selection@2 render@2 animation@3","static-props | masks-alpha | text | interaction","browser and desktop","inventoried","R12/R13: characterize against a fixture and diagnostics","src/index.html:950",""
"dom:#p-sw","dom","drawing-selection","stroke-sec > input[number]#p-sw","Stroke width (px) — also drives Bitmap Brush dab size","src/js/timeline.js:10384","change","UI","none","none (R14)","persist@2 history@2 selection@2 render@2 animation@3","static-props | masks-alpha | text | interaction","browser and desktop","inventoried","R12/R13: characterize against a fixture and diagnostics","src/index.html:949",""
"dom:#p-taper","dom","drawing-selection","p-taper-row > input[checkbox]#p-taper","taper","src/js/timeline.js:10825","change","UI","none","none (R14)","","static-props | masks-alpha | text | interaction","browser and desktop","inventoried","R12/R13: characterize against a fixture and diagnostics","src/index.html:1189",""
"dom:#p-textanim-add","dom","animation-rigs-expressions","p-textanim-add-row > button#p-textanim-add","Add an animator: a range selector plus the properties it drives","src/js/text-animator-panel.js:467 init()","click","UI (contextual)","none","none (R14)","history@1 animation@1 persist@3","static-props | keyed-props | expression-props | held-frames | text | migration","browser and desktop","inventoried","R12/R13: characterize against a fixture and diagnostics","src/index.html:1126",""
"dom:#p-trimends","dom","drawing-selection","p-trimends-row > input[checkbox]#p-trimends","trimends","src/js/fill-bridge.js:238 init()","change","UI","none","none (R14)","","static-props | masks-alpha | text | interaction","browser and desktop","inventoried","R12/R13: characterize against a fixture and diagnostics","src/index.html:1190",""
"dom:#p-trimends-max","dom","drawing-selection","p-trimends-row > input[number]#p-trimends-max","trimends max","src/js/fill-bridge.js:240 init()","change","UI","none","none (R14)","","static-props | masks-alpha | text | interaction","browser and desktop","inventoried","R12/R13: characterize against a fixture and diagnostics","src/index.html:1190",""
"dom:#p-vecbrush","dom","drawing-selection","p-vecbrush-row > input[checkbox]#p-vecbrush","vecbrush","src/js/timeline.js:10667","change","UI","none","none (R14)","","static-props | masks-alpha | text | interaction","browser and desktop","inventoried","R12/R13: characterize against a fixture and diagnostics","src/index.html:1179",""
"dom:#p-widget-h","dom","animation-rigs-expressions","p-widget-sec > input[number]#p-widget-h","widget h","src/js/rig-widget.js:597 bindWidgetField()","change","UI (contextual)","none","none (R14)","history@1 persist@2 render@2 animation@3","static-props | keyed-props | expression-props | held-frames | text | migration","browser and desktop","inventoried","R12/R13: characterize against a fixture and diagnostics","src/index.html:1075",""
"dom:#p-widget-w","dom","animation-rigs-expressions","p-widget-sec > input[number]#p-widget-w","widget w","src/js/rig-widget.js:597 bindWidgetField()","change","UI (contextual)","none","none (R14)","history@1 persist@2 render@2 animation@3","static-props | keyed-props | expression-props | held-frames | text | migration","browser and desktop","inventoried","R12/R13: characterize against a fixture and diagnostics","src/index.html:1074",""
"dom:#p-widget-xadd","dom","animation-rigs-expressions","p-widget-xrest-row > button#p-widget-xadd","Link a property or drive a pose from this axis","src/js/rig-widget.js:617 initWidgetPanelFields()","click","UI (contextual)","none","none (R14)","animation@2 history@3 render@3","static-props | keyed-props | expression-props | held-frames | text | migration","browser and desktop","inventoried","R12/R13: characterize against a fixture and diagnostics","src/index.html:1085",""
"dom:#p-widget-xmax","dom","animation-rigs-expressions","p-widget-xrange-row > input[number]#p-widget-xmax","widget xmax","src/js/rig-widget.js:597 bindWidgetField()","change","UI (contextual)","none","none (R14)","history@1 persist@2 render@2 animation@3","static-props | keyed-props | expression-props | held-frames | text | migration","browser and desktop","inventoried","R12/R13: characterize against a fixture and diagnostics","src/index.html:1080",""
"dom:#p-widget-xmin","dom","animation-rigs-expressions","p-widget-xrange-row > input[number]#p-widget-xmin","widget xmin","src/js/rig-widget.js:597 bindWidgetField()","change","UI (contextual)","none","none (R14)","history@1 persist@2 render@2 animation@3","static-props | keyed-props | expression-props | held-frames | text | migration","browser and desktop","inventoried","R12/R13: characterize against a fixture and diagnostics","src/index.html:1079",""
"dom:#p-widget-xrest","dom","animation-rigs-expressions","p-widget-xrest-row > input[number]#p-widget-xrest","widget xrest","src/js/rig-widget.js:597 bindWidgetField()","change","UI (contextual)","none","none (R14)","history@1 persist@2 render@2 animation@3","static-props | keyed-props | expression-props | held-frames | text | migration","browser and desktop","inventoried","R12/R13: characterize against a fixture and diagnostics","src/index.html:1084",""
"dom:#p-widget-yadd","dom","animation-rigs-expressions","p-widget-yrest-row > button#p-widget-yadd","Link a property or drive a pose from this axis","src/js/rig-widget.js:619 initWidgetPanelFields()","click","UI (contextual)","none","none (R14)","animation@2 history@3 render@3","static-props | keyed-props | expression-props | held-frames | text | migration","browser and desktop","inventoried","R12/R13: characterize against a fixture and diagnostics","src/index.html:1095",""
"dom:#p-widget-ymax","dom","animation-rigs-expressions","p-widget-yrange-row > input[number]#p-widget-ymax","widget ymax","src/js/rig-widget.js:597 bindWidgetField()","change","UI (contextual)","none","none (R14)","history@1 persist@2 render@2 animation@3","static-props | keyed-props | expression-props | held-frames | text | migration","browser and desktop","inventoried","R12/R13: characterize against a fixture and diagnostics","src/index.html:1090",""
"dom:#p-widget-ymin","dom","animation-rigs-expressions","p-widget-yrange-row > input[number]#p-widget-ymin","widget ymin","src/js/rig-widget.js:597 bindWidgetField()","change","UI (contextual)","none","none (R14)","history@1 persist@2 render@2 animation@3","static-props | keyed-props | expression-props | held-frames | text | migration","browser and desktop","inventoried","R12/R13: characterize against a fixture and diagnostics","src/index.html:1089",""
"dom:#p-widget-yrest","dom","animation-rigs-expressions","p-widget-yrest-row > input[number]#p-widget-yrest","widget yrest","src/js/rig-widget.js:597 bindWidgetField()","change","UI (contextual)","none","none (R14)","history@1 persist@2 render@2 animation@3","static-props | keyed-props | expression-props | held-frames | text | migration","browser and desktop","inventoried","R12/R13: characterize against a fixture and diagnostics","src/index.html:1094",""
"dom:#p2p-add-contact","dom","project-lifecycle-integrations","settings-modal > button#p2p-add-contact","Add","src/js/p2p-contacts.js:155 init()","click","UI (modal)","none","none (R14)","","media | migration","browser and desktop","inventoried","R12/R13: characterize against a fixture and diagnostics","src/index.html:1841",""
"dom:#p2p-copy-code","dom","project-lifecycle-integrations","settings-modal > button#p2p-copy-code","Copy","src/js/p2p-contacts.js:137 init()","click","UI (modal)","none","none (R14)","","media | migration","browser and desktop","inventoried","R12/R13: characterize against a fixture and diagnostics","src/index.html:1837",""
"dom:#p2p-invite-input","dom","project-lifecycle-integrations","settings-modal > input[text]#p2p-invite-input","p2p invite input","src/js/p2p-contacts.js:156 init()","keydown","UI (modal)","none","none (R14)","","media | migration","browser and desktop","inventoried","R12/R13: characterize against a fixture and diagnostics","src/index.html:1840",""
"dom:#p2p-my-code","dom","preferences-workspace","settings-modal > input[text]#p2p-my-code","p2p my code","src/js/timeline.js:9033 initSettingsModal()","click","UI (modal)","none","none (R14)","","","browser and desktop","inventoried","R12/R13: characterize against a fixture and diagnostics","src/index.html:1836",""
"dom:#palette-replace-scope","dom","drawing-selection","swatches-sec > select#palette-replace-scope","Scope of the colour replace","src/js/palette-panel.js:279 init()","change","UI","none","none (R14)","","static-props | masks-alpha | text | interaction","browser and desktop","inventoried","R12/R13: characterize against a fixture and diagnostics","src/index.html:1218",""
"dom:#path-fx-add","dom","effects-masks","path-fx-sec > select#path-fx-add","path fx add","src/js/effects-panel.js:858 renderPathFxList()","change","UI (contextual)","none","none (R14)","history@3 render@3","masks-alpha | mesh","browser and desktop","inventoried","R12/R13: characterize against a fixture and diagnostics","src/index.html:643",""
"dom:#pm-fill","dom","drawing-selection","fill-sec > div#pm-fill","Click to pick a color, double-click to toggle fill on/off","src/js/ui.js:1125","dblclick","UI","none","none (R14)","persist@2 history@2 selection@2 render@2 animation@3","static-props | masks-alpha | text | interaction","browser and desktop","inventoried","R12/R13: characterize against a fixture and diagnostics","src/index.html:883",""
"dom:#pm-fill-c","dom","drawing-selection","pm-fill > input[color]#pm-fill-c","pm fill c","src/js/timeline.js:10395","input","UI","none","none (R14)","persist@2 history@2 selection@2 render@2 animation@3","static-props | masks-alpha | text | interaction","browser and desktop","inventoried","R12/R13: characterize against a fixture and diagnostics","src/index.html:883",""
"dom:#pm-stroke","dom","drawing-selection","stroke-sec > div#pm-stroke","pm stroke","","","UI","none","none (R14)","","static-props | masks-alpha | text | interaction","browser and desktop","unmapped","R03 follow-up: bind a handler or record unavailable-with-reason (referenced without an event registration at src/js/timeline.js:3800 updateFsSelPanel())","src/index.html:926",""
"dom:#pm-stroke-c","dom","drawing-selection","pm-stroke > input[color]#pm-stroke-c","pm stroke c","src/js/timeline.js:10403","input","UI","none","none (R14)","persist@2 history@2 selection@2 render@2 animation@3","static-props | masks-alpha | text | interaction","browser and desktop","inventoried","R12/R13: characterize against a fixture and diagnostics","src/index.html:926",""
"dom:#profile-color","dom","drawing-selection","profile-color-well > input[color]#profile-color","profile color","src/js/timeline.js:9069 initProfileFields()","input","UI (modal)","none","none (R14)","","static-props | masks-alpha | text | interaction","browser and desktop","inventoried","R12/R13: characterize against a fixture and diagnostics","src/index.html:1778",""
"dom:#profile-color-well","dom","preferences-workspace","settings-modal > div#profile-color-well","profile color well","src/js/timeline.js:9033 initSettingsModal()","click","UI (modal)","none","none (R14)","","","browser and desktop","inventoried","R12/R13: characterize against a fixture and diagnostics","src/index.html:1778",""
"dom:#profile-email","dom","preferences-workspace","settings-modal > input[email]#profile-email","profile email","src/js/timeline.js:9065 initProfileFields()","input","UI (modal)","none","none (R14)","","","browser and desktop","inventoried","R12/R13: characterize against a fixture and diagnostics","src/index.html:1782",""
"dom:#profile-name","dom","preferences-workspace","settings-modal > input[text]#profile-name","profile name","src/js/timeline.js:9061 initProfileFields()","input","UI (modal)","none","none (R14)","","","browser and desktop","inventoried","R12/R13: characterize against a fixture and diagnostics","src/index.html:1777",""
"dom:#profile-role","dom","preferences-workspace","settings-modal > select#profile-role","profile role","src/js/timeline.js:9075 initProfileFields()","change","UI (modal)","none","none (R14)","render@2 selection@3 persist@3 animation@3","","browser and desktop","inventoried","R12/R13: characterize against a fixture and diagnostics","src/index.html:1786",""
"dom:#proj-fps","dom","timeline-layers-frames","canvas-sec > input[number]#proj-fps","proj fps","src/js/timeline.js:11080","change","UI","none","none (R14)","render@3 persist@3","keyed-props | held-frames | components","browser and desktop","inventoried","R12/R13: characterize against a fixture and diagnostics","src/index.html:776",""
"dom:#proj-frames","dom","timeline-layers-frames","canvas-sec > input[number]#proj-frames","proj frames","src/js/timeline.js:11081","change","UI","none","none (R14)","persist@2 animation@2 render@2 selection@3","keyed-props | held-frames | components","browser and desktop","inventoried","R12/R13: characterize against a fixture and diagnostics","src/index.html:777",""
"dom:#project-tab-add","dom","project-lifecycle-integrations","project-tabs-bar > button#project-tab-add","New project (new tab)","src/js/project.js:637","click","UI","none","none (R14)","persist@2 animation@2 render@2 selection@3 native@3","media | migration","desktop (native bridge); browser degrades or is gated","inventoried","R12/R13: characterize against a fixture and diagnostics","src/index.html:281",""
"dom:#project-tabs-settings","dom","preferences-workspace","app-topbar > button#project-tabs-settings","Settings","src/js/timeline.js:9030 initSettingsModal()","click","UI","none","none (R14)","","","browser and desktop","inventoried","R12/R13: characterize against a fixture and diagnostics","src/index.html:161",""
"dom:#props-panel-collapse-btn","dom","timeline-layers-frames","props-panel-hdr-row > button#props-panel-collapse-btn","Collapse panel","src/js/timeline.js:11897 initPropsPanelCollapse()","click","UI","none","none (R14)","","keyed-props | held-frames | components","browser and desktop","inventoried","R12/R13: characterize against a fixture and diagnostics","src/index.html:406",""
"dom:#psd-input","dom","media-import-export","legacy-project-actions > input[file]#psd-input","psd input","src/js/psd-import-bridge.js:102 init()","change","UI (contextual)","none","none (R14)","","mesh | media | export","browser and desktop","inventoried","R12/R13: characterize against a fixture and diagnostics","src/index.html:1627",""
"dom:#ref-file-input","dom","media-import-export","layer-sec > input[file]#ref-file-input","ref file input","src/js/reference-bridge.js:440 init()","change","UI (contextual)","none","none (R14)","","mesh | media | export","browser and desktop","inventoried","R12/R13: characterize against a fixture and diagnostics","src/index.html:713",""
"dom:#rig-drive-meshes","dom","media-import-export","rig-opts-sec > input[checkbox]#rig-drive-meshes","rig drive meshes","","","UI (contextual)","none","none (R14)","","mesh | media | export","browser and desktop","unmapped","R03 follow-up: bind a handler or record unavailable-with-reason (referenced without an event registration at src/js/timeline.js:11562)","src/index.html:1587",""
"dom:#rig-drive-shapes","dom","media-import-export","rig-opts-sec > input[checkbox]#rig-drive-shapes","rig drive shapes","","","UI (contextual)","none","none (R14)","","mesh | media | export","browser and desktop","unmapped","R03 follow-up: bind a handler or record unavailable-with-reason (referenced without an event registration at src/js/timeline.js:11561)","src/index.html:1586",""
"dom:#rig-falloff-softness","dom","animation-rigs-expressions","rig-opts-sec > input[number]#rig-falloff-softness","0% = hard linear falloff (a crisp cutoff at the radius edge), 100% = softened falloff (S-curve, like a gradient) — applies to every bone on this layer, independent of radius","","","UI (contextual)","none","none (R14)","","static-props | keyed-props | expression-props | held-frames | text | migration","browser and desktop","unmapped","R03 follow-up: bind a handler or record unavailable-with-reason (referenced without an event registration at src/js/rig-bridge.js:194 panelSoftness())","src/index.html:1578",""
"dom:#rig-rotate-mode","dom","animation-rigs-expressions","rig-opts-sec > input[checkbox]#rig-rotate-mode","rig rotate mode","","","UI (contextual)","none","none (R14)","","static-props | keyed-props | expression-props | held-frames | text | migration","browser and desktop","unmapped","R03 follow-up: bind a handler or record unavailable-with-reason (referenced without an event registration at src/js/rig-bridge.js:193 panelRotate())","src/index.html:1579",""
"dom:#rig-weight-radius","dom","animation-rigs-expressions","rig-opts-sec > input[number]#rig-weight-radius","Distance beyond which a bone no longer influences a bound vertex","","","UI (contextual)","none","none (R14)","","static-props | keyed-props | expression-props | held-frames | text | migration","browser and desktop","unmapped","R03 follow-up: bind a handler or record unavailable-with-reason (referenced without an event registration at src/js/engine-bridge.js:3690 buildRigPreviewItems())","src/index.html:1577",""
"dom:#rm-add-current","dom","media-import-export","render-manager-modal > button#rm-add-current","+ Current Composition","src/js/render-manager.js:485 bindOnce()","click","UI (modal)","none","none (R14)","","mesh | media | export","browser and desktop","inventoried","R12/R13: characterize against a fixture and diagnostics","src/index.html:1699",""
"dom:#rm-close","dom","media-import-export","render-manager-modal > button#rm-close","&times;","src/js/render-manager.js:483 bindOnce()","click","UI (modal)","none","none (R14)","","mesh | media | export","browser and desktop","inventoried","R12/R13: characterize against a fixture and diagnostics","src/index.html:1696",""
"dom:#rm-delete-all","dom","media-import-export","render-manager-modal > button#rm-delete-all","Delete All","src/js/render-manager.js:486 bindOnce()","click","UI (modal)","none","none (R14)","","mesh | media | export","browser and desktop","inventoried","R12/R13: characterize against a fixture and diagnostics","src/index.html:1700",""
"dom:#rm-dyn-index","dom","media-import-export","render-manager-modal > input[number]#rm-dyn-index","rm dyn index","src/js/render-manager.js:489 bindOnce()","input","UI (modal)","none","none (R14)","","mesh | media | export","browser and desktop","inventoried","R12/R13: characterize against a fixture and diagnostics","src/index.html:1705",""
"dom:#rm-dyn-offset","dom","media-import-export","render-manager-modal > input[number]#rm-dyn-offset","rm dyn offset","src/js/render-manager.js:491 bindOnce()","input","UI (modal)","none","none (R14)","","mesh | media | export","browser and desktop","inventoried","R12/R13: characterize against a fixture and diagnostics","src/index.html:1708",""
"dom:#rm-render-all","dom","media-import-export","render-manager-modal > button#rm-render-all","Render All","src/js/render-manager.js:487 bindOnce()","click","UI (modal)","none","none (R14)","persist@1 export@2 animation@3 native@3 render@3","mesh | media | export","desktop (native bridge); browser degrades or is gated","inventoried","R12/R13: characterize against a fixture and diagnostics","src/index.html:1702",""
"dom:#settings-close","dom","preferences-workspace","settings-modal > button#settings-close","&times;","src/js/timeline.js:9032 initSettingsModal()","click","UI (modal)","none","none (R14)","","","browser and desktop","inventoried","R12/R13: characterize against a fixture and diagnostics","src/index.html:1745",""
"dom:#settings-language","dom","preferences-workspace","settings-modal > select#settings-language","settings language","src/js/i18n.js:4233 initLanguage()","change","UI (modal)","none","none (R14)","","","browser and desktop","inventoried","R12/R13: characterize against a fixture and diagnostics","src/index.html:1766",""
"dom:#shortcuts-reset","dom","preferences-workspace","settings-modal > button#shortcuts-reset","Reset all","src/js/timeline.js:9035 initSettingsModal()","click","UI (modal)","none","none (R14)","render@3","","browser and desktop","inventoried","R12/R13: characterize against a fixture and diagnostics","src/index.html:1881",""
"dom:#sp-h","dom","drawing-selection","sel-props-sec > input[number]#sp-h","Height","src/js/timeline.js:10682 wireLiveXformField() | src/js/timeline.js:10683 wireLiveXformField()","input | change","UI (contextual)","none","none (R14)","","static-props | masks-alpha | text | interaction","browser and desktop","inventoried","R12/R13: characterize against a fixture and diagnostics","src/index.html:449",""
"dom:#sp-rot","dom","drawing-selection","sel-props-sec > input[number]#sp-rot","Rotation relative to selection state (degrees)","src/js/timeline.js:10682 wireLiveXformField() | src/js/timeline.js:10683 wireLiveXformField()","input | change","UI (contextual)","none","none (R14)","","static-props | masks-alpha | text | interaction","browser and desktop","inventoried","R12/R13: characterize against a fixture and diagnostics","src/index.html:450",""
"dom:#sp-w","dom","drawing-selection","sel-props-sec > input[number]#sp-w","Width","src/js/timeline.js:10682 wireLiveXformField() | src/js/timeline.js:10683 wireLiveXformField()","input | change","UI (contextual)","none","none (R14)","","static-props | masks-alpha | text | interaction","browser and desktop","inventoried","R12/R13: characterize against a fixture and diagnostics","src/index.html:449",""
"dom:#sp-x","dom","drawing-selection","sel-props-sec > input[number]#sp-x","X — drag to scrub, click to type","src/js/timeline.js:10682 wireLiveXformField() | src/js/timeline.js:10683 wireLiveXformField()","input | change","UI (contextual)","none","none (R14)","","static-props | masks-alpha | text | interaction","browser and desktop","inventoried","R12/R13: characterize against a fixture and diagnostics","src/index.html:443",""
"dom:#sp-y","dom","drawing-selection","sel-props-sec > input[number]#sp-y","Y — drag to scrub, click to type","src/js/timeline.js:10682 wireLiveXformField() | src/js/timeline.js:10683 wireLiveXformField()","input | change","UI (contextual)","none","none (R14)","","static-props | masks-alpha | text | interaction","browser and desktop","inventoried","R12/R13: characterize against a fixture and diagnostics","src/index.html:443",""
"dom:#start-discord","dom","project-lifecycle-integrations","start-social > a#start-discord","start discord","href https://discord.gg/r28KY7h8a","click","UI","none","none (R14)","","media | migration","browser and desktop","inventoried","R12/R13: characterize against a fixture and diagnostics","src/index.html:108",""
"dom:#start-github","dom","project-lifecycle-integrations","start-social > a#start-github","start github","href https://github.com/mysteropodes/nemo","click","UI","none","none (R14)","","media | migration","browser and desktop","inventoried","R12/R13: characterize against a fixture and diagnostics","src/index.html:107",""
"dom:#start-new","dom","project-lifecycle-integrations","start-cards > div#start-new","start new","src/js/project.js:700 initStartScreen()","click","UI","none","none (R14)","","media | migration","browser and desktop","inventoried","R12/R13: characterize against a fixture and diagnostics","src/index.html:33",""
"dom:#start-open","dom","project-lifecycle-integrations","start-cards > div#start-open","start open","src/js/project.js:703 initStartScreen()","click","UI","none","none (R14)","native@1 persist@2 animation@3 render@3","media | migration","desktop (native bridge); browser degrades or is gated","inventoried","R12/R13: characterize against a fixture and diagnostics","src/index.html:38",""
"dom:#start-resume","dom","project-lifecycle-integrations","start-cards > div#start-resume","start resume","src/js/project.js:680 initStartScreen()","click","UI","none","none (R14)","persist@1 animation@2 render@2 native@2 selection@3","media | migration","desktop (native bridge); browser degrades or is gated","inventoried","R12/R13: characterize against a fixture and diagnostics","src/index.html:43",""
"dom:#stroke-enable-toggle","dom","drawing-selection","stroke-sec > div#stroke-enable-toggle","Enable/disable stroke","src/js/timeline.js:10448","click","UI","none","none (R14)","persist@2 history@2 selection@2 render@2 animation@3","static-props | masks-alpha | text | interaction","browser and desktop","inventoried","R12/R13: characterize against a fixture and diagnostics","src/index.html:930",""
"dom:#stroke-enable-toggle-lp","dom","drawing-selection","tools-panel > div#stroke-enable-toggle-lp","Enable/disable stroke","src/js/timeline.js:10401","click","UI","none","none (R14)","persist@2 history@2 selection@2 render@2 animation@3","static-props | masks-alpha | text | interaction","browser and desktop","inventoried","R12/R13: characterize against a fixture and diagnostics","src/index.html:253",""
"dom:#sync-check","dom","preferences-workspace","settings-modal > button#sync-check","Check for updates","src/js/timeline.js:9280 initSyncUI()","click","UI (modal)","none","none (R14)","native@2","","desktop (native bridge); browser degrades or is gated","inventoried","R12/R13: characterize against a fixture and diagnostics","src/index.html:1829",""
"dom:#sync-choose-folder","dom","preferences-workspace","settings-modal > button#sync-choose-folder","Choose…","src/js/timeline.js:9276 initSyncUI()","click","UI (modal)","none","none (R14)","native@2","","desktop (native bridge); browser degrades or is gated","inventoried","R12/R13: characterize against a fixture and diagnostics","src/index.html:1825",""
"dom:#sync-folder-path","dom","preferences-workspace","settings-modal > input[text]#sync-folder-path","sync folder path","src/js/timeline.js:9033 initSettingsModal()","click","UI (modal)","none","none (R14)","","","browser and desktop","inventoried","R12/R13: characterize against a fixture and diagnostics","src/index.html:1824",""
"dom:#sync-publish","dom","preferences-workspace","settings-modal > button#sync-publish","Publish","src/js/timeline.js:9279 initSyncUI()","click","UI (modal)","none","none (R14)","persist@2 native@2 animation@3","","desktop (native bridge); browser degrades or is gated","inventoried","R12/R13: characterize against a fixture and diagnostics","src/index.html:1828",""
"dom:#text-align","dom","drawing-selection","text-popover > select#text-align","Alignment","","","UI (contextual)","none","none (R14)","","static-props | masks-alpha | text | interaction","browser and desktop","unmapped","R03 follow-up: bind a handler or record unavailable-with-reason (referenced without an event registration at src/js/timeline.js:8034 resetTextPopoverFields())","src/index.html:2000",""
"dom:#text-apply","dom","drawing-selection","text-popover > button#text-apply","Place text","src/js/timeline.js:8569 initTextPopover()","click","UI (contextual)","none","none (R14)","persist@1 history@1 render@1 selection@2 animation@2 native@3","static-props | masks-alpha | text | interaction","desktop (native bridge); browser degrades or is gated","inventoried","R12/R13: characterize against a fixture and diagnostics","src/index.html:2006",""
"dom:#text-cancel","dom","drawing-selection","text-popover > button#text-cancel","Cancel","src/js/timeline.js:8570 initTextPopover()","click","UI (contextual)","none","none (R14)","","static-props | masks-alpha | text | interaction","browser and desktop","inventoried","R12/R13: characterize against a fixture and diagnostics","src/index.html:2005",""
"dom:#text-color","dom","drawing-selection","text-popover > input[color]#text-color","Color","","","UI (contextual)","none","none (R14)","","static-props | masks-alpha | text | interaction","browser and desktop","unmapped","R03 follow-up: bind a handler or record unavailable-with-reason (referenced without an event registration at src/js/timeline.js:8035 resetTextPopoverFields())","src/index.html:1997",""
"dom:#text-font","dom","drawing-selection","text-popover > select#text-font","The ""(vector)"" options produce real editable vector shapes instead of an image","","","UI (contextual)","none","none (R14)","","static-props | masks-alpha | text | interaction","browser and desktop","unmapped","R03 follow-up: bind a handler or record unavailable-with-reason (referenced without an event registration at src/js/timeline.js:8033 resetTextPopoverFields())","src/index.html:1992",""
"dom:#text-input","dom","drawing-selection","text-popover > textarea#text-input","text input","src/js/timeline.js:8579 initTextPopover()","keydown","UI (contextual)","none","none (R14)","persist@2 history@2 render@2 selection@3 animation@3","static-props | masks-alpha | text | interaction","browser and desktop","inventoried","R12/R13: characterize against a fixture and diagnostics","src/index.html:1989",""
"dom:#text-size","dom","drawing-selection","text-popover > input[number]#text-size","Size (px)","","","UI (contextual)","none","none (R14)","","static-props | masks-alpha | text | interaction","browser and desktop","unmapped","R03 follow-up: bind a handler or record unavailable-with-reason (referenced without an event registration at src/js/timeline.js:8032 resetTextPopoverFields())","src/index.html:1991",""
"dom:#tl-cf","dom","timeline-layers-frames","tl-toolbar > input[number]#tl-cf","cf","src/js/timeline.js:11412","change","UI","none","none (R14)","animation@1 render@2 persist@2 selection@2 native@3","keyed-props | held-frames | components","desktop (native bridge); browser degrades or is gated","inventoried","R12/R13: characterize against a fixture and diagnostics","src/index.html:2133",""
"dom:#tl-fps","dom","timeline-layers-frames","tl-toolbar > input[number]#tl-fps","fps","src/js/timeline.js:11405","change","UI","none","none (R14)","render@3 persist@3","keyed-props | held-frames | components","browser and desktop","inventoried","R12/R13: characterize against a fixture and diagnostics","src/index.html:2151",""
"dom:#tl-total","dom","timeline-layers-frames","tl-toolbar > input[number]#tl-total","total","src/js/timeline.js:11406","change","UI","none","none (R14)","persist@2 animation@2 render@2 selection@3","keyed-props | held-frames | components","browser and desktop","inventoried","R12/R13: characterize against a fixture and diagnostics","src/index.html:2152",""
"dom:#tools-invert-btn","dom","drawing-selection","tools-panel > button#tools-invert-btn","Swap stroke and fill colors (X). Shift+X: flip selection horizontally, Shift+Alt+X: vertically","src/js/ui.js:742","click","UI","none","none (R14)","persist@3 history@3 selection@3 render@3","static-props | masks-alpha | text | interaction","browser and desktop","inventoried","R12/R13: characterize against a fixture and diagnostics","src/index.html:260",""
"dom:#topbar-comment-btn","dom","drawing-selection","app-topbar > button#topbar-comment-btn","Comment","src/js/timeline.js:10323","click","UI | keyboard (tool shortcut)","none","none (R14)","render@2 selection@3 persist@3 animation@3","static-props | masks-alpha | text | interaction","browser and desktop","inventoried","R12/R13: characterize against a fixture and diagnostics","src/index.html:150",""
"dom:#tp-color","dom","drawing-selection","text-props-sec > input[color]#tp-color","Color","src/js/timeline.js:8856","change","UI (contextual)","none","none (R14)","persist@1 history@1 selection@1 render@1 animation@2 native@3","static-props | masks-alpha | text | interaction","desktop (native bridge); browser degrades or is gated","inventoried","R12/R13: characterize against a fixture and diagnostics","src/index.html:564",""
"dom:#tp-content","dom","drawing-selection","text-props-sec > textarea#tp-content","Text content","src/js/timeline.js:8854","blur","UI (contextual)","none","none (R14)","persist@1 history@1 selection@1 render@1 animation@2 native@3","static-props | masks-alpha | text | interaction","desktop (native bridge); browser degrades or is gated","inventoried","R12/R13: characterize against a fixture and diagnostics","src/index.html:547",""
"dom:#tp-fixed-width","dom","drawing-selection","text-props-sec > input[number]#tp-fixed-width","tp fixed width","src/js/timeline.js:8856","change","UI (contextual)","none","none (R14)","persist@1 history@1 selection@1 render@1 animation@2 native@3","static-props | masks-alpha | text | interaction","desktop (native bridge); browser degrades or is gated","inventoried","R12/R13: characterize against a fixture and diagnostics","src/index.html:606",""
"dom:#tp-font","dom","drawing-selection","text-props-sec > select#tp-font","Font","src/js/timeline.js:8856","change","UI (contextual)","none","none (R14)","persist@1 history@1 selection@1 render@1 animation@2 native@3","static-props | masks-alpha | text | interaction","desktop (native bridge); browser degrades or is gated","inventoried","R12/R13: characterize against a fixture and diagnostics","src/index.html:549",""
"dom:#tp-font-add-btn","dom","drawing-selection","text-props-sec > button[button]#tp-font-add-btn","Add a Google Font by name","src/js/timeline.js:8889","click","UI (contextual)","none","none (R14)","","static-props | masks-alpha | text | interaction","browser and desktop","inventoried","R12/R13: characterize against a fixture and diagnostics","src/index.html:562",""
"dom:#tp-font-add-confirm","dom","drawing-selection","tp-font-add-row > button[button]#tp-font-add-confirm","Add","src/js/timeline.js:8927","click","UI (contextual)","none","none (R14)","persist@2 history@2 selection@2 render@2 animation@3 native@3","static-props | masks-alpha | text | interaction","desktop (native bridge); browser degrades or is gated","inventoried","R12/R13: characterize against a fixture and diagnostics","src/index.html:568",""
"dom:#tp-font-add-input","dom","drawing-selection","tp-font-add-row > input[text]#tp-font-add-input","tp font add input","src/js/timeline.js:8928","keydown","UI (contextual)","none","none (R14)","persist@3 history@3 selection@3 render@3","static-props | masks-alpha | text | interaction","browser and desktop","inventoried","R12/R13: characterize against a fixture and diagnostics","src/index.html:567",""
"dom:#tp-letter-spacing","dom","drawing-selection","text-props-sec > input[number]#tp-letter-spacing","tp letter spacing","src/js/timeline.js:8856","change","UI (contextual)","none","none (R14)","persist@1 history@1 selection@1 render@1 animation@2 native@3","static-props | masks-alpha | text | interaction","desktop (native bridge); browser degrades or is gated","inventoried","R12/R13: characterize against a fixture and diagnostics","src/index.html:590",""
"dom:#tp-line-height","dom","drawing-selection","text-props-sec > input[number]#tp-line-height","tp line height","src/js/timeline.js:8856","change","UI (contextual)","none","none (R14)","persist@1 history@1 selection@1 render@1 animation@2 native@3","static-props | masks-alpha | text | interaction","desktop (native bridge); browser degrades or is gated","inventoried","R12/R13: characterize against a fixture and diagnostics","src/index.html:594",""
"dom:#tp-size","dom","drawing-selection","text-props-sec > input[number]#tp-size","Size (px)","src/js/timeline.js:8856","change","UI (contextual)","none","none (R14)","persist@1 history@1 selection@1 render@1 animation@2 native@3","static-props | masks-alpha | text | interaction","desktop (native bridge); browser degrades or is gated","inventoried","R12/R13: characterize against a fixture and diagnostics","src/index.html:563",""
"dom:#tp-word-spacing","dom","drawing-selection","text-props-sec > input[number]#tp-word-spacing","tp word spacing","src/js/timeline.js:8856","change","UI (contextual)","none","none (R14)","persist@1 history@1 selection@1 render@1 animation@2 native@3","static-props | masks-alpha | text | interaction","desktop (native bridge); browser degrades or is gated","inventoried","R12/R13: characterize against a fixture and diagnostics","src/index.html:600",""
"dom:#track-end","dom","animation-rigs-expressions","footage-track-sec > input[number]#track-end","track end","src/js/tracker-panel.js:165 wire()","input","UI (contextual)","none","none (R14)","","static-props | keyed-props | expression-props | held-frames | text | migration","browser and desktop","inventoried","R12/R13: characterize against a fixture and diagnostics","src/index.html:1396",""
"dom:#track-start","dom","animation-rigs-expressions","footage-track-sec > input[number]#track-start","track start","src/js/tracker-panel.js:165 wire()","input","UI (contextual)","none","none (R14)","","static-props | keyed-props | expression-props | held-frames | text | migration","browser and desktop","inventoried","R12/R13: characterize against a fixture and diagnostics","src/index.html:1395",""
"dom:#track-target","dom","animation-rigs-expressions","track-apply-row > select#track-target","track target","","","UI (contextual)","none","none (R14)","","static-props | keyed-props | expression-props | held-frames | text | migration","browser and desktop","unmapped","R03 follow-up: bind a handler or record unavailable-with-reason (referenced without an event registration at src/js/tracker-panel.js:110 fillTargets())","src/index.html:1400",""
"dom:#track-x","dom","animation-rigs-expressions","footage-track-sec > input[number]#track-x","track x","src/js/tracker-panel.js:169 wire()","input","UI (contextual)","none","none (R14)","","static-props | keyed-props | expression-props | held-frames | text | migration","browser and desktop","inventoried","R12/R13: characterize against a fixture and diagnostics","src/index.html:1390",""
"dom:#track-y","dom","animation-rigs-expressions","footage-track-sec > input[number]#track-y","track y","src/js/tracker-panel.js:169 wire()","input","UI (contextual)","none","none (R14)","","static-props | keyed-props | expression-props | held-frames | text | migration","browser and desktop","inventoried","R12/R13: characterize against a fixture and diagnostics","src/index.html:1391",""
"dom:#transplant-file-input","dom","timeline-layers-frames","props-panel > input[file]#transplant-file-input","transplant file input","src/js/transplant.js:44 ensureModal()","change","UI","none","none (R14)","","keyed-props | held-frames | components","browser and desktop","inventoried","R12/R13: characterize against a fixture and diagnostics","src/index.html:1337",""
"dom:#video-input","dom","media-import-export","legacy-project-actions > input[file]#video-input","video input","src/js/images.js:698","change","UI (contextual)","none","none (R14)","native@3","mesh | media | export","desktop (native bridge); browser degrades or is gated","inventoried","R12/R13: characterize against a fixture and diagnostics","src/index.html:1625",""
"dom:#web-changelog-toggle","dom","project-lifecycle-integrations","web-changelog-row > button#web-changelog-toggle","See recent changes…","src/js/updater-bridge.js:198 initWebChangelog()","click","UI (modal)","none","none (R14)","","media | migration","browser and desktop","inventoried","R12/R13: characterize against a fixture and diagnostics","src/index.html:1815",""
"dom:#zoom-scrub","dom","timeline-layers-frames","canvas-zoom-pills > input[number]#zoom-scrub","zoom scrub","src/js/timeline.js:11089","input","UI","none","none (R14)","render@1 persist@3 selection@3 animation@3 native@3","keyed-props | held-frames | components","desktop (native bridge); browser degrades or is gated","inventoried","R12/R13: characterize against a fixture and diagnostics","src/index.html:334",""
"dom:a@1853","dom","preferences-workspace","settings-modal > a","mysteropodes/strokemotion-feedback","src/js/timeline.js:9033 initSettingsModal()","click","UI (modal)","none","none (R14)","","","browser and desktop","inventoried","R12/R13: characterize against a fixture and diagnostics","src/index.html:1853",""
"dom:a@1899","dom","preferences-workspace","settings-modal > a","github.com/mysteropodes","src/js/timeline.js:9033 initSettingsModal()","click","UI (modal)","none","none (R14)","","","browser and desktop","inventoried","R12/R13: characterize against a fixture and diagnostics","src/index.html:1899",""
"dom:a@1903","dom","preferences-workspace","settings-modal > a","","src/js/timeline.js:9033 initSettingsModal()","click","UI (modal)","none","none (R14)","","","browser and desktop","inventoried","R12/R13: characterize against a fixture and diagnostics","src/index.html:1903",""
"dom:a@1908","dom","preferences-workspace","settings-modal > a","☕","src/js/timeline.js:9033 initSettingsModal()","click","UI (modal)","none","none (R14)","","","browser and desktop","inventoried","R12/R13: characterize against a fixture and diagnostics","src/index.html:1908",""
"dom:button[data-tool=draw]@184","dom","drawing-selection","tools-panel > button","Brush","src/js/timeline.js:10323","click","UI | keyboard (tool shortcut)","none","none (R14)","render@2 selection@3 persist@3 animation@3","static-props | masks-alpha | text | interaction","browser and desktop","inventoried","R12/R13: characterize against a fixture and diagnostics","src/index.html:184",""
"dom:button[data-tool=ellipse]@214","dom","drawing-selection","shape-tool-stack > button","Ellipse","src/js/timeline.js:10323","click","UI | keyboard (tool shortcut)","none","none (R14)","render@2 selection@3 persist@3 animation@3","static-props | masks-alpha | text | interaction","browser and desktop","inventoried","R12/R13: characterize against a fixture and diagnostics","src/index.html:214",""
"dom:button[data-tool=eraser]@222","dom","drawing-selection","tools-panel > button","Eraser (E in Animation 2D — Motion mode reserves E to reveal Effects)","src/js/timeline.js:10323","click","UI | keyboard (tool shortcut)","none","none (R14)","render@2 selection@3 persist@3 animation@3","static-props | masks-alpha | text | interaction","browser and desktop","inventoried","R12/R13: characterize against a fixture and diagnostics","src/index.html:222",""
"dom:button[data-tool=eyedropper]@224","dom","drawing-selection","tools-panel > button","Eyedropper","src/js/timeline.js:10323","click","UI | keyboard (tool shortcut)","none","none (R14)","render@2 selection@3 persist@3 animation@3","static-props | masks-alpha | text | interaction","browser and desktop","inventoried","R12/R13: characterize against a fixture and diagnostics","src/index.html:224",""
"dom:button[data-tool=fill]@223","dom","drawing-selection","tools-panel > button","Fill","src/js/timeline.js:10323","click","UI | keyboard (tool shortcut)","none","none (R14)","render@2 selection@3 persist@3 animation@3","static-props | masks-alpha | text | interaction","browser and desktop","inventoried","R12/R13: characterize against a fixture and diagnostics","src/index.html:223",""
"dom:button[data-tool=fillbrush]@186","dom","drawing-selection","tools-panel > button","Fill Brush","src/js/timeline.js:10323","click","UI | keyboard (tool shortcut)","none","none (R14)","render@2 selection@3 persist@3 animation@3","static-props | masks-alpha | text | interaction","browser and desktop","inventoried","R12/R13: characterize against a fixture and diagnostics","src/index.html:186",""
"dom:button[data-tool=fsselect]@182","dom","drawing-selection","tools-panel > button","Fill/Stroke Select — click a fill or a stroke segment to select it independently (M in Animation 2D — Motion mode reserves M to reveal Mattes)","src/js/timeline.js:10323","click","UI | keyboard (tool shortcut)","none","none (R14)","render@2 selection@3 persist@3 animation@3","static-props | masks-alpha | text | interaction","browser and desktop","inventoried","R12/R13: characterize against a fixture and diagnostics","src/index.html:182",""
"dom:button[data-tool=hand]@231","dom","drawing-selection","tools-panel > button","Hand","src/js/timeline.js:10323","click","UI | keyboard (tool shortcut)","none","none (R14)","render@2 selection@3 persist@3 animation@3","static-props | masks-alpha | text | interaction","browser and desktop","inventoried","R12/R13: characterize against a fixture and diagnostics","src/index.html:231",""
"dom:button[data-tool=line]@213","dom","drawing-selection","shape-tool-stack > button","Line (U in Animation 2D — Motion mode reserves U to reveal animated properties)","src/js/timeline.js:10323","click","UI | keyboard (tool shortcut)","none","none (R14)","render@2 selection@3 persist@3 animation@3","static-props | masks-alpha | text | interaction","browser and desktop","inventoried","R12/R13: characterize against a fixture and diagnostics","src/index.html:213",""
"dom:button[data-tool=pen]@185","dom","drawing-selection","tools-panel > button","Pen","src/js/timeline.js:10323","click","UI | keyboard (tool shortcut)","none","none (R14)","render@2 selection@3 persist@3 animation@3","static-props | masks-alpha | text | interaction","browser and desktop","inventoried","R12/R13: characterize against a fixture and diagnostics","src/index.html:185",""
"dom:button[data-tool=rect]@212","dom","drawing-selection","shape-tool-stack > button","Rectangle","src/js/timeline.js:10323","click","UI | keyboard (tool shortcut)","none","none (R14)","render@2 selection@3 persist@3 animation@3","static-props | masks-alpha | text | interaction","browser and desktop","inventoried","R12/R13: characterize against a fixture and diagnostics","src/index.html:212",""
"dom:button[data-tool=rig]@195","dom","drawing-selection","tools-panel > button","Rig — 3 steps in the panel: 1. Draw (click=anchor, drag=curve) 2. Assign (link shapes to bones) 3. Move (drag an anchor to pose) (S in Animation 2D — Motion mode reserves S for Scale)","src/js/timeline.js:10323","click","UI | keyboard (tool shortcut)","none","none (R14)","render@2 selection@3 persist@3 animation@3","static-props | masks-alpha | text | interaction","browser and desktop","inventoried","R12/R13: characterize against a fixture and diagnostics","src/index.html:195",""
"dom:button[data-tool=rotate]@233","dom","drawing-selection","tools-panel > button","Rotate canvas","src/js/timeline.js:10323","click","UI | keyboard (tool shortcut)","none","none (R14)","render@2 selection@3 persist@3 animation@3","static-props | masks-alpha | text | interaction","browser and desktop","inventoried","R12/R13: characterize against a fixture and diagnostics","src/index.html:233",""
"dom:button[data-tool=select]@175","dom","drawing-selection","tools-panel > button","Select","src/js/timeline.js:10323","click","UI | keyboard (tool shortcut)","none","none (R14)","render@2 selection@3 persist@3 animation@3","static-props | masks-alpha | text | interaction","browser and desktop","inventoried","R12/R13: characterize against a fixture and diagnostics","src/index.html:175",""
"dom:button[data-tool=speechbubble]@215","dom","drawing-selection","shape-tool-stack > button","Speech bubble — rounded rect with an auto tail, drag to size (D)","src/js/timeline.js:10323","click","UI | keyboard (tool shortcut)","none","none (R14)","render@2 selection@3 persist@3 animation@3","static-props | masks-alpha | text | interaction","browser and desktop","inventoried","R12/R13: characterize against a fixture and diagnostics","src/index.html:215",""
"dom:button[data-tool=star]@216","dom","drawing-selection","shape-tool-stack > button","Star / Polygon — drag to size, adjust point count / inner radius / corner rounding in the panel (K)","src/js/timeline.js:10323","click","UI | keyboard (tool shortcut)","none","none (R14)","render@2 selection@3 persist@3 animation@3","static-props | masks-alpha | text | interaction","browser and desktop","inventoried","R12/R13: characterize against a fixture and diagnostics","src/index.html:216",""
"dom:button[data-tool=subselect]@176","dom","drawing-selection","tools-panel > button","Subselect (nodes)","src/js/timeline.js:10323","click","UI | keyboard (tool shortcut)","none","none (R14)","render@2 selection@3 persist@3 animation@3","static-props | masks-alpha | text | interaction","browser and desktop","inventoried","R12/R13: characterize against a fixture and diagnostics","src/index.html:176",""
"dom:button[data-tool=text]@220","dom","drawing-selection","tools-panel > button","Text","src/js/timeline.js:10323","click","UI | keyboard (tool shortcut)","none","none (R14)","render@2 selection@3 persist@3 animation@3","static-props | masks-alpha | text | interaction","browser and desktop","inventoried","R12/R13: characterize against a fixture and diagnostics","src/index.html:220",""
"dom:button[data-tool=zoom]@232","dom","drawing-selection","tools-panel > button","Zoom","src/js/timeline.js:10323","click","UI | keyboard (tool shortcut)","none","none (R14)","render@2 selection@3 persist@3 animation@3","static-props | masks-alpha | text | interaction","browser and desktop","inventoried","R12/R13: characterize against a fixture and diagnostics","src/index.html:232",""
"dom:button@1171","dom","drawing-selection","p-fillbrushmode-grp > button","Above — on top of existing fills","src/js/timeline.js:10569 wireIconGroup()","click","UI (contextual)","none","none (R14)","","static-props | masks-alpha | text | interaction","browser and desktop","inventoried","R12/R13: characterize against a fixture and diagnostics","src/index.html:1171",""
"dom:button@1172","dom","drawing-selection","p-fillbrushmode-grp > button","Below — behind existing fills (background patch)","src/js/timeline.js:10569 wireIconGroup()","click","UI (contextual)","none","none (R14)","","static-props | masks-alpha | text | interaction","browser and desktop","inventoried","R12/R13: characterize against a fixture and diagnostics","src/index.html:1172",""
"dom:button@1173","dom","drawing-selection","p-fillbrushmode-grp > button","Merge — unite with any existing fill it overlaps","src/js/timeline.js:10569 wireIconGroup()","click","UI (contextual)","none","none (R14)","","static-props | masks-alpha | text | interaction","browser and desktop","inventoried","R12/R13: characterize against a fixture and diagnostics","src/index.html:1173",""
"dom:button@137","dom","animation-rigs-expressions","app-mode-switch > button","StoryBoard — in development, not yet available in this build","src/js/motion.js:13293 initModeSwitch()","click","UI","none","none (R14)","persist@2 render@2 history@3 animation@3 selection@3","static-props | keyed-props | expression-props | held-frames | text | migration","browser and desktop","inventoried","R12/R13: characterize against a fixture and diagnostics","src/index.html:137",""
"dom:button@138","dom","animation-rigs-expressions","app-mode-switch > button","2D Animation","src/js/motion.js:13293 initModeSwitch()","click","UI","none","none (R14)","persist@2 render@2 history@3 animation@3 selection@3","static-props | keyed-props | expression-props | held-frames | text | migration","browser and desktop","inventoried","R12/R13: characterize against a fixture and diagnostics","src/index.html:138",""
"dom:button@139","dom","animation-rigs-expressions","app-mode-switch > button","Motion — property keyframes (position/rotation/scale/opacity)","src/js/motion.js:13293 initModeSwitch()","click","UI","none","none (R14)","persist@2 render@2 history@3 animation@3 selection@3","static-props | keyed-props | expression-props | held-frames | text | migration","browser and desktop","inventoried","R12/R13: characterize against a fixture and diagnostics","src/index.html:139",""
"dom:button@1753","dom","preferences-workspace","settings-tabs > button","General","src/js/timeline.js:9015 initSettingsTabs()","click","UI (modal)","none","none (R14)","","","browser and desktop","inventoried","R12/R13: characterize against a fixture and diagnostics","src/index.html:1753",""
"dom:button@1754","dom","preferences-workspace","settings-tabs > button","Updates","src/js/timeline.js:9015 initSettingsTabs()","click","UI (modal)","none","none (R14)","","","browser and desktop","inventoried","R12/R13: characterize against a fixture and diagnostics","src/index.html:1754",""
"dom:button@1755","dom","preferences-workspace","settings-tabs > button","Collaboration","src/js/timeline.js:9015 initSettingsTabs()","click","UI (modal)","none","none (R14)","","","browser and desktop","inventoried","R12/R13: characterize against a fixture and diagnostics","src/index.html:1755",""
"dom:button@1756","dom","preferences-workspace","settings-tabs > button","Feedback","src/js/timeline.js:9015 initSettingsTabs()","click","UI (modal)","none","none (R14)","","","browser and desktop","inventoried","R12/R13: characterize against a fixture and diagnostics","src/index.html:1756",""
"dom:button@1757","dom","preferences-workspace","settings-tabs > button","Figma","src/js/timeline.js:9015 initSettingsTabs()","click","UI (modal)","none","none (R14)","","","browser and desktop","inventoried","R12/R13: characterize against a fixture and diagnostics","src/index.html:1757",""
"dom:button@1758","dom","preferences-workspace","settings-tabs > button","Shortcuts","src/js/timeline.js:9015 initSettingsTabs()","click","UI (modal)","none","none (R14)","","","browser and desktop","inventoried","R12/R13: characterize against a fixture and diagnostics","src/index.html:1758",""
"dom:button@1759","dom","preferences-workspace","settings-tabs > button","Labs","src/js/timeline.js:9015 initSettingsTabs()","click","UI (modal)","none","none (R14)","","","browser and desktop","inventoried","R12/R13: characterize against a fixture and diagnostics","src/index.html:1759",""
"dom:button@1760","dom","preferences-workspace","settings-tabs > button","About","src/js/timeline.js:9015 initSettingsTabs()","click","UI (modal)","none","none (R14)","","","browser and desktop","inventoried","R12/R13: characterize against a fixture and diagnostics","src/index.html:1760",""
"dom:button@2068","dom","project-lifecycle-integrations","comment-fb-tags > button[button]","🐞","src/js/timeline.js:7904 initCommentPopover()","click","UI (contextual)","none","none (R14)","","media | migration","browser and desktop","inventoried","R12/R13: characterize against a fixture and diagnostics","src/index.html:2068",""
"dom:button@2069","dom","project-lifecycle-integrations","comment-fb-tags > button[button]","⚡","src/js/timeline.js:7904 initCommentPopover()","click","UI (contextual)","none","none (R14)","","media | migration","browser and desktop","inventoried","R12/R13: characterize against a fixture and diagnostics","src/index.html:2069",""
"dom:button@2070","dom","project-lifecycle-integrations","comment-fb-tags > button[button]","💡","src/js/timeline.js:7904 initCommentPopover()","click","UI (contextual)","none","none (R14)","","media | migration","browser and desktop","inventoried","R12/R13: characterize against a fixture and diagnostics","src/index.html:2070",""
"dom:button@2071","dom","project-lifecycle-integrations","comment-fb-tags > button[button]","✨","src/js/timeline.js:7904 initCommentPopover()","click","UI (contextual)","none","none (R14)","","media | migration","browser and desktop","inventoried","R12/R13: characterize against a fixture and diagnostics","src/index.html:2071",""
"dom:button@418","dom","drawing-selection","align-toolbar > button","Align left","src/js/timeline.js:10762","click","UI (contextual)","none","none (R14)","persist@2 history@2 selection@2 render@2 animation@3","static-props | masks-alpha | text | interaction","browser and desktop","inventoried","R12/R13: characterize against a fixture and diagnostics","src/index.html:418",""
"dom:button@419","dom","drawing-selection","align-toolbar > button","Align center horizontally","src/js/timeline.js:10762","click","UI (contextual)","none","none (R14)","persist@2 history@2 selection@2 render@2 animation@3","static-props | masks-alpha | text | interaction","browser and desktop","inventoried","R12/R13: characterize against a fixture and diagnostics","src/index.html:419",""
"dom:button@420","dom","drawing-selection","align-toolbar > button","Align right","src/js/timeline.js:10762","click","UI (contextual)","none","none (R14)","persist@2 history@2 selection@2 render@2 animation@3","static-props | masks-alpha | text | interaction","browser and desktop","inventoried","R12/R13: characterize against a fixture and diagnostics","src/index.html:420",""
"dom:button@422","dom","drawing-selection","align-toolbar > button","Align top","src/js/timeline.js:10762","click","UI (contextual)","none","none (R14)","persist@2 history@2 selection@2 render@2 animation@3","static-props | masks-alpha | text | interaction","browser and desktop","inventoried","R12/R13: characterize against a fixture and diagnostics","src/index.html:422",""
"dom:button@423","dom","drawing-selection","align-toolbar > button","Align center vertically","src/js/timeline.js:10762","click","UI (contextual)","none","none (R14)","persist@2 history@2 selection@2 render@2 animation@3","static-props | masks-alpha | text | interaction","browser and desktop","inventoried","R12/R13: characterize against a fixture and diagnostics","src/index.html:423",""
"dom:button@424","dom","drawing-selection","align-toolbar > button","Align bottom","src/js/timeline.js:10762","click","UI (contextual)","none","none (R14)","persist@2 history@2 selection@2 render@2 animation@3","static-props | masks-alpha | text | interaction","browser and desktop","inventoried","R12/R13: characterize against a fixture and diagnostics","src/index.html:424",""
"dom:button@431","dom","drawing-selection","align-toolbar > button","Distribute horizontally","src/js/timeline.js:10765","click","UI (contextual)","none","none (R14)","persist@2 history@2 selection@2 render@2 animation@3","static-props | masks-alpha | text | interaction","browser and desktop","inventoried","R12/R13: characterize against a fixture and diagnostics","src/index.html:431",""
"dom:button@432","dom","drawing-selection","align-toolbar > button","Distribute vertically","src/js/timeline.js:10765","click","UI (contextual)","none","none (R14)","persist@2 history@2 selection@2 render@2 animation@3","static-props | masks-alpha | text | interaction","browser and desktop","inventoried","R12/R13: characterize against a fixture and diagnostics","src/index.html:432",""
"dom:button@457","dom","timeline-layers-frames","xform-anchor-grid > button","Top-left","src/js/timeline.js:10746","click","UI (contextual)","none","none (R14)","persist@1 selection@1 render@1 animation@3 native@3","keyed-props | held-frames | components","desktop (native bridge); browser degrades or is gated","inventoried","R12/R13: characterize against a fixture and diagnostics","src/index.html:457",""
"dom:button@458","dom","timeline-layers-frames","xform-anchor-grid > button","Top-center","src/js/timeline.js:10746","click","UI (contextual)","none","none (R14)","persist@1 selection@1 render@1 animation@3 native@3","keyed-props | held-frames | components","desktop (native bridge); browser degrades or is gated","inventoried","R12/R13: characterize against a fixture and diagnostics","src/index.html:458",""
"dom:button@459","dom","timeline-layers-frames","xform-anchor-grid > button","Top-right","src/js/timeline.js:10746","click","UI (contextual)","none","none (R14)","persist@1 selection@1 render@1 animation@3 native@3","keyed-props | held-frames | components","desktop (native bridge); browser degrades or is gated","inventoried","R12/R13: characterize against a fixture and diagnostics","src/index.html:459",""
"dom:button@460","dom","timeline-layers-frames","xform-anchor-grid > button","Middle-left","src/js/timeline.js:10746","click","UI (contextual)","none","none (R14)","persist@1 selection@1 render@1 animation@3 native@3","keyed-props | held-frames | components","desktop (native bridge); browser degrades or is gated","inventoried","R12/R13: characterize against a fixture and diagnostics","src/index.html:460",""
"dom:button@461","dom","timeline-layers-frames","xform-anchor-grid > button","Center","src/js/timeline.js:10746","click","UI (contextual)","none","none (R14)","persist@1 selection@1 render@1 animation@3 native@3","keyed-props | held-frames | components","desktop (native bridge); browser degrades or is gated","inventoried","R12/R13: characterize against a fixture and diagnostics","src/index.html:461",""
"dom:button@462","dom","timeline-layers-frames","xform-anchor-grid > button","Middle-right","src/js/timeline.js:10746","click","UI (contextual)","none","none (R14)","persist@1 selection@1 render@1 animation@3 native@3","keyed-props | held-frames | components","desktop (native bridge); browser degrades or is gated","inventoried","R12/R13: characterize against a fixture and diagnostics","src/index.html:462",""
"dom:button@463","dom","timeline-layers-frames","xform-anchor-grid > button","Bottom-left","src/js/timeline.js:10746","click","UI (contextual)","none","none (R14)","persist@1 selection@1 render@1 animation@3 native@3","keyed-props | held-frames | components","desktop (native bridge); browser degrades or is gated","inventoried","R12/R13: characterize against a fixture and diagnostics","src/index.html:463",""
"dom:button@464","dom","timeline-layers-frames","xform-anchor-grid > button","Bottom-center","src/js/timeline.js:10746","click","UI (contextual)","none","none (R14)","persist@1 selection@1 render@1 animation@3 native@3","keyed-props | held-frames | components","desktop (native bridge); browser degrades or is gated","inventoried","R12/R13: characterize against a fixture and diagnostics","src/index.html:464",""
"dom:button@465","dom","timeline-layers-frames","xform-anchor-grid > button","Bottom-right","src/js/timeline.js:10746","click","UI (contextual)","none","none (R14)","persist@1 selection@1 render@1 animation@3 native@3","keyed-props | held-frames | components","desktop (native bridge); browser degrades or is gated","inventoried","R12/R13: characterize against a fixture and diagnostics","src/index.html:465",""
"dom:button@571","dom","drawing-selection","text-props-sec > button","Left","src/js/timeline.js:8859","click","UI (contextual)","none","none (R14)","persist@2 history@2 selection@2 render@2 animation@3","static-props | masks-alpha | text | interaction","browser and desktop","inventoried","R12/R13: characterize against a fixture and diagnostics","src/index.html:571",""
"dom:button@572","dom","drawing-selection","text-props-sec > button","Center","src/js/timeline.js:8859","click","UI (contextual)","none","none (R14)","persist@2 history@2 selection@2 render@2 animation@3","static-props | masks-alpha | text | interaction","browser and desktop","inventoried","R12/R13: characterize against a fixture and diagnostics","src/index.html:572",""
"dom:button@573","dom","drawing-selection","text-props-sec > button","Right","src/js/timeline.js:8859","click","UI (contextual)","none","none (R14)","persist@2 history@2 selection@2 render@2 animation@3","static-props | masks-alpha | text | interaction","browser and desktop","inventoried","R12/R13: characterize against a fixture and diagnostics","src/index.html:573",""
"dom:button@576","dom","drawing-selection","text-props-sec > button","B","src/js/timeline.js:8865","click","UI (contextual)","none","none (R14)","persist@2 history@2 selection@2 render@2 animation@3","static-props | masks-alpha | text | interaction","browser and desktop","inventoried","R12/R13: characterize against a fixture and diagnostics","src/index.html:576",""
"dom:button@577","dom","drawing-selection","text-props-sec > button","I","src/js/timeline.js:8865","click","UI (contextual)","none","none (R14)","persist@2 history@2 selection@2 render@2 animation@3","static-props | masks-alpha | text | interaction","browser and desktop","inventoried","R12/R13: characterize against a fixture and diagnostics","src/index.html:577",""
"dom:button@578","dom","drawing-selection","text-props-sec > button","U","src/js/timeline.js:8865","click","UI (contextual)","none","none (R14)","persist@2 history@2 selection@2 render@2 animation@3","static-props | masks-alpha | text | interaction","browser and desktop","inventoried","R12/R13: characterize against a fixture and diagnostics","src/index.html:578",""
"dom:button@579","dom","drawing-selection","text-props-sec > button","S","src/js/timeline.js:8865","click","UI (contextual)","none","none (R14)","persist@2 history@2 selection@2 render@2 animation@3","static-props | masks-alpha | text | interaction","browser and desktop","inventoried","R12/R13: characterize against a fixture and diagnostics","src/index.html:579",""
"dom:button@582","dom","drawing-selection","text-props-sec > button","Aa","src/js/timeline.js:8868","click","UI (contextual)","none","none (R14)","persist@2 history@2 selection@2 render@2 animation@3","static-props | masks-alpha | text | interaction","browser and desktop","inventoried","R12/R13: characterize against a fixture and diagnostics","src/index.html:582",""
"dom:button@583","dom","drawing-selection","text-props-sec > button","AA","src/js/timeline.js:8868","click","UI (contextual)","none","none (R14)","persist@2 history@2 selection@2 render@2 animation@3","static-props | masks-alpha | text | interaction","browser and desktop","inventoried","R12/R13: characterize against a fixture and diagnostics","src/index.html:583",""
"dom:button@584","dom","drawing-selection","text-props-sec > button","aa","src/js/timeline.js:8868","click","UI (contextual)","none","none (R14)","persist@2 history@2 selection@2 render@2 animation@3","static-props | masks-alpha | text | interaction","browser and desktop","inventoried","R12/R13: characterize against a fixture and diagnostics","src/index.html:584",""
"dom:button@585","dom","drawing-selection","text-props-sec > button","Ab","src/js/timeline.js:8868","click","UI (contextual)","none","none (R14)","persist@2 history@2 selection@2 render@2 animation@3","static-props | masks-alpha | text | interaction","browser and desktop","inventoried","R12/R13: characterize against a fixture and diagnostics","src/index.html:585",""
"dom:button@604","dom","drawing-selection","text-props-sec > button","Auto width","src/js/timeline.js:8874","click","UI (contextual)","none","none (R14)","persist@2 history@2 selection@2 render@2 animation@3","static-props | masks-alpha | text | interaction","browser and desktop","inventoried","R12/R13: characterize against a fixture and diagnostics","src/index.html:604",""
"dom:button@605","dom","drawing-selection","text-props-sec > button","Fixed width","src/js/timeline.js:8874","click","UI (contextual)","none","none (R14)","persist@2 history@2 selection@2 render@2 animation@3","static-props | masks-alpha | text | interaction","browser and desktop","inventoried","R12/R13: characterize against a fixture and diagnostics","src/index.html:605",""
"dom:button@958","dom","drawing-selection","p-cap-grp > button","Round","src/js/timeline.js:10569 wireIconGroup()","click","UI","none","none (R14)","","static-props | masks-alpha | text | interaction","browser and desktop","inventoried","R12/R13: characterize against a fixture and diagnostics","src/index.html:958",""
"dom:button@959","dom","drawing-selection","p-cap-grp > button","Butt","src/js/timeline.js:10569 wireIconGroup()","click","UI","none","none (R14)","","static-props | masks-alpha | text | interaction","browser and desktop","inventoried","R12/R13: characterize against a fixture and diagnostics","src/index.html:959",""
"dom:button@960","dom","drawing-selection","p-cap-grp > button","Square","src/js/timeline.js:10569 wireIconGroup()","click","UI","none","none (R14)","","static-props | masks-alpha | text | interaction","browser and desktop","inventoried","R12/R13: characterize against a fixture and diagnostics","src/index.html:960",""
"dom:button@963","dom","drawing-selection","p-join-grp > button","Round","src/js/timeline.js:10569 wireIconGroup()","click","UI","none","none (R14)","","static-props | masks-alpha | text | interaction","browser and desktop","inventoried","R12/R13: characterize against a fixture and diagnostics","src/index.html:963",""
"dom:button@964","dom","drawing-selection","p-join-grp > button","Miter","src/js/timeline.js:10569 wireIconGroup()","click","UI","none","none (R14)","","static-props | masks-alpha | text | interaction","browser and desktop","inventoried","R12/R13: characterize against a fixture and diagnostics","src/index.html:964",""
"dom:button@965","dom","drawing-selection","p-join-grp > button","Bevel","src/js/timeline.js:10569 wireIconGroup()","click","UI","none","none (R14)","","static-props | masks-alpha | text | interaction","browser and desktop","inventoried","R12/R13: characterize against a fixture and diagnostics","src/index.html:965",""
"dom:button@969","dom","drawing-selection","p-paintorder-grp > button","Fill in front of Stroke","src/js/timeline.js:10569 wireIconGroup()","click","UI","none","none (R14)","","static-props | masks-alpha | text | interaction","browser and desktop","inventoried","R12/R13: characterize against a fixture and diagnostics","src/index.html:969",""
"dom:button@970","dom","drawing-selection","p-paintorder-grp > button","Stroke in front of Fill","src/js/timeline.js:10569 wireIconGroup()","click","UI","none","none (R14)","","static-props | masks-alpha | text | interaction","browser and desktop","inventoried","R12/R13: characterize against a fixture and diagnostics","src/index.html:970",""
"dom:div@1763","dom","preferences-workspace","settings-modal > div","","src/js/timeline.js:9033 initSettingsModal()","click","UI (modal)","none","none (R14)","","","browser and desktop","inventoried","R12/R13: characterize against a fixture and diagnostics","src/index.html:1763",""
"dom:div@1794","dom","preferences-workspace","settings-modal > div","","src/js/timeline.js:9033 initSettingsModal()","click","UI (modal)","none","none (R14)","","","browser and desktop","inventoried","R12/R13: characterize against a fixture and diagnostics","src/index.html:1794",""
"dom:div@1819","dom","preferences-workspace","settings-modal > div","","src/js/timeline.js:9033 initSettingsModal()","click","UI (modal)","none","none (R14)","","","browser and desktop","inventoried","R12/R13: characterize against a fixture and diagnostics","src/index.html:1819",""
"dom:div@1845","dom","preferences-workspace","settings-modal > div","","src/js/timeline.js:9033 initSettingsModal()","click","UI (modal)","none","none (R14)","","","browser and desktop","inventoried","R12/R13: characterize against a fixture and diagnostics","src/index.html:1845",""
"dom:div@1862","dom","preferences-workspace","settings-modal > div","","src/js/timeline.js:9033 initSettingsModal()","click","UI (modal)","none","none (R14)","","","browser and desktop","inventoried","R12/R13: characterize against a fixture and diagnostics","src/index.html:1862",""
"dom:div@1876","dom","preferences-workspace","settings-modal > div","","src/js/timeline.js:9033 initSettingsModal()","click","UI (modal)","none","none (R14)","","","browser and desktop","inventoried","R12/R13: characterize against a fixture and diagnostics","src/index.html:1876",""
"dom:div@1884","dom","preferences-workspace","settings-modal > div","","src/js/timeline.js:9033 initSettingsModal()","click","UI (modal)","none","none (R14)","","","browser and desktop","inventoried","R12/R13: characterize against a fixture and diagnostics","src/index.html:1884",""
"dom:div@1892","dom","preferences-workspace","settings-modal > div","","src/js/timeline.js:9033 initSettingsModal()","click","UI (modal)","none","none (R14)","","","browser and desktop","inventoried","R12/R13: characterize against a fixture and diagnostics","src/index.html:1892",""
"dom:div@2124","dom","unclassified","symbol-tabs > div","Scene","src/js/timeline.js:6993 renderSymbolTabs()","","UI","none","none (R14)","","","browser and desktop","unavailable-with-reason","none for the static markup; characterize the runtime-built controls through src/js/timeline.js:6993 renderSymbolTabs()","src/index.html:2124","static placeholder: #symbol-tabs is emptied and rebuilt at runtime by src/js/timeline.js:6993 renderSymbolTabs(); the live controls are created and bound there"
"labs:auto-actions","labs","labs","Settings > Labs / SMLabs.auto-actions","Auto Actions (Clip Studio): macroStart() → actions → macroStop('name') → macroPlay('name') — records COMMANDS (tools/frames/layers), not strokes","src/js/labs/auto-actions.js:98","","Labs panel (opt-in prototype) | script (window.SMLabs)","SMLabs","none (R14)","","","browser and desktop","inventoried","R03/R18.6: decide ship, keep as Labs, or retire; Labs are not release surfaces","src/js/labs/auto-actions.js:98",""
"labs:boil-effect","labs","labs","Settings > Labs / SMLabs.boil-effect","Boiling line: SMLabs.boil({frames,amplitude}) places N shaky keyframe-variants of the current drawing on the following frames","src/js/labs/boil-effect.js:66","","Labs panel (opt-in prototype) | script (window.SMLabs)","SMLabs","none (R14)","","","browser and desktop","inventoried","R03/R18.6: decide ship, keep as Labs, or retire; Labs are not release surfaces","src/js/labs/boil-effect.js:66",""
"labs:canvas-grid","labs","labs","Settings > Labs / SMLabs.canvas-grid","World grid overlaid on the canvas (adjustable via SMLabs.setGridStep, default 100px), follows pan/zoom/rotation","src/js/labs/canvas-grid.js:132","","Labs panel (opt-in prototype) | script (window.SMLabs)","SMLabs","none (R14)","","","browser and desktop","inventoried","R03/R18.6: decide ship, keep as Labs, or retire; Labs are not release surfaces","src/js/labs/canvas-grid.js:132",""
"labs:clip-mask-bake","labs","labs","Settings > Labs / SMLabs.clip-mask-bake","BAKED clip mask (not live — see feature-scouting #1): SMLabs.bakeClipMask(maskLayerIdx, targetLayerIdx) intersects the target layer with the mask layer via the existing Boolean Ops pipeline","src/js/labs/clip-mask-bake.js:86","","Labs panel (opt-in prototype) | script (window.SMLabs)","SMLabs","none (R14)","","","browser and desktop","inventoried","R03/R18.6: decide ship, keep as Labs, or retire; Labs are not release surfaces","src/js/labs/clip-mask-bake.js:86",""
"labs:command-palette","labs","labs","Settings > Labs / SMLabs.command-palette","Cmd/Ctrl+K command palette (Umoupen command search): tools, transport, frames, Labs toggles — fuzzy filter, Enter runs","src/js/labs/command-palette.js:111","","Labs panel (opt-in prototype) | script (window.SMLabs)","SMLabs","none (R14)","","","browser and desktop","inventoried","R03/R18.6: decide ship, keep as Labs, or retire; Labs are not release surfaces","src/js/labs/command-palette.js:111",""
"labs:flip-roll","labs","labs","Settings > Labs / SMLabs.flip-roll","Animator's roll: hold R to cycle through ±N frames around the pose, release to return to it (SMLabs.setFlipSpeed/Span)","src/js/labs/flip-roll.js:67","","Labs panel (opt-in prototype) | script (window.SMLabs)","SMLabs","none (R14)","","","browser and desktop","inventoried","R03/R18.6: decide ship, keep as Labs, or retire; Labs are not release surfaces","src/js/labs/flip-roll.js:67",""
"labs:follow-path","labs","labs","Settings > Labs / SMLabs.follow-path","Bake along a trajectory: SMLabs.followPath({pathId,frames,ease}) bakes the selection along a trajectory stroke into successive keyframes","src/js/labs/follow-path.js:110","","Labs panel (opt-in prototype) | script (window.SMLabs)","SMLabs","none (R14)","","","browser and desktop","inventoried","R03/R18.6: decide ship, keep as Labs, or retire; Labs are not release surfaces","src/js/labs/follow-path.js:110",""
"labs:french-curve","labs","labs","Settings > Labs / SMLabs.french-curve","Magnetic curve/ellipse guide: hold F + drag draws a stroke snapped to the guide (SMLabs.setCurveGuide('ellipse'|'line', opts))","src/js/labs/french-curve.js:139","","Labs panel (opt-in prototype) | script (window.SMLabs)","SMLabs","none (R14)","","","browser and desktop","inventoried","R03/R18.6: decide ship, keep as Labs, or retire; Labs are not release surfaces","src/js/labs/french-curve.js:139",""
"labs:interval-assistant","labs","labs","Settings > Labs / SMLabs.interval-assistant","Action: SMLabs.intervalAssistant(n, ease?) places n breakdown keyframes at eased intervals between the 2 ends of the selected range","src/js/labs/interval-assistant.js:24","","Labs panel (opt-in prototype) | script (window.SMLabs)","SMLabs","none (R14)","","","browser and desktop","inventoried","R03/R18.6: decide ship, keep as Labs, or retire; Labs are not release surfaces","src/js/labs/interval-assistant.js:24",""
"labs:lagoon-menu","labs","labs","Settings > Labs / SMLabs.lagoon-menu","Radial tool menu around the cursor on the Q key","src/js/labs/lagoon-menu.js:86","","Labs panel (opt-in prototype) | script (window.SMLabs)","SMLabs","none (R14)","","","browser and desktop","inventoried","R03/R18.6: decide ship, keep as Labs, or retire; Labs are not release surfaces","src/js/labs/lagoon-menu.js:86",""
"labs:layer-effects-bake","labs","labs","Settings > Labs / SMLabs.layer-effects-bake","BAKED non-destructive effects (not live — see feature-scouting #2): SMLabs.bakeLayerEffect(layerIdx, cssFilter|'bloom') rasterizes the current frame with a canvas filter","src/js/labs/layer-effects-bake.js:91","","Labs panel (opt-in prototype) | script (window.SMLabs)","SMLabs","none (R14)","","","browser and desktop","inventoried","R03/R18.6: decide ship, keep as Labs, or retire; Labs are not release surfaces","src/js/labs/layer-effects-bake.js:91",""
"labs:lipsync-assistant","labs","labs","Settings > Labs / SMLabs.lipsync-assistant","Amplitude lip-sync (Moho/TB, amplitude only — no phonemes): lipsyncFromAudio(trackIdx,f0,f1,{closed,mid,open}) stamps a mouth kit (pose-library) according to the per-frame volume","src/js/labs/lipsync-assistant.js:75","","Labs panel (opt-in prototype) | script (window.SMLabs)","SMLabs","none (R14)","","","browser and desktop","inventoried","R03/R18.6: decide ship, keep as Labs, or retire; Labs are not release surfaces","src/js/labs/lipsync-assistant.js:75",""
"labs:mirror-check","labs","labs","Settings > Labs / SMLabs.mirror-check","Mirror check: hold M to flip the view horizontally (proportion check), release or click to return to normal","src/js/labs/mirror-check.js:50","","Labs panel (opt-in prototype) | script (window.SMLabs)","SMLabs","none (R14)","","","browser and desktop","inventoried","R03/R18.6: decide ship, keep as Labs, or retire; Labs are not release surfaces","src/js/labs/mirror-check.js:50",""
"labs:move-to-layer","labs","labs","Settings > Labs / SMLabs.move-to-layer","Action: SMLabs.moveSelectionToLayer(idx) moves the selected strokes (Select tool) to layer idx, same frame","src/js/labs/move-to-layer.js:18","","Labs panel (opt-in prototype) | script (window.SMLabs)","SMLabs","none (R14)","","","browser and desktop","inventoried","R03/R18.6: decide ship, keep as Labs, or retire; Labs are not release surfaces","src/js/labs/move-to-layer.js:18",""
"labs:multiframe-draw","labs","labs","Settings > Labs / SMLabs.multiframe-draw","A drawn stroke is also added to every frame selected in the timeline (same layer)","src/js/labs/multiframe-draw.js:17","","Labs panel (opt-in prototype) | script (window.SMLabs)","SMLabs","none (R14)","render@1 animation@2","","browser and desktop","inventoried","R03/R18.6: decide ship, keep as Labs, or retire; Labs are not release surfaces","src/js/labs/multiframe-draw.js:17",""
"labs:oca-export","labs","labs","Settings > Labs / SMLabs.oca-export","Export interchange OCA-inspiré (Callipeg/TVPaint, scope réaliste — voir feature-scouting #10) : SMLabs.exportOCA({range}) télécharge un .zip réel (écrit sans dépendance) — PNG par frame + manifest.json de timing","src/js/labs/oca-export.js:175","","Labs panel (opt-in prototype) | script (window.SMLabs)","SMLabs","none (R14)","","","browser and desktop","inventoried","R03/R18.6: decide ship, keep as Labs, or retire; Labs are not release surfaces","src/js/labs/oca-export.js:175",""
"labs:out-of-pegs","labs","labs","Settings > Labs / SMLabs.out-of-pegs","Onion ghost offset: shifts the prev/next onion ghosts to line up the in-between (SMLabs.setPegOffset('prev',dx,dy), resetPegs())","src/js/labs/out-of-pegs.js:49","","Labs panel (opt-in prototype) | script (window.SMLabs)","SMLabs","none (R14)","","","browser and desktop","inventoried","R03/R18.6: decide ship, keep as Labs, or retire; Labs are not release surfaces","src/js/labs/out-of-pegs.js:49",""
"labs:pingpong-cycle","labs","labs","Settings > Labs / SMLabs.pingpong-cycle","Action: SMLabs.pingpongCycle(n) repeats the selected range back-and-forth (A B C B A...) instead of looping forward","src/js/labs/pingpong-cycle.js:15","","Labs panel (opt-in prototype) | script (window.SMLabs)","SMLabs","none (R14)","","","browser and desktop","inventoried","R03/R18.6: decide ship, keep as Labs, or retire; Labs are not release surfaces","src/js/labs/pingpong-cycle.js:15",""
"labs:pose-library","labs","labs","Settings > Labs / SMLabs.pose-library","Drawing substitution: savePose('name') on a selection, stampPose('name',{dx,dy}) stamps the pose on the current frame — lip-sync mouths, hand kits","src/js/labs/pose-library.js:82","","Labs panel (opt-in prototype) | script (window.SMLabs)","SMLabs","none (R14)","","","browser and desktop","inventoried","R03/R18.6: decide ship, keep as Labs, or retire; Labs are not release surfaces","src/js/labs/pose-library.js:82",""
"labs:predictive-stroke","labs","labs","Settings > Labs / SMLabs.predictive-stroke","Recognizes a freehand-drawn line / circle-ellipse / rectangle and corrects it to a perfect shape on release","src/js/labs/predictive-stroke.js:133","","Labs panel (opt-in prototype) | script (window.SMLabs)","SMLabs","none (R14)","","","browser and desktop","inventoried","R03/R18.6: decide ship, keep as Labs, or retire; Labs are not release surfaces","src/js/labs/predictive-stroke.js:133",""
"labs:reference-3d","labs","labs","Settings > Labs / SMLabs.reference-3d","Rotating 3D reference: CC0 anime avatar, CC0 rigged arms/hands, fallback mannequins, or OBJ — drag to orbit, wheel to zoom, never exported/baked","src/js/labs/reference-3d.js:392","","Labs panel (opt-in prototype) | script (window.SMLabs)","SMLabs","none (R14)","","","browser and desktop","inventoried","R03/R18.6: decide ship, keep as Labs, or retire; Labs are not release surfaces","src/js/labs/reference-3d.js:392",""
"labs:reference-fill","labs","labs","Settings > Labs / SMLabs.reference-fill","Ink & paint (CSP reference layer): SMLabs.referenceFill(x,y) fills on the active layer, reading the strokes of ALL visible layers as walls","src/js/labs/reference-fill.js:81","","Labs panel (opt-in prototype) | script (window.SMLabs)","SMLabs","none (R14)","","","browser and desktop","inventoried","R03/R18.6: decide ship, keep as Labs, or retire; Labs are not release surfaces","src/js/labs/reference-fill.js:81",""
"labs:retime-exposure","labs","labs","Settings > Labs / SMLabs.retime-exposure","Action: SMLabs.retimeExposure(n) retimes the selected range's keyframes to a fixed exposure (1=ones, 2=twos, 3=threes...)","src/js/labs/retime-exposure.js:17","","Labs panel (opt-in prototype) | script (window.SMLabs)","SMLabs","none (R14)","","","browser and desktop","inventoried","R03/R18.6: decide ship, keep as Labs, or retire; Labs are not release surfaces","src/js/labs/retime-exposure.js:17",""
"labs:rig-deform","labs","labs","Settings > Labs / SMLabs.rig-deform","Rig à contrôles pondérés (inspiré de Shapper/AE — voir wiki/shapper-docs) : rigAddControl/rigBindStroke/rigMoveControl/rigCommitFrame, IK 2-os (rigSetIK/rigDragIKEnd), Magnet Brush, Autosway bakée","src/js/labs/rig-deform.js:254","","Labs panel (opt-in prototype) | script (window.SMLabs)","SMLabs","none (R14)","","","browser and desktop","inventoried","R03/R18.6: decide ship, keep as Labs, or retire; Labs are not release surfaces","src/js/labs/rig-deform.js:254",""
"labs:screentone-bake","labs","labs","Settings > Labs / SMLabs.screentone-bake","Trame manga BAKÉE (CSP screentones, scope réaliste — voir feature-scouting #8) : SMLabs.applyScreentone(null, {pattern,cellPx,angle,color}) clippe une grille de points/lignes sur la forme sélectionnée via le pipeline Boolean Ops existant","src/js/labs/screentone-bake.js:160","","Labs panel (opt-in prototype) | script (window.SMLabs)","SMLabs","none (R14)","","","browser and desktop","inventoried","R03/R18.6: decide ship, keep as Labs, or retire; Labs are not release surfaces","src/js/labs/screentone-bake.js:160",""
"labs:shader-effects-bake","labs","labs","Settings > Labs / SMLabs.shader-effects-bake","Effets WGSL réels (Figma Motion — bloom/chromatic/pixelate/dither/wave), bakés (pas live — voir feature-scouting #2) : SMLabs.bakeShaderEffect(layerIdx, nom, params) — WebGPU offscreen, aucune dépendance","src/js/labs/shader-effects-bake.js:306","","Labs panel (opt-in prototype) | script (window.SMLabs)","SMLabs","none (R14)","","","browser and desktop","inventoried","R03/R18.6: decide ship, keep as Labs, or retire; Labs are not release surfaces","src/js/labs/shader-effects-bake.js:306",""
"labs:speed-lines","labs","labs","Settings > Labs / SMLabs.speed-lines","Speed lines: SMLabs.speedLines({cx,cy,count,r0,r1,jitter}) generates a radial burst of ordinary strokes","src/js/labs/speed-lines.js:12","","Labs panel (opt-in prototype) | script (window.SMLabs)","SMLabs","none (R14)","","","browser and desktop","inventoried","R03/R18.6: decide ship, keep as Labs, or retire; Labs are not release surfaces","src/js/labs/speed-lines.js:12",""
"labs:storyboard-mode","labs","labs","Settings > Labs / SMLabs.storyboard-mode","Storyboard scope Toon Boom Storyboard Pro (chaque keyframe du calque actif = un panneau) — multi-scènes (setSceneBoundary), colonnes Action/Dialogue/Notes, durée calculée + durée totale de scène, 2 mises en page PDF (grille 3-panneaux / page complète)","src/js/labs/storyboard-mode.js:354","","Labs panel (opt-in prototype) | script (window.SMLabs)","SMLabs","none (R14)","","","browser and desktop","inventoried","R03/R18.6: decide ship, keep as Labs, or retire; Labs are not release surfaces","src/js/labs/storyboard-mode.js:354",""
"labs:timelapse","labs","labs","Settings > Labs / SMLabs.timelapse","Timelapse (Clip Studio): timelapseStart() records the visible canvas, timelapseStop() downloads the .webm","src/js/labs/timelapse.js:81","","Labs panel (opt-in prototype) | script (window.SMLabs)","SMLabs","none (R14)","animation@2","","browser and desktop","inventoried","R03/R18.6: decide ship, keep as Labs, or retire; Labs are not release surfaces","src/js/labs/timelapse.js:81",""
"labs:timeline-markers","labs","labs","Settings > Labs / SMLabs.timeline-markers","Named/colored markers on frames (SMLabs.addMarker(frame,label,color))","src/js/labs/timeline-markers.js:82","","Labs panel (opt-in prototype) | script (window.SMLabs)","SMLabs","none (R14)","","","browser and desktop","inventoried","R03/R18.6: decide ship, keep as Labs, or retire; Labs are not release surfaces","src/js/labs/timeline-markers.js:82",""
"labs:timeline-zoom","labs","labs","Settings > Labs / SMLabs.timeline-zoom","Zoom de la timeline : Ctrl/Cmd+molette au-dessus de la grille, scrollbar custom en bas (glisser le corps = pan, glisser un bord = zoom), ou SMLabs.setTimelineZoom(px)/zoomTimelineIn/Out/resetTimelineZoom — mute FC (JS) + --fc (CSS), les deux déjà lus en direct partout, aucun fichier core touché","src/js/labs/timeline-zoom.js:220","","Labs panel (opt-in prototype) | script (window.SMLabs)","SMLabs","none (R14)","","","browser and desktop","inventoried","R03/R18.6: decide ship, keep as Labs, or retire; Labs are not release surfaces","src/js/labs/timeline-zoom.js:220",""
"labs:vector-sculpt","labs","labs","Settings > Labs / SMLabs.vector-sculpt","Vector push: drag pushes the points under the brush, Shift smooths, Alt+drag sets the radius","src/js/labs/vector-sculpt.js:437","","Labs panel (opt-in prototype) | script (window.SMLabs)","SMLabs","none (R14)","","","browser and desktop","inventoried","R03/R18.6: decide ship, keep as Labs, or retire; Labs are not release surfaces","src/js/labs/vector-sculpt.js:437",""
"labs:vector-trim","labs","labs","Settings > Labs / SMLabs.vector-trim","CSP vector knife: drag a knife-stroke across one or more lines to cut them at their nearest intersections","src/js/labs/vector-trim.js:260","","Labs panel (opt-in prototype) | script (window.SMLabs)","SMLabs","none (R14)","","","browser and desktop","inventoried","R03/R18.6: decide ship, keep as Labs, or retire; Labs are not release surfaces","src/js/labs/vector-trim.js:260",""
"labs:view-filter","labs","labs","Settings > Labs / SMLabs.view-filter","Value check: SMLabs.setViewFilter('values'|'contrast'|'dim'|'none'|cssFilter) — display only, the drawing stays untouched","src/js/labs/view-filter.js:36","","Labs panel (opt-in prototype) | script (window.SMLabs)","SMLabs","none (R14)","","","browser and desktop","inventoried","R03/R18.6: decide ship, keep as Labs, or retire; Labs are not release surfaces","src/js/labs/view-filter.js:36",""
"labs:xsheet","labs","labs","Settings > Labs / SMLabs.xsheet","Floating exposure sheet: frames × layers, ●=key ◆=tween │=held, click = jump to that frame","src/js/labs/xsheet-panel.js:74","","Labs panel (opt-in prototype) | script (window.SMLabs)","SMLabs","none (R14)","animation@2","","browser and desktop","inventoried","R03/R18.6: decide ship, keep as Labs, or retire; Labs are not release surfaces","src/js/labs/xsheet-panel.js:74",""
"menu:effects-panel.js:385","menu","effects-masks","dynamic menu (openCustom)","+ New custom shader…","src/js/effects-panel.js:385 openCustom()","click","contextual menu","none","none (R14)","","masks-alpha | mesh","browser and desktop","inventoried","R12/R13: characterize against a fixture and diagnostics","src/js/effects-panel.js:385",""
"menu:labs/command-palette.js:13","menu","labs","dynamic menu (commands)","Tool: Brush","src/js/labs/command-palette.js:13 commands()","click","contextual menu","none","none (R14)","render@2 selection@3 persist@3 animation@3","","browser and desktop","inventoried","R12/R13: characterize against a fixture and diagnostics","src/js/labs/command-palette.js:13",""
"menu:labs/command-palette.js:14","menu","labs","dynamic menu (commands)","Tool: Pen","src/js/labs/command-palette.js:14 commands()","click","contextual menu","none","none (R14)","render@2 selection@3 persist@3 animation@3","","browser and desktop","inventoried","R12/R13: characterize against a fixture and diagnostics","src/js/labs/command-palette.js:14",""
"menu:labs/command-palette.js:15","menu","labs","dynamic menu (commands)","Tool: Eraser","src/js/labs/command-palette.js:15 commands()","click","contextual menu","none","none (R14)","render@2 selection@3 persist@3 animation@3","","browser and desktop","inventoried","R12/R13: characterize against a fixture and diagnostics","src/js/labs/command-palette.js:15",""
"menu:labs/command-palette.js:16","menu","labs","dynamic menu (commands)","Tool: Paint bucket","src/js/labs/command-palette.js:16 commands()","click","contextual menu","none","none (R14)","render@2 selection@3 persist@3 animation@3","","browser and desktop","inventoried","R12/R13: characterize against a fixture and diagnostics","src/js/labs/command-palette.js:16",""
"menu:labs/command-palette.js:17","menu","labs","dynamic menu (commands)","Tool: Fill brush","src/js/labs/command-palette.js:17 commands()","click","contextual menu","none","none (R14)","render@2 selection@3 persist@3 animation@3","","browser and desktop","inventoried","R12/R13: characterize against a fixture and diagnostics","src/js/labs/command-palette.js:17",""
"menu:labs/command-palette.js:18","menu","labs","dynamic menu (commands)","Tool: Select","src/js/labs/command-palette.js:18 commands()","click","contextual menu","none","none (R14)","render@2 selection@3 persist@3 animation@3","","browser and desktop","inventoried","R12/R13: characterize against a fixture and diagnostics","src/js/labs/command-palette.js:18",""
"menu:labs/command-palette.js:19","menu","labs","dynamic menu (commands)","Tool: Subselect (nodes)","src/js/labs/command-palette.js:19 commands()","click","contextual menu","none","none (R14)","render@2 selection@3 persist@3 animation@3","","browser and desktop","inventoried","R12/R13: characterize against a fixture and diagnostics","src/js/labs/command-palette.js:19",""
"menu:labs/command-palette.js:20","menu","labs","dynamic menu (commands)","Tool: Text","src/js/labs/command-palette.js:20 commands()","click","contextual menu","none","none (R14)","render@2 selection@3 persist@3 animation@3","","browser and desktop","inventoried","R12/R13: characterize against a fixture and diagnostics","src/js/labs/command-palette.js:20",""
"menu:labs/command-palette.js:21","menu","labs","dynamic menu (commands)","Tool: Hand","src/js/labs/command-palette.js:21 commands()","click","contextual menu","none","none (R14)","render@2 selection@3 persist@3 animation@3","","browser and desktop","inventoried","R12/R13: characterize against a fixture and diagnostics","src/js/labs/command-palette.js:21",""
"menu:labs/command-palette.js:22","menu","labs","dynamic menu (commands)","Tool: Zoom","src/js/labs/command-palette.js:22 commands()","click","contextual menu","none","none (R14)","render@2 selection@3 persist@3 animation@3","","browser and desktop","inventoried","R12/R13: characterize against a fixture and diagnostics","src/js/labs/command-palette.js:22",""
"menu:labs/command-palette.js:23","menu","labs","dynamic menu (commands)","Tool: Camera","src/js/labs/command-palette.js:23 commands()","click","contextual menu","none","none (R14)","render@2 selection@3 persist@3 animation@3","","browser and desktop","inventoried","R12/R13: characterize against a fixture and diagnostics","src/js/labs/command-palette.js:23",""
"menu:labs/command-palette.js:24","menu","labs","dynamic menu (commands)","Tool: Comment","src/js/labs/command-palette.js:24 commands()","click","contextual menu","none","none (R14)","render@2 selection@3 persist@3 animation@3","","browser and desktop","inventoried","R12/R13: characterize against a fixture and diagnostics","src/js/labs/command-palette.js:24",""
"menu:labs/command-palette.js:25","menu","labs","dynamic menu (commands)","Play / Stop","src/js/labs/command-palette.js:25 commands()","click","contextual menu","none","none (R14)","render@3 persist@3","","browser and desktop","inventoried","R12/R13: characterize against a fixture and diagnostics","src/js/labs/command-palette.js:25",""
"menu:labs/command-palette.js:26","menu","labs","dynamic menu (commands)","Loop on/off","src/js/labs/command-palette.js:26 commands()","click","contextual menu","none","none (R14)","","","browser and desktop","inventoried","R12/R13: characterize against a fixture and diagnostics","src/js/labs/command-palette.js:26",""
"menu:labs/command-palette.js:27","menu","labs","dynamic menu (commands)","Ping-pong playback on/off","src/js/labs/command-palette.js:27 commands()","click","contextual menu","none","none (R14)","","","browser and desktop","inventoried","R12/R13: characterize against a fixture and diagnostics","src/js/labs/command-palette.js:27",""
"menu:labs/command-palette.js:28","menu","labs","dynamic menu (commands)","Onion skin on/off","src/js/labs/command-palette.js:28 commands()","click","contextual menu","none","none (R14)","","","browser and desktop","inventoried","R12/R13: characterize against a fixture and diagnostics","src/js/labs/command-palette.js:28",""
"menu:labs/command-palette.js:29","menu","labs","dynamic menu (commands)","Insert a keyframe (F6)","src/js/labs/command-palette.js:29 commands()","click","contextual menu","none","none (R14)","animation@1 persist@2 history@2 render@2 selection@3 native@3","","desktop (native bridge); browser degrades or is gated","inventoried","R12/R13: characterize against a fixture and diagnostics","src/js/labs/command-palette.js:29",""
"menu:labs/command-palette.js:30","menu","labs","dynamic menu (commands)","Blank keyframe (F7)","src/js/labs/command-palette.js:30 commands()","click","contextual menu","none","none (R14)","persist@2 history@2 render@2 selection@3 native@3 animation@3","","desktop (native bridge); browser degrades or is gated","inventoried","R12/R13: characterize against a fixture and diagnostics","src/js/labs/command-palette.js:30",""
"menu:labs/command-palette.js:31","menu","labs","dynamic menu (commands)","Insert a frame (F5)","src/js/labs/command-palette.js:31 commands()","click","contextual menu","none","none (R14)","history@2 animation@2 persist@3 selection@3 render@3","","browser and desktop","inventoried","R12/R13: characterize against a fixture and diagnostics","src/js/labs/command-palette.js:31",""
"menu:labs/command-palette.js:32","menu","labs","dynamic menu (commands)","Remove the frame","src/js/labs/command-palette.js:32 commands()","click","contextual menu","none","none (R14)","history@2 render@2 persist@3 selection@3 native@3 animation@3","","desktop (native bridge); browser degrades or is gated","inventoried","R12/R13: characterize against a fixture and diagnostics","src/js/labs/command-palette.js:32",""
"menu:labs/command-palette.js:33","menu","labs","dynamic menu (commands)","New layer","src/js/labs/command-palette.js:33 commands()","click","contextual menu","none","none (R14)","render@2 history@3 animation@3","","browser and desktop","inventoried","R12/R13: characterize against a fixture and diagnostics","src/js/labs/command-palette.js:33",""
"menu:labs/command-palette.js:34","menu","labs","dynamic menu (commands)","Duplicate the layer","src/js/labs/command-palette.js:34 commands()","click","contextual menu","none","none (R14)","persist@2 history@2 render@2 selection@3 native@3 animation@3","","desktop (native bridge); browser degrades or is gated","inventoried","R12/R13: characterize against a fixture and diagnostics","src/js/labs/command-palette.js:34",""
"menu:labs/command-palette.js:35","menu","labs","dynamic menu (commands)","Undo (Cmd+Z)","src/js/labs/command-palette.js:35 commands()","click","contextual menu","none","none (R14)","history@1 animation@2 render@2 selection@3 native@3","","desktop (native bridge); browser degrades or is gated","inventoried","R12/R13: characterize against a fixture and diagnostics","src/js/labs/command-palette.js:35",""
"menu:labs/command-palette.js:36","menu","labs","dynamic menu (commands)","Redo","src/js/labs/command-palette.js:36 commands()","click","contextual menu","none","none (R14)","history@1 animation@2 render@2 selection@3 native@3","","desktop (native bridge); browser degrades or is gated","inventoried","R12/R13: characterize against a fixture and diagnostics","src/js/labs/command-palette.js:36",""
"menu:labs/command-palette.js:40","menu","labs","dynamic menu (commands)","Labs : ","src/js/labs/command-palette.js:40 commands()","click","contextual menu","none","none (R14)","","","browser and desktop","inventoried","R12/R13: characterize against a fixture and diagnostics","src/js/labs/command-palette.js:40",""
"menu:layer-inout.js:1557","menu","animation-rigs-expressions","dynamic menu (buildBar)","Réinitialiser (pleine durée)","src/js/layer-inout.js:1557 buildBar()","click","contextual menu","none","none (R14)","history@1 render@1 animation@2 selection@2 native@2 persist@3","static-props | keyed-props | expression-props | held-frames | text | migration","desktop (native bridge); browser degrades or is gated","inventoried","R12/R13: characterize against a fixture and diagnostics","src/js/layer-inout.js:1557",""
"menu:layer-inout.js:1564","menu","animation-rigs-expressions","dynamic menu (buildBar)","Parent in Time — lier le temps à…","src/js/layer-inout.js:1564 buildBar()","click","contextual menu","none","none (R14)","render@1 history@2 animation@2 persist@3 selection@3 native@3","static-props | keyed-props | expression-props | held-frames | text | migration","desktop (native bridge); browser degrades or is gated","inventoried","R12/R13: characterize against a fixture and diagnostics","src/js/layer-inout.js:1564",""
"menu:layer-inout.js:1573","menu","animation-rigs-expressions","dynamic menu (buildBar)","Aligner à gauche (in)","src/js/layer-inout.js:1573 buildBar()","click","contextual menu","none","none (R14)","history@3 render@3","static-props | keyed-props | expression-props | held-frames | text | migration","browser and desktop","inventoried","R12/R13: characterize against a fixture and diagnostics","src/js/layer-inout.js:1573",""
"menu:layer-inout.js:1574","menu","animation-rigs-expressions","dynamic menu (buildBar)","Aligner au centre","src/js/layer-inout.js:1574 buildBar()","click","contextual menu","none","none (R14)","history@3 render@3","static-props | keyed-props | expression-props | held-frames | text | migration","browser and desktop","inventoried","R12/R13: characterize against a fixture and diagnostics","src/js/layer-inout.js:1574",""
"menu:layer-inout.js:1575","menu","animation-rigs-expressions","dynamic menu (buildBar)","Aligner à droite (out)","src/js/layer-inout.js:1575 buildBar()","click","contextual menu","none","none (R14)","history@3 render@3","static-props | keyed-props | expression-props | held-frames | text | migration","browser and desktop","inventoried","R12/R13: characterize against a fixture and diagnostics","src/js/layer-inout.js:1575",""
"menu:layer-inout.js:1576","menu","animation-rigs-expressions","dynamic menu (buildBar)","Distribuer uniformément","src/js/layer-inout.js:1576 buildBar()","click","contextual menu","none","none (R14)","history@3 render@3","static-props | keyed-props | expression-props | held-frames | text | migration","browser and desktop","inventoried","R12/R13: characterize against a fixture and diagnostics","src/js/layer-inout.js:1576",""
"menu:layer-inout.js:1577","menu","animation-rigs-expressions","dynamic menu (buildBar)","Échelonner (stagger)…","src/js/layer-inout.js:1577 buildBar()","click","contextual menu","none","none (R14)","history@3 render@3","static-props | keyed-props | expression-props | held-frames | text | migration","browser and desktop","inventoried","R12/R13: characterize against a fixture and diagnostics","src/js/layer-inout.js:1577",""
"menu:layer-inout.js:1578","menu","animation-rigs-expressions","dynamic menu (buildBar)","Inverser l’ordre (flip)","src/js/layer-inout.js:1578 buildBar()","click","contextual menu","none","none (R14)","history@3 render@3","static-props | keyed-props | expression-props | held-frames | text | migration","browser and desktop","inventoried","R12/R13: characterize against a fixture and diagnostics","src/js/layer-inout.js:1578",""
"menu:layer-inout.js:1579","menu","animation-rigs-expressions","dynamic menu (buildBar)","Sélectionner 1 sur 2","src/js/layer-inout.js:1579 buildBar()","click","contextual menu","none","none (R14)","","static-props | keyed-props | expression-props | held-frames | text | migration","browser and desktop","inventoried","R12/R13: characterize against a fixture and diagnostics","src/js/layer-inout.js:1579",""
"menu:layer-inout.js:1581","menu","animation-rigs-expressions","dynamic menu (buildBar)","Inverser la sélection","src/js/layer-inout.js:1581 buildBar()","click","contextual menu","none","none (R14)","","static-props | keyed-props | expression-props | held-frames | text | migration","browser and desktop","inventoried","R12/R13: characterize against a fixture and diagnostics","src/js/layer-inout.js:1581",""
"menu:markers.js:145","menu","animation-rigs-expressions","dynamic menu (buildEl)","Renommer le repère…","src/js/markers.js:145 buildEl()","click","contextual menu","none","none (R14)","history@2","static-props | keyed-props | expression-props | held-frames | text | migration","browser and desktop","inventoried","R12/R13: characterize against a fixture and diagnostics","src/js/markers.js:145",""
"menu:markers.js:146","menu","animation-rigs-expressions","dynamic menu (buildEl)","Aller à ce repère","src/js/markers.js:146 buildEl()","click","contextual menu","none","none (R14)","animation@1 persist@2 selection@2 render@2 native@3","static-props | keyed-props | expression-props | held-frames | text | migration","desktop (native bridge); browser degrades or is gated","inventoried","R12/R13: characterize against a fixture and diagnostics","src/js/markers.js:146",""
"menu:markers.js:148","menu","animation-rigs-expressions","dynamic menu (buildEl)","Supprimer le repère","src/js/markers.js:148 buildEl()","click","contextual menu","none","none (R14)","history@2","static-props | keyed-props | expression-props | held-frames | text | migration","browser and desktop","inventoried","R12/R13: characterize against a fixture and diagnostics","src/js/markers.js:148",""
"menu:markers.js:198","menu","animation-rigs-expressions","dynamic menu (initRulerMenu)","Ajouter un repère ici (frame ","src/js/markers.js:198 initRulerMenu()","click","contextual menu","none","none (R14)","history@2","static-props | keyed-props | expression-props | held-frames | text | migration","browser and desktop","inventoried","R12/R13: characterize against a fixture and diagnostics","src/js/markers.js:198",""
"menu:markers.js:199","menu","animation-rigs-expressions","dynamic menu (initRulerMenu)","Ajouter un repère nommé…","src/js/markers.js:199 initRulerMenu()","click","contextual menu","none","none (R14)","history@2","static-props | keyed-props | expression-props | held-frames | text | migration","browser and desktop","inventoried","R12/R13: characterize against a fixture and diagnostics","src/js/markers.js:199",""
"menu:markers.js:204","menu","animation-rigs-expressions","dynamic menu (initRulerMenu)","Repère suivant  (Maj+→)","src/js/markers.js:204 initRulerMenu()","click","contextual menu","none","none (R14)","animation@2 render@2 persist@3 selection@3 native@3","static-props | keyed-props | expression-props | held-frames | text | migration","desktop (native bridge); browser degrades or is gated","inventoried","R12/R13: characterize against a fixture and diagnostics","src/js/markers.js:204",""
"menu:markers.js:205","menu","animation-rigs-expressions","dynamic menu (initRulerMenu)","Repère précédent  (Maj+←)","src/js/markers.js:205 initRulerMenu()","click","contextual menu","none","none (R14)","animation@2 render@2 persist@3 selection@3 native@3","static-props | keyed-props | expression-props | held-frames | text | migration","desktop (native bridge); browser degrades or is gated","inventoried","R12/R13: characterize against a fixture and diagnostics","src/js/markers.js:205",""
"menu:markers.js:207","menu","animation-rigs-expressions","dynamic menu (initRulerMenu)","Grille BPM…","src/js/markers.js:207 initRulerMenu()","click","contextual menu","none","none (R14)","","static-props | keyed-props | expression-props | held-frames | text | migration","browser and desktop","inventoried","R12/R13: characterize against a fixture and diagnostics","src/js/markers.js:207",""
"menu:markers.js:208","menu","animation-rigs-expressions","dynamic menu (initRulerMenu)","Réduire la composition à la zone de travail","src/js/markers.js:208 initRulerMenu()","click","contextual menu","none","none (R14)","","static-props | keyed-props | expression-props | held-frames | text | migration","browser and desktop","inventoried","R12/R13: characterize against a fixture and diagnostics","src/js/markers.js:208",""
"menu:markers.js:210","menu","animation-rigs-expressions","dynamic menu (initRulerMenu)","Supprimer tous les repères","src/js/markers.js:210 initRulerMenu()","click","contextual menu","none","none (R14)","history@1 persist@3","static-props | keyed-props | expression-props | held-frames | text | migration","browser and desktop","inventoried","R12/R13: characterize against a fixture and diagnostics","src/js/markers.js:210",""
"menu:media-library.js:535","menu","media-import-export","dynamic menu (buildRow)","Select the layer","src/js/media-library.js:535 buildRow()","click","contextual menu","none","none (R14)","persist@3 selection@3 animation@3 render@3","mesh | media | export","browser and desktop","inventoried","R12/R13: characterize against a fixture and diagnostics","src/js/media-library.js:535",""
"menu:media-library.js:536","menu","media-import-export","dynamic menu (buildRow)","Insert a copy on the active layer","src/js/media-library.js:536 buildRow()","click","contextual menu","none","none (R14)","persist@2 history@2 render@2 animation@3 selection@3 native@3","mesh | media | export","desktop (native bridge); browser degrades or is gated","inventoried","R12/R13: characterize against a fixture and diagnostics","src/js/media-library.js:536",""
"menu:media-library.js:543","menu","media-import-export","dynamic menu (buildRow)","Relink / replace the file…","src/js/media-library.js:543 buildRow()","click","contextual menu","none","none (R14)","native@1 history@2 render@2 selection@3 animation@3 persist@3","mesh | media | export","desktop (native bridge); browser degrades or is gated","inventoried","R12/R13: characterize against a fixture and diagnostics","src/js/media-library.js:543",""
"menu:media-library.js:553","menu","media-import-export","dynamic menu (buildRow)","Relink / replace the file…","src/js/media-library.js:553 buildRow()","click","contextual menu","none","none (R14)","native@1 history@2 render@3","mesh | media | export","desktop (native bridge); browser degrades or is gated","inventoried","R12/R13: characterize against a fixture and diagnostics","src/js/media-library.js:553",""
"menu:media-library.js:560","menu","media-import-export","dynamic menu (buildRow)","Delete the track","src/js/media-library.js:560 buildRow()","click","contextual menu","none","none (R14)","","mesh | media | export","browser and desktop","inventoried","R12/R13: characterize against a fixture and diagnostics","src/js/media-library.js:560",""
"menu:media-library.js:564","menu","media-import-export","dynamic menu (buildRow)","Remove from the library","src/js/media-library.js:564 buildRow()","click","contextual menu","none","none (R14)","","mesh | media | export","browser and desktop","inventoried","R12/R13: characterize against a fixture and diagnostics","src/js/media-library.js:564",""
"menu:motion-preset-picker.js:56","menu","animation-rigs-expressions","dynamic menu (renderTabs)","Renommer…","src/js/motion-preset-picker.js:56 renderTabs()","click","contextual menu","none","none (R14)","","static-props | keyed-props | expression-props | held-frames | text | migration","browser and desktop","inventoried","R12/R13: characterize against a fixture and diagnostics","src/js/motion-preset-picker.js:56",""
"menu:motion-preset-picker.js:58","menu","animation-rigs-expressions","dynamic menu (renderTabs)","Supprimer l\'onglet","src/js/motion-preset-picker.js:58 renderTabs()","click","contextual menu","none","none (R14)","animation@3","static-props | keyed-props | expression-props | held-frames | text | migration","browser and desktop","inventoried","R12/R13: characterize against a fixture and diagnostics","src/js/motion-preset-picker.js:58",""
"menu:motion.js:10620","menu","animation-rigs-expressions","dynamic menu (renderDiscreteKeyGridRow)","Delete this key","src/js/motion.js:10620 renderDiscreteKeyGridRow()","click","contextual menu","none","none (R14)","history@1 render@1 animation@2 persist@3 selection@3 native@3","static-props | keyed-props | expression-props | held-frames | text | migration","desktop (native bridge); browser degrades or is gated","inventoried","R12/R13: characterize against a fixture and diagnostics","src/js/motion.js:10620",""
"menu:motion.js:11015","menu","animation-rigs-expressions","dynamic menu (trackRowHtml)","Delete this key","src/js/motion.js:11015 trackRowHtml()","click","contextual menu","none","none (R14)","history@1 render@1 animation@2 persist@3 native@3 selection@3","static-props | keyed-props | expression-props | held-frames | text | migration","desktop (native bridge); browser degrades or is gated","inventoried","R12/R13: characterize against a fixture and diagnostics","src/js/motion.js:11015",""
"menu:motion.js:11018","menu","animation-rigs-expressions","dynamic menu (trackRowHtml)","Add a key here","src/js/motion.js:11018 trackRowHtml()","click","contextual menu","none","none (R14)","history@1 animation@1 render@1 persist@3 selection@3 native@3","static-props | keyed-props | expression-props | held-frames | text | migration","desktop (native bridge); browser degrades or is gated","inventoried","R12/R13: characterize against a fixture and diagnostics","src/js/motion.js:11018",""
"menu:motion.js:11024","menu","animation-rigs-expressions","dynamic menu (trackRowHtml)","Edit the ease curve…","src/js/motion.js:11024 trackRowHtml()","click","contextual menu","none","none (R14)","history@1 render@2 persist@3 animation@3","static-props | keyed-props | expression-props | held-frames | text | migration","browser and desktop","inventoried","R12/R13: characterize against a fixture and diagnostics","src/js/motion.js:11024",""
"menu:motion.js:11040","menu","animation-rigs-expressions","dynamic menu (trackRowHtml)","Easy Ease  (F9)","src/js/motion.js:11040 trackRowHtml()","click","contextual menu","none","none (R14)","history@3 render@3","static-props | keyed-props | expression-props | held-frames | text | migration","browser and desktop","inventoried","R12/R13: characterize against a fixture and diagnostics","src/js/motion.js:11040",""
"menu:motion.js:11041","menu","animation-rigs-expressions","dynamic menu (trackRowHtml)","Easy Ease In  (Shift+F9)","src/js/motion.js:11041 trackRowHtml()","click","contextual menu","none","none (R14)","history@3 render@3","static-props | keyed-props | expression-props | held-frames | text | migration","browser and desktop","inventoried","R12/R13: characterize against a fixture and diagnostics","src/js/motion.js:11041",""
"menu:motion.js:11042","menu","animation-rigs-expressions","dynamic menu (trackRowHtml)","Easy Ease Out  (Cmd+Shift+F9)","src/js/motion.js:11042 trackRowHtml()","click","contextual menu","none","none (R14)","history@3 render@3","static-props | keyed-props | expression-props | held-frames | text | migration","browser and desktop","inventoried","R12/R13: characterize against a fixture and diagnostics","src/js/motion.js:11042",""
"menu:motion.js:11043","menu","animation-rigs-expressions","dynamic menu (trackRowHtml)","Linear  (Cmd+Alt+K)","src/js/motion.js:11043 trackRowHtml()","click","contextual menu","none","none (R14)","history@3 render@3","static-props | keyed-props | expression-props | held-frames | text | migration","browser and desktop","inventoried","R12/R13: characterize against a fixture and diagnostics","src/js/motion.js:11043",""
"menu:motion.js:11051","menu","animation-rigs-expressions","dynamic menu (trackRowHtml)","Distribute evenly","src/js/motion.js:11051 trackRowHtml()","click","contextual menu","none","none (R14)","history@1 render@1 animation@2 persist@3 native@3 selection@3","static-props | keyed-props | expression-props | held-frames | text | migration","desktop (native bridge); browser degrades or is gated","inventoried","R12/R13: characterize against a fixture and diagnostics","src/js/motion.js:11051",""
"menu:motion.js:11052","menu","animation-rigs-expressions","dynamic menu (trackRowHtml)","Flip order","src/js/motion.js:11052 trackRowHtml()","click","contextual menu","none","none (R14)","history@1 render@1 animation@2 persist@3 native@3 selection@3","static-props | keyed-props | expression-props | held-frames | text | migration","desktop (native bridge); browser degrades or is gated","inventoried","R12/R13: characterize against a fixture and diagnostics","src/js/motion.js:11052",""
"menu:motion.js:11053","menu","animation-rigs-expressions","dynamic menu (trackRowHtml)","Subdivide (key at midpoint)","src/js/motion.js:11053 trackRowHtml()","click","contextual menu","none","none (R14)","history@1 render@1 animation@2 persist@3 selection@3 native@3","static-props | keyed-props | expression-props | held-frames | text | migration","desktop (native bridge); browser degrades or is gated","inventoried","R12/R13: characterize against a fixture and diagnostics","src/js/motion.js:11053",""
"menu:motion.js:11054","menu","animation-rigs-expressions","dynamic menu (trackRowHtml)","Color the keys…","src/js/motion.js:11054 trackRowHtml()","click","contextual menu","none","none (R14)","history@2 render@2 animation@3","static-props | keyed-props | expression-props | held-frames | text | migration","browser and desktop","inventoried","R12/R13: characterize against a fixture and diagnostics","src/js/motion.js:11054",""
"menu:motion.js:11059","menu","animation-rigs-expressions","dynamic menu (action)","Remove the color","src/js/motion.js:11059 action()","click","contextual menu","none","none (R14)","history@2 render@2 animation@3","static-props | keyed-props | expression-props | held-frames | text | migration","browser and desktop","inventoried","R12/R13: characterize against a fixture and diagnostics","src/js/motion.js:11059",""
"menu:motion.js:11061","menu","animation-rigs-expressions","dynamic menu (trackRowHtml)","Select every other one","src/js/motion.js:11061 trackRowHtml()","click","contextual menu","none","none (R14)","render@2 animation@3","static-props | keyed-props | expression-props | held-frames | text | migration","browser and desktop","inventoried","R12/R13: characterize against a fixture and diagnostics","src/js/motion.js:11061",""
"menu:motion.js:11062","menu","animation-rigs-expressions","dynamic menu (trackRowHtml)","Select 1 in N…","src/js/motion.js:11062 trackRowHtml()","click","contextual menu","none","none (R14)","render@2 animation@3","static-props | keyed-props | expression-props | held-frames | text | migration","browser and desktop","inventoried","R12/R13: characterize against a fixture and diagnostics","src/js/motion.js:11062",""
"menu:motion.js:11066","menu","animation-rigs-expressions","dynamic menu (trackRowHtml)","Keep at random…","src/js/motion.js:11066 trackRowHtml()","click","contextual menu","none","none (R14)","render@2 animation@3","static-props | keyed-props | expression-props | held-frames | text | migration","browser and desktop","inventoried","R12/R13: characterize against a fixture and diagnostics","src/js/motion.js:11066",""
"menu:motion.js:11071","menu","animation-rigs-expressions","dynamic menu (trackRowHtml)","Invert the selection","src/js/motion.js:11071 trackRowHtml()","click","contextual menu","none","none (R14)","render@1 animation@2","static-props | keyed-props | expression-props | held-frames | text | migration","browser and desktop","inventoried","R12/R13: characterize against a fixture and diagnostics","src/js/motion.js:11071",""
"menu:motion.js:11081","menu","animation-rigs-expressions","dynamic menu (trackRowHtml)","Parent in Time — link time to…","src/js/motion.js:11081 trackRowHtml()","click","contextual menu","none","none (R14)","render@1 history@2 animation@2 persist@3 selection@3 native@3","static-props | keyed-props | expression-props | held-frames | text | migration","desktop (native bridge); browser degrades or is gated","inventoried","R12/R13: characterize against a fixture and diagnostics","src/js/motion.js:11081",""
"menu:motion.js:11591","menu","animation-rigs-expressions","dynamic menu (decorateMotionPropertyRow)","Expression controls…","src/js/motion.js:11591 decorateMotionPropertyRow()","click","contextual menu","none","none (R14)","history@2 persist@3 render@3","static-props | keyed-props | expression-props | held-frames | text | migration","browser and desktop","inventoried","R12/R13: characterize against a fixture and diagnostics","src/js/motion.js:11591",""
"menu:motion.js:11595","menu","animation-rigs-expressions","dynamic menu (decorateMotionPropertyRow)","Bake expression to keyframes…","src/js/motion.js:11595 decorateMotionPropertyRow()","click","contextual menu","none","none (R14)","render@2 history@3 animation@3","static-props | keyed-props | expression-props | held-frames | text | migration","browser and desktop","inventoried","R12/R13: characterize against a fixture and diagnostics","src/js/motion.js:11595",""
"menu:motion.js:353","menu","animation-rigs-expressions","dynamic menu (openExprControlsMenu)","Add a control…","src/js/motion.js:353 openExprControlsMenu()","click","contextual menu","none","none (R14)","history@1 persist@2 render@2 animation@3","static-props | keyed-props | expression-props | held-frames | text | migration","browser and desktop","inventoried","R12/R13: characterize against a fixture and diagnostics","src/js/motion.js:353",""
"menu:motion.js:372","menu","animation-rigs-expressions","dynamic menu (openExprControlsMenu)","Existing controls:","src/js/motion.js:372 openExprControlsMenu()","click","contextual menu","none","none (R14)","","static-props | keyed-props | expression-props | held-frames | text | migration","browser and desktop","inventoried","R12/R13: characterize against a fixture and diagnostics","src/js/motion.js:372",""
"menu:motion.js:376","menu","animation-rigs-expressions","dynamic menu (action)","Rename…","src/js/motion.js:376 action()","click","contextual menu","none","none (R14)","history@1 persist@2 render@2 animation@3","static-props | keyed-props | expression-props | held-frames | text | migration","browser and desktop","inventoried","R12/R13: characterize against a fixture and diagnostics","src/js/motion.js:376",""
"menu:motion.js:382","menu","animation-rigs-expressions","dynamic menu (action)","Move up","src/js/motion.js:382 action()","click","contextual menu","none","none (R14)","history@1 persist@2 render@2 animation@3","static-props | keyed-props | expression-props | held-frames | text | migration","browser and desktop","inventoried","R12/R13: characterize against a fixture and diagnostics","src/js/motion.js:382",""
"menu:motion.js:383","menu","animation-rigs-expressions","dynamic menu (action)","Move down","src/js/motion.js:383 action()","click","contextual menu","none","none (R14)","history@1 persist@2 render@2 animation@3","static-props | keyed-props | expression-props | held-frames | text | migration","browser and desktop","inventoried","R12/R13: characterize against a fixture and diagnostics","src/js/motion.js:383",""
"menu:motion.js:384","menu","animation-rigs-expressions","dynamic menu (action)","Delete","src/js/motion.js:384 action()","click","contextual menu","none","none (R14)","history@1 persist@2 render@2 animation@3","static-props | keyed-props | expression-props | held-frames | text | migration","browser and desktop","inventoried","R12/R13: characterize against a fixture and diagnostics","src/js/motion.js:384",""
"menu:motion.js:7429","menu","animation-rigs-expressions","dynamic menu (renderLayerListMotion)","Rename","src/js/motion.js:7429 renderLayerListMotion()","click","contextual menu","none","none (R14)","render@2 selection@3 animation@3","static-props | keyed-props | expression-props | held-frames | text | migration","browser and desktop","inventoried","R12/R13: characterize against a fixture and diagnostics","src/js/motion.js:7429",""
"menu:motion.js:7434","menu","animation-rigs-expressions","dynamic menu (renderLayerListMotion)","Remove from the folder","src/js/motion.js:7434 renderLayerListMotion()","click","contextual menu","none","none (R14)","persist@2 history@2 animation@2 render@2 selection@3 native@3","static-props | keyed-props | expression-props | held-frames | text | migration","desktop (native bridge); browser degrades or is gated","inventoried","R12/R13: characterize against a fixture and diagnostics","src/js/motion.js:7434",""
"menu:motion.js:7444","menu","animation-rigs-expressions","dynamic menu (renderLayerListMotion)","Convert to component","src/js/motion.js:7444 renderLayerListMotion()","click","contextual menu","none","none (R14)","persist@2 selection@2 animation@2 render@2 history@3","static-props | keyed-props | expression-props | held-frames | text | migration","browser and desktop","inventoried","R12/R13: characterize against a fixture and diagnostics","src/js/motion.js:7444",""
"menu:motion.js:7445","menu","animation-rigs-expressions","dynamic menu (renderLayerListMotion)","Break apart the component","src/js/motion.js:7445 renderLayerListMotion()","click","contextual menu","none","none (R14)","persist@2 selection@2 animation@2 render@2 history@2 native@3","static-props | keyed-props | expression-props | held-frames | text | migration","desktop (native bridge); browser degrades or is gated","inventoried","R12/R13: characterize against a fixture and diagnostics","src/js/motion.js:7445",""
"menu:motion.js:7446","menu","animation-rigs-expressions","dynamic menu (renderLayerListMotion)","Insert a camera layer","src/js/motion.js:7446 renderLayerListMotion()","click","contextual menu","none","none (R14)","","static-props | keyed-props | expression-props | held-frames | text | migration","browser and desktop","inventoried","R12/R13: characterize against a fixture and diagnostics","src/js/motion.js:7446",""
"menu:motion.js:7447","menu","animation-rigs-expressions","dynamic menu (renderLayerListMotion)","Import an audio track…","src/js/motion.js:7447 renderLayerListMotion()","click","contextual menu","none","none (R14)","","static-props | keyed-props | expression-props | held-frames | text | migration","browser and desktop","inventoried","R12/R13: characterize against a fixture and diagnostics","src/js/motion.js:7447",""
"menu:motion.js:7448","menu","animation-rigs-expressions","dynamic menu (renderLayerListMotion)","Split into layers (one shape per layer)","src/js/motion.js:7448 renderLayerListMotion()","click","contextual menu","none","none (R14)","persist@3 history@3 animation@3 render@3","static-props | keyed-props | expression-props | held-frames | text | migration","browser and desktop","inventoried","R12/R13: characterize against a fixture and diagnostics","src/js/motion.js:7448",""
"menu:motion.js:7449","menu","animation-rigs-expressions","dynamic menu (renderLayerListMotion)","Cut at the playhead  (⌘⇧D)","src/js/motion.js:7449 renderLayerListMotion()","click","contextual menu","none","none (R14)","persist@2 history@2 render@2 selection@3 native@3 animation@3","static-props | keyed-props | expression-props | held-frames | text | migration","desktop (native bridge); browser degrades or is gated","inventoried","R12/R13: characterize against a fixture and diagnostics","src/js/motion.js:7449",""
"menu:motion.js:7471","menu","animation-rigs-expressions","dynamic menu (renderLayerListMotion)","Parent in Time — link time to…","src/js/motion.js:7471 renderLayerListMotion()","click","contextual menu","none","none (R14)","render@1 history@2 animation@2 persist@3 selection@3 native@3","static-props | keyed-props | expression-props | held-frames | text | migration","desktop (native bridge); browser degrades or is gated","inventoried","R12/R13: characterize against a fixture and diagnostics","src/js/motion.js:7471",""
"menu:motion.js:7479","menu","animation-rigs-expressions","dynamic menu (renderLayerListMotion)","Expression controls…","src/js/motion.js:7479 renderLayerListMotion()","click","contextual menu","none","none (R14)","history@2 persist@3 render@3","static-props | keyed-props | expression-props | held-frames | text | migration","browser and desktop","inventoried","R12/R13: characterize against a fixture and diagnostics","src/js/motion.js:7479",""
"menu:motion.js:7487","menu","animation-rigs-expressions","dynamic menu (renderLayerListMotion)","Widget settings…","src/js/motion.js:7487 renderLayerListMotion()","click","contextual menu","none","none (R14)","history@2 persist@3 render@3","static-props | keyed-props | expression-props | held-frames | text | migration","browser and desktop","inventoried","R12/R13: characterize against a fixture and diagnostics","src/js/motion.js:7487",""
"menu:motion.js:7492","menu","animation-rigs-expressions","dynamic menu (renderLayerListMotion)","Add an effector layer","src/js/motion.js:7492 renderLayerListMotion()","click","contextual menu","none","none (R14)","persist@2 history@2 animation@2 render@2 selection@3 native@3","static-props | keyed-props | expression-props | held-frames | text | migration","desktop (native bridge); browser degrades or is gated","inventoried","R12/R13: characterize against a fixture and diagnostics","src/js/motion.js:7492",""
"menu:motion.js:7497","menu","animation-rigs-expressions","dynamic menu (renderLayerListMotion)","Add a marker on this layer","src/js/motion.js:7497 renderLayerListMotion()","click","contextual menu","none","none (R14)","history@2","static-props | keyed-props | expression-props | held-frames | text | migration","browser and desktop","inventoried","R12/R13: characterize against a fixture and diagnostics","src/js/motion.js:7497",""
"menu:motion.js:7508","menu","animation-rigs-expressions","dynamic menu (renderLayerListMotion)","Merge the selected layers","src/js/motion.js:7508 renderLayerListMotion()","click","contextual menu","none","none (R14)","persist@2 history@2 render@2 selection@3 native@3 animation@3","static-props | keyed-props | expression-props | held-frames | text | migration","desktop (native bridge); browser degrades or is gated","inventoried","R12/R13: characterize against a fixture and diagnostics","src/js/motion.js:7508",""
"menu:motion.js:7509","menu","animation-rigs-expressions","dynamic menu (renderLayerListMotion)","Object-mode Duplicator…","src/js/motion.js:7509 renderLayerListMotion()","click","contextual menu","none","none (R14)","persist@2 history@2 animation@2 render@2 selection@3 native@3","static-props | keyed-props | expression-props | held-frames | text | migration","desktop (native bridge); browser degrades or is gated","inventoried","R12/R13: characterize against a fixture and diagnostics","src/js/motion.js:7509",""
"menu:motion.js:7511","menu","animation-rigs-expressions","dynamic menu (renderLayerListMotion)","Stagger the selected layers…","src/js/motion.js:7511 renderLayerListMotion()","click","contextual menu","none","none (R14)","history@2 render@2 animation@3","static-props | keyed-props | expression-props | held-frames | text | migration","browser and desktop","inventoried","R12/R13: characterize against a fixture and diagnostics","src/js/motion.js:7511",""
"menu:motion.js:7927","menu","animation-rigs-expressions","dynamic menu (openMatteConfigMenu)","Matte layer:","src/js/motion.js:7927 openMatteConfigMenu()","click","contextual menu","none","none (R14)","","static-props | keyed-props | expression-props | held-frames | text | migration","browser and desktop","inventoried","R12/R13: characterize against a fixture and diagnostics","src/js/motion.js:7927",""
"menu:motion.js:7933","menu","animation-rigs-expressions","dynamic menu (openMatteConfigMenu)","  ","src/js/motion.js:7933 openMatteConfigMenu()","click","contextual menu","none","none (R14)","history@1 persist@2 render@2 animation@3","static-props | keyed-props | expression-props | held-frames | text | migration","browser and desktop","inventoried","R12/R13: characterize against a fixture and diagnostics","src/js/motion.js:7933",""
"menu:motion.js:7947","menu","animation-rigs-expressions","dynamic menu (openMatteConfigMenu)","Mode:","src/js/motion.js:7947 openMatteConfigMenu()","click","contextual menu","none","none (R14)","","static-props | keyed-props | expression-props | held-frames | text | migration","browser and desktop","inventoried","R12/R13: characterize against a fixture and diagnostics","src/js/motion.js:7947",""
"menu:motion.js:7950","menu","animation-rigs-expressions","dynamic menu (openMatteConfigMenu)","  ","src/js/motion.js:7950 openMatteConfigMenu()","click","contextual menu","none","none (R14)","history@1 persist@2 render@2 animation@3","static-props | keyed-props | expression-props | held-frames | text | migration","browser and desktop","inventoried","R12/R13: characterize against a fixture and diagnostics","src/js/motion.js:7950",""
"menu:motion.js:7957","menu","animation-rigs-expressions","dynamic menu (openMatteConfigMenu)","Remove the matte","src/js/motion.js:7957 openMatteConfigMenu()","click","contextual menu","none","none (R14)","history@1 persist@2 render@2 animation@3","static-props | keyed-props | expression-props | held-frames | text | migration","browser and desktop","inventoried","R12/R13: characterize against a fixture and diagnostics","src/js/motion.js:7957",""
"menu:motion.js:8005","menu","animation-rigs-expressions","dynamic menu (openExtraMatteMenu)","Matte layer:","src/js/motion.js:8005 openExtraMatteMenu()","click","contextual menu","none","none (R14)","","static-props | keyed-props | expression-props | held-frames | text | migration","browser and desktop","inventoried","R12/R13: characterize against a fixture and diagnostics","src/js/motion.js:8005",""
"menu:motion.js:8008","menu","animation-rigs-expressions","dynamic menu (openExtraMatteMenu)","  ","src/js/motion.js:8008 openExtraMatteMenu()","click","contextual menu","none","none (R14)","history@1 persist@2 render@2 animation@3","static-props | keyed-props | expression-props | held-frames | text | migration","browser and desktop","inventoried","R12/R13: characterize against a fixture and diagnostics","src/js/motion.js:8008",""
"menu:motion.js:8014","menu","animation-rigs-expressions","dynamic menu (openExtraMatteMenu)","Mode:","src/js/motion.js:8014 openExtraMatteMenu()","click","contextual menu","none","none (R14)","","static-props | keyed-props | expression-props | held-frames | text | migration","browser and desktop","inventoried","R12/R13: characterize against a fixture and diagnostics","src/js/motion.js:8014",""
"menu:motion.js:8017","menu","animation-rigs-expressions","dynamic menu (openExtraMatteMenu)","  ","src/js/motion.js:8017 openExtraMatteMenu()","click","contextual menu","none","none (R14)","history@1 persist@2 render@2 animation@3","static-props | keyed-props | expression-props | held-frames | text | migration","browser and desktop","inventoried","R12/R13: characterize against a fixture and diagnostics","src/js/motion.js:8017",""
"menu:motion.js:8023","menu","animation-rigs-expressions","dynamic menu (openExtraMatteMenu)","Remove the matte","src/js/motion.js:8023 openExtraMatteMenu()","click","contextual menu","none","none (R14)","history@1 persist@2 render@2 animation@3","static-props | keyed-props | expression-props | held-frames | text | migration","browser and desktop","inventoried","R12/R13: characterize against a fixture and diagnostics","src/js/motion.js:8023",""
"menu:motion.js:8364","menu","animation-rigs-expressions","dynamic menu (openExtraParentMenu)","Remove this parent","src/js/motion.js:8364 openExtraParentMenu()","click","contextual menu","none","none (R14)","history@1 render@1 persist@2 animation@2 selection@3 native@3","static-props | keyed-props | expression-props | held-frames | text | migration","desktop (native bridge); browser degrades or is gated","inventoried","R12/R13: characterize against a fixture and diagnostics","src/js/motion.js:8364",""
"menu:motion.js:8441","menu","animation-rigs-expressions","dynamic menu (renderTimeLinkRow)","Unlink time","src/js/motion.js:8441 renderTimeLinkRow()","click","contextual menu","none","none (R14)","history@1 render@1 animation@2 selection@2 native@2 persist@3","static-props | keyed-props | expression-props | held-frames | text | migration","desktop (native bridge); browser degrades or is gated","inventoried","R12/R13: characterize against a fixture and diagnostics","src/js/motion.js:8441",""
"menu:motion.js:8530","menu","animation-rigs-expressions","dynamic menu (buildKeyLockMenuItems)","Lock keyframes on:","src/js/motion.js:8530 buildKeyLockMenuItems()","click","contextual menu","none","none (R14)","","static-props | keyed-props | expression-props | held-frames | text | migration","browser and desktop","inventoried","R12/R13: characterize against a fixture and diagnostics","src/js/motion.js:8530",""
"menu:motion.js:8565","menu","animation-rigs-expressions","dynamic menu (buildKeySelectionLockMenuItems)","Lock keyframes on:","src/js/motion.js:8565 buildKeySelectionLockMenuItems()","click","contextual menu","none","none (R14)","","static-props | keyed-props | expression-props | held-frames | text | migration","browser and desktop","inventoried","R12/R13: characterize against a fixture and diagnostics","src/js/motion.js:8565",""
"menu:motion.js:9153","menu","animation-rigs-expressions","dynamic menu (buildExprEditorRow)","value — no change","src/js/motion.js:9153 buildExprEditorRow()","click","contextual menu","none","none (R14)","animation@3","static-props | keyed-props | expression-props | held-frames | text | migration","browser and desktop","inventoried","R12/R13: characterize against a fixture and diagnostics","src/js/motion.js:9153",""
"menu:motion.js:9154","menu","animation-rigs-expressions","dynamic menu (buildExprEditorRow)","wiggle — random shake","src/js/motion.js:9154 buildExprEditorRow()","click","contextual menu","none","none (R14)","animation@3","static-props | keyed-props | expression-props | held-frames | text | migration","browser and desktop","inventoried","R12/R13: characterize against a fixture and diagnostics","src/js/motion.js:9154",""
"menu:motion.js:9158","menu","animation-rigs-expressions","dynamic menu (buildExprEditorRow)","Math.sin — steady oscillation","src/js/motion.js:9158 buildExprEditorRow()","click","contextual menu","none","none (R14)","animation@3","static-props | keyed-props | expression-props | held-frames | text | migration","browser and desktop","inventoried","R12/R13: characterize against a fixture and diagnostics","src/js/motion.js:9158",""
"menu:motion.js:9162","menu","animation-rigs-expressions","dynamic menu (buildExprEditorRow)","stepTime — shake stepped every 4 frames","src/js/motion.js:9162 buildExprEditorRow()","click","contextual menu","none","none (R14)","animation@3","static-props | keyed-props | expression-props | held-frames | text | migration","browser and desktop","inventoried","R12/R13: characterize against a fixture and diagnostics","src/js/motion.js:9162",""
"menu:motion.js:9166","menu","animation-rigs-expressions","dynamic menu (buildExprEditorRow)","loopAfter('cycle') — repeat after the last keyframe","src/js/motion.js:9166 buildExprEditorRow()","click","contextual menu","none","none (R14)","animation@3","static-props | keyed-props | expression-props | held-frames | text | migration","browser and desktop","inventoried","R12/R13: characterize against a fixture and diagnostics","src/js/motion.js:9166",""
"menu:motion.js:9167","menu","animation-rigs-expressions","dynamic menu (buildExprEditorRow)","loopAfter('pingpong') — repeat back and forth","src/js/motion.js:9167 buildExprEditorRow()","click","contextual menu","none","none (R14)","animation@3","static-props | keyed-props | expression-props | held-frames | text | migration","browser and desktop","inventoried","R12/R13: characterize against a fixture and diagnostics","src/js/motion.js:9167",""
"menu:motion.js:9168","menu","animation-rigs-expressions","dynamic menu (buildExprEditorRow)","loopAfter('offset') — repeat, each pass stacking on the last","src/js/motion.js:9168 buildExprEditorRow()","click","contextual menu","none","none (R14)","animation@3","static-props | keyed-props | expression-props | held-frames | text | migration","browser and desktop","inventoried","R12/R13: characterize against a fixture and diagnostics","src/js/motion.js:9168",""
"menu:motion.js:9169","menu","animation-rigs-expressions","dynamic menu (buildExprEditorRow)","loopBefore('cycle') — repeat before the first keyframe","src/js/motion.js:9169 buildExprEditorRow()","click","contextual menu","none","none (R14)","animation@3","static-props | keyed-props | expression-props | held-frames | text | migration","browser and desktop","inventoried","R12/R13: characterize against a fixture and diagnostics","src/js/motion.js:9169",""
"menu:motion.js:9170","menu","animation-rigs-expressions","dynamic menu (buildExprEditorRow)","Bounce after the last keyframe","src/js/motion.js:9170 buildExprEditorRow()","click","contextual menu","none","none (R14)","animation@3","static-props | keyed-props | expression-props | held-frames | text | migration","browser and desktop","inventoried","R12/R13: characterize against a fixture and diagnostics","src/js/motion.js:9170",""
"menu:motion.js:9178","menu","animation-rigs-expressions","dynamic menu (buildExprEditorRow)","remap — driven by another layer’s X","src/js/motion.js:9178 buildExprEditorRow()","click","contextual menu","none","none (R14)","animation@3","static-props | keyed-props | expression-props | held-frames | text | migration","browser and desktop","inventoried","R12/R13: characterize against a fixture and diagnostics","src/js/motion.js:9178",""
"menu:motion.js:9183","menu","animation-rigs-expressions","dynamic menu (buildExprEditorRow)","seed + randomFixed — a fixed offset per layer","src/js/motion.js:9183 buildExprEditorRow()","click","contextual menu","none","none (R14)","animation@3","static-props | keyed-props | expression-props | held-frames | text | migration","browser and desktop","inventoried","R12/R13: characterize against a fixture and diagnostics","src/js/motion.js:9183",""
"menu:motion.js:9187","menu","animation-rigs-expressions","dynamic menu (buildExprEditorRow)","contentBox — fit to what the layer draws","src/js/motion.js:9187 buildExprEditorRow()","click","contextual menu","none","none (R14)","animation@3","static-props | keyed-props | expression-props | held-frames | text | migration","browser and desktop","inventoried","R12/R13: characterize against a fixture and diagnostics","src/js/motion.js:9187",""
"menu:motion.js:9194","menu","animation-rigs-expressions","dynamic menu (buildExprEditorRow)","angleTo — angle between two layers","src/js/motion.js:9194 buildExprEditorRow()","click","contextual menu","none","none (R14)","animation@3","static-props | keyed-props | expression-props | held-frames | text | migration","browser and desktop","inventoried","R12/R13: characterize against a fixture and diagnostics","src/js/motion.js:9194",""
"menu:motion.js:9197","menu","animation-rigs-expressions","dynamic menu (buildExprEditorRow)","layer('Layer 1') — follow another layer","src/js/motion.js:9197 buildExprEditorRow()","click","contextual menu","none","none (R14)","animation@3","static-props | keyed-props | expression-props | held-frames | text | migration","browser and desktop","inventoried","R12/R13: characterize against a fixture and diagnostics","src/js/motion.js:9197",""
"menu:motion.js:9198","menu","animation-rigs-expressions","dynamic menu (buildExprEditorRow)","self.keys.at(1) — hold the first keyframe’s value","src/js/motion.js:9198 buildExprEditorRow()","click","contextual menu","none","none (R14)","animation@3","static-props | keyed-props | expression-props | held-frames | text | migration","browser and desktop","inventoried","R12/R13: characterize against a fixture and diagnostics","src/js/motion.js:9198",""
"menu:motion.js:9211","menu","animation-rigs-expressions","dynamic menu (buildExprEditorRow)","Read a control on this layer","src/js/motion.js:9211 buildExprEditorRow()","click","contextual menu","none","none (R14)","animation@3","static-props | keyed-props | expression-props | held-frames | text | migration","browser and desktop","inventoried","R12/R13: characterize against a fixture and diagnostics","src/js/motion.js:9211",""
"menu:motion.js:9917","menu","animation-rigs-expressions","dynamic menu (renderElementsList)","Rename","src/js/motion.js:9917 renderElementsList()","click","contextual menu","none","none (R14)","render@2 history@3 animation@3","static-props | keyed-props | expression-props | held-frames | text | migration","browser and desktop","inventoried","R12/R13: characterize against a fixture and diagnostics","src/js/motion.js:9917",""
"menu:motion.js:9918","menu","animation-rigs-expressions","dynamic menu (renderElementsList)","Select members","src/js/motion.js:9918 renderElementsList()","click","contextual menu","none","none (R14)","selection@2 render@2 animation@3 persist@3","static-props | keyed-props | expression-props | held-frames | text | migration","browser and desktop","inventoried","R12/R13: characterize against a fixture and diagnostics","src/js/motion.js:9918",""
"menu:motion.js:9919","menu","animation-rigs-expressions","dynamic menu (renderElementsList)","Ungroup","src/js/motion.js:9919 renderElementsList()","click","contextual menu","none","none (R14)","persist@1 history@1 render@1 animation@2 selection@3 native@3","static-props | keyed-props | expression-props | held-frames | text | migration","desktop (native bridge); browser degrades or is gated","inventoried","R12/R13: characterize against a fixture and diagnostics","src/js/motion.js:9919",""
"menu:motion.js:9962","menu","animation-rigs-expressions","dynamic menu (renderElementsList)","Rename","src/js/motion.js:9962 renderElementsList()","click","contextual menu","none","none (R14)","persist@1 history@1 render@1 animation@2 selection@3 native@3","static-props | keyed-props | expression-props | held-frames | text | migration","desktop (native bridge); browser degrades or is gated","inventoried","R12/R13: characterize against a fixture and diagnostics","src/js/motion.js:9962",""
"menu:motion.js:9963","menu","animation-rigs-expressions","dynamic menu (renderElementsList)","Select","src/js/motion.js:9963 renderElementsList()","click","contextual menu","none","none (R14)","selection@2 render@2 animation@3 persist@3","static-props | keyed-props | expression-props | held-frames | text | migration","browser and desktop","inventoried","R12/R13: characterize against a fixture and diagnostics","src/js/motion.js:9963",""
"menu:motion.js:9964","menu","animation-rigs-expressions","dynamic menu (renderElementsList)","Delete","src/js/motion.js:9964 renderElementsList()","click","contextual menu","none","none (R14)","persist@1 history@1 selection@1 render@1 animation@2 native@3","static-props | keyed-props | expression-props | held-frames | text | migration","desktop (native bridge); browser degrades or is gated","inventoried","R12/R13: characterize against a fixture and diagnostics","src/js/motion.js:9964",""
"menu:palette-panel.js:183","menu","drawing-selection","dynamic menu (render)","Utiliser comme Fill","src/js/palette-panel.js:183 render()","click","contextual menu","none","none (R14)","persist@2 history@2 selection@2 render@2 animation@3","static-props | masks-alpha | text | interaction","browser and desktop","inventoried","R12/R13: characterize against a fixture and diagnostics","src/js/palette-panel.js:183",""
"menu:palette-panel.js:184","menu","drawing-selection","dynamic menu (render)","Utiliser comme Stroke","src/js/palette-panel.js:184 render()","click","contextual menu","none","none (R14)","persist@2 history@2 selection@2 render@2 animation@3","static-props | masks-alpha | text | interaction","browser and desktop","inventoried","R12/R13: characterize against a fixture and diagnostics","src/js/palette-panel.js:184",""
"menu:palette-panel.js:186","menu","drawing-selection","dynamic menu (render)","Remplacer dans le calque…","src/js/palette-panel.js:186 render()","click","contextual menu","none","none (R14)","","static-props | masks-alpha | text | interaction","browser and desktop","inventoried","R12/R13: characterize against a fixture and diagnostics","src/js/palette-panel.js:186",""
"menu:palette-panel.js:188","menu","drawing-selection","dynamic menu (render)","Retirer de la palette","src/js/palette-panel.js:188 render()","click","contextual menu","none","none (R14)","","static-props | masks-alpha | text | interaction","browser and desktop","inventoried","R12/R13: characterize against a fixture and diagnostics","src/js/palette-panel.js:188",""
"menu:palette-panel.js:223","menu","drawing-selection","dynamic menu (renderTabs)","Renommer…","src/js/palette-panel.js:223 renderTabs()","click","contextual menu","none","none (R14)","","static-props | masks-alpha | text | interaction","browser and desktop","inventoried","R12/R13: characterize against a fixture and diagnostics","src/js/palette-panel.js:223",""
"menu:palette-panel.js:224","menu","drawing-selection","dynamic menu (renderTabs)","Dupliquer","src/js/palette-panel.js:224 renderTabs()","click","contextual menu","none","none (R14)","","static-props | masks-alpha | text | interaction","browser and desktop","inventoried","R12/R13: characterize against a fixture and diagnostics","src/js/palette-panel.js:224",""
"menu:palette-panel.js:226","menu","drawing-selection","dynamic menu (renderTabs)","Supprimer","src/js/palette-panel.js:226 renderTabs()","click","contextual menu","none","none (R14)","","static-props | masks-alpha | text | interaction","browser and desktop","inventoried","R12/R13: characterize against a fixture and diagnostics","src/js/palette-panel.js:226",""
"menu:rig-widget.js:519","menu","animation-rigs-expressions","dynamic menu (axisItem)","Range of ","src/js/rig-widget.js:519 axisItem()","click","contextual menu","none","none (R14)","history@1 persist@2 render@2 animation@3","static-props | keyed-props | expression-props | held-frames | text | migration","browser and desktop","inventoried","R12/R13: characterize against a fixture and diagnostics","src/js/rig-widget.js:519",""
"menu:rig-widget.js:533","menu","animation-rigs-expressions","dynamic menu (openWidgetMenu)","Pad size…","src/js/rig-widget.js:533 openWidgetMenu()","click","contextual menu","none","none (R14)","history@1 persist@2 render@2 animation@3","static-props | keyed-props | expression-props | held-frames | text | migration","browser and desktop","inventoried","R12/R13: characterize against a fixture and diagnostics","src/js/rig-widget.js:533",""
"menu:select-bridge.js:3014","menu","drawing-selection","dynamic menu (onContext)","Coller","src/js/select-bridge.js:3014 onContext()","click","contextual menu","none","none (R14)","persist@2 history@2 selection@2 render@2 animation@3","static-props | masks-alpha | text | interaction","browser and desktop","inventoried","R12/R13: characterize against a fixture and diagnostics","src/js/select-bridge.js:3014",""
"menu:select-bridge.js:3029","menu","drawing-selection","dynamic menu (onContext)","Suggérer la forme pour « ","src/js/select-bridge.js:3029 onContext()","click","contextual menu","none","none (R14)","selection@2 render@2 animation@3","static-props | masks-alpha | text | interaction","browser and desktop","inventoried","R12/R13: characterize against a fixture and diagnostics","src/js/select-bridge.js:3029",""
"menu:select-bridge.js:3048","menu","drawing-selection","dynamic menu (onContext)","Copier","src/js/select-bridge.js:3048 onContext()","click","contextual menu","none","none (R14)","selection@2","static-props | masks-alpha | text | interaction","browser and desktop","inventoried","R12/R13: characterize against a fixture and diagnostics","src/js/select-bridge.js:3048",""
"menu:select-bridge.js:3049","menu","drawing-selection","dynamic menu (onContext)","Couper","src/js/select-bridge.js:3049 onContext()","click","contextual menu","none","none (R14)","selection@2 persist@3 history@3 render@3","static-props | masks-alpha | text | interaction","browser and desktop","inventoried","R12/R13: characterize against a fixture and diagnostics","src/js/select-bridge.js:3049",""
"menu:select-bridge.js:3050","menu","drawing-selection","dynamic menu (onContext)","Coller","src/js/select-bridge.js:3050 onContext()","click","contextual menu","none","none (R14)","persist@2 history@2 selection@2 render@2 animation@3","static-props | masks-alpha | text | interaction","browser and desktop","inventoried","R12/R13: characterize against a fixture and diagnostics","src/js/select-bridge.js:3050",""
"menu:select-bridge.js:3051","menu","drawing-selection","dynamic menu (onContext)","Dupliquer","src/js/select-bridge.js:3051 onContext()","click","contextual menu","none","none (R14)","persist@2 history@2 selection@2 render@2 animation@3","static-props | masks-alpha | text | interaction","browser and desktop","inventoried","R12/R13: characterize against a fixture and diagnostics","src/js/select-bridge.js:3051",""
"menu:select-bridge.js:3080","menu","drawing-selection","dynamic menu (onContext)","Combiner (Union) — non destructif","src/js/select-bridge.js:3080 onContext()","click","contextual menu","none","none (R14)","persist@2 history@2 selection@2 render@2 animation@3","static-props | masks-alpha | text | interaction","browser and desktop","inventoried","R12/R13: characterize against a fixture and diagnostics","src/js/select-bridge.js:3080",""
"menu:select-bridge.js:3090","menu","drawing-selection","dynamic menu (onContext)","Sortir du groupe","src/js/select-bridge.js:3090 onContext()","click","contextual menu","none","none (R14)","persist@2 history@2 render@2 selection@3 animation@3","static-props | masks-alpha | text | interaction","browser and desktop","inventoried","R12/R13: characterize against a fixture and diagnostics","src/js/select-bridge.js:3090",""
"menu:select-bridge.js:3091","menu","drawing-selection","dynamic menu (onContext)","Aplatir","src/js/select-bridge.js:3091 onContext()","click","contextual menu","none","none (R14)","persist@2 history@2 selection@2 render@2 animation@3","static-props | masks-alpha | text | interaction","browser and desktop","inventoried","R12/R13: characterize against a fixture and diagnostics","src/js/select-bridge.js:3091",""
"menu:select-bridge.js:3095","menu","drawing-selection","dynamic menu (onContext)","Premier plan","src/js/select-bridge.js:3095 onContext()","click","contextual menu","none","none (R14)","persist@1 history@1 selection@1 render@1 animation@3 native@3","static-props | masks-alpha | text | interaction","desktop (native bridge); browser degrades or is gated","inventoried","R12/R13: characterize against a fixture and diagnostics","src/js/select-bridge.js:3095",""
"menu:select-bridge.js:3102","menu","drawing-selection","dynamic menu (onContext)","Arrière-plan","src/js/select-bridge.js:3102 onContext()","click","contextual menu","none","none (R14)","persist@1 history@1 selection@1 render@1 animation@3 native@3","static-props | masks-alpha | text | interaction","desktop (native bridge); browser degrades or is gated","inventoried","R12/R13: characterize against a fixture and diagnostics","src/js/select-bridge.js:3102",""
"menu:select-bridge.js:3118","menu","drawing-selection","dynamic menu (onContext)","Centrer le point d\'ancrage","src/js/select-bridge.js:3118 onContext()","click","contextual menu","none","none (R14)","persist@1 selection@1 render@1 animation@2 history@3 native@3","static-props | masks-alpha | text | interaction","desktop (native bridge); browser degrades or is gated","inventoried","R12/R13: characterize against a fixture and diagnostics","src/js/select-bridge.js:3118",""
"menu:select-bridge.js:3141","menu","drawing-selection","dynamic menu (onContext)","Mask the image with this shape","src/js/select-bridge.js:3141 onContext()","click","contextual menu","none","none (R14)","history@2 selection@2 render@2 animation@3 persist@3","static-props | masks-alpha | text | interaction","browser and desktop","inventoried","R12/R13: characterize against a fixture and diagnostics","src/js/select-bridge.js:3141",""
"menu:select-bridge.js:3201","menu","drawing-selection","dynamic menu (onContext)","Accepter la correction","src/js/select-bridge.js:3201 onContext()","click","contextual menu","none","none (R14)","persist@1 history@1 render@1 selection@2 animation@2 native@3","static-props | masks-alpha | text | interaction","desktop (native bridge); browser degrades or is gated","inventoried","R12/R13: characterize against a fixture and diagnostics","src/js/select-bridge.js:3201",""
"menu:select-bridge.js:3208","menu","drawing-selection","dynamic menu (onContext)","Rejeter la correction","src/js/select-bridge.js:3208 onContext()","click","contextual menu","none","none (R14)","persist@1 history@1 render@1 selection@2 animation@2 native@3","static-props | masks-alpha | text | interaction","desktop (native bridge); browser degrades or is gated","inventoried","R12/R13: characterize against a fixture and diagnostics","src/js/select-bridge.js:3208",""
"menu:select-bridge.js:3235","menu","drawing-selection","dynamic menu (onContext)","Convertir le trait en remplissage (Fill)","src/js/select-bridge.js:3235 onContext()","click","contextual menu","none","none (R14)","persist@2 history@2 selection@2 render@2 native@3 animation@3","static-props | masks-alpha | text | interaction","desktop (native bridge); browser degrades or is gated","inventoried","R12/R13: characterize against a fixture and diagnostics","src/js/select-bridge.js:3235",""
"menu:select-bridge.js:3236","menu","drawing-selection","dynamic menu (onContext)","Profil de contour :","src/js/select-bridge.js:3236 onContext()","click","contextual menu","none","none (R14)","","static-props | masks-alpha | text | interaction","browser and desktop","inventoried","R12/R13: characterize against a fixture and diagnostics","src/js/select-bridge.js:3236",""
"menu:select-bridge.js:3256","menu","drawing-selection","dynamic menu (onContext)","Animer le texte…","src/js/select-bridge.js:3256 onContext()","click","contextual menu","none","none (R14)","history@2 render@2 selection@3 native@3 animation@3","static-props | masks-alpha | text | interaction","desktop (native bridge); browser degrades or is gated","inventoried","R12/R13: characterize against a fixture and diagnostics","src/js/select-bridge.js:3256",""
"menu:select-bridge.js:3272","menu","drawing-selection","dynamic menu (onContext)","Exposer l\'opacité comme propriété de Component…","src/js/select-bridge.js:3272 onContext()","click","contextual menu","none","none (R14)","history@1 animation@2 persist@3","static-props | masks-alpha | text | interaction","browser and desktop","inventoried","R12/R13: characterize against a fixture and diagnostics","src/js/select-bridge.js:3272",""
"menu:select-bridge.js:3281","menu","drawing-selection","dynamic menu (onContext)","Exposer la visibilité comme propriété de Component…","src/js/select-bridge.js:3281 onContext()","click","contextual menu","none","none (R14)","history@1 animation@2 persist@3","static-props | masks-alpha | text | interaction","browser and desktop","inventoried","R12/R13: characterize against a fixture and diagnostics","src/js/select-bridge.js:3281",""
"menu:shapes-panel.js:741","menu","drawing-selection","dynamic menu (buildShapeRow)","Rename","src/js/shapes-panel.js:741 buildShapeRow()","click","contextual menu","none","none (R14)","persist@3 history@3 animation@3 render@3","static-props | masks-alpha | text | interaction","browser and desktop","inventoried","R12/R13: characterize against a fixture and diagnostics","src/js/shapes-panel.js:741",""
"menu:shapes-panel.js:742","menu","drawing-selection","dynamic menu (buildShapeRow)","Select","src/js/shapes-panel.js:742 buildShapeRow()","click","contextual menu","none","none (R14)","animation@1 selection@2 render@2 persist@3","static-props | masks-alpha | text | interaction","browser and desktop","inventoried","R12/R13: characterize against a fixture and diagnostics","src/js/shapes-panel.js:742",""
"menu:shapes-panel.js:854","menu","drawing-selection","dynamic menu (renderNode)","Select members","src/js/shapes-panel.js:854 renderNode()","click","contextual menu","none","none (R14)","animation@1 selection@2 render@2 persist@3","static-props | masks-alpha | text | interaction","browser and desktop","inventoried","R12/R13: characterize against a fixture and diagnostics","src/js/shapes-panel.js:854",""
"menu:shapes-panel.js:856","menu","drawing-selection","dynamic menu (renderNode)","Break text into shapes","src/js/shapes-panel.js:856 renderNode()","click","contextual menu","none","none (R14)","animation@1 persist@2 history@2 render@2","static-props | masks-alpha | text | interaction","browser and desktop","inventoried","R12/R13: characterize against a fixture and diagnostics","src/js/shapes-panel.js:856",""
"menu:shapes-panel.js:861","menu","drawing-selection","dynamic menu (renderNode)","Rename","src/js/shapes-panel.js:861 renderNode()","click","contextual menu","none","none (R14)","persist@3 history@3 animation@3 render@3","static-props | masks-alpha | text | interaction","browser and desktop","inventoried","R12/R13: characterize against a fixture and diagnostics","src/js/shapes-panel.js:861",""
"menu:shapes-panel.js:862","menu","drawing-selection","dynamic menu (renderNode)","Select members","src/js/shapes-panel.js:862 renderNode()","click","contextual menu","none","none (R14)","animation@1 selection@2 render@2 persist@3","static-props | masks-alpha | text | interaction","browser and desktop","inventoried","R12/R13: characterize against a fixture and diagnostics","src/js/shapes-panel.js:862",""
"menu:shapes-panel.js:870","menu","drawing-selection","dynamic menu (renderNode)","Ungroup","src/js/shapes-panel.js:870 renderNode()","click","contextual menu","none","none (R14)","persist@1 history@1 animation@1 render@1 selection@3 native@3","static-props | masks-alpha | text | interaction","desktop (native bridge); browser degrades or is gated","inventoried","R12/R13: characterize against a fixture and diagnostics","src/js/shapes-panel.js:870",""
"menu:storyboard.js:1025","menu","storyboard","dynamic menu (wireSpace)","Instance : ","src/js/storyboard.js:1025 wireSpace()","click","contextual menu","none","none (R14)","","components","browser and desktop","inventoried","R12/R13: characterize against a fixture and diagnostics","src/js/storyboard.js:1025",""
"menu:storyboard.js:1027","menu","storyboard","dynamic menu (wireSpace)","(Aucun composant — créez-en un en Animation 2D)","src/js/storyboard.js:1027 wireSpace()","click","contextual menu","none","none (R14)","","components","browser and desktop","inventoried","R12/R13: characterize against a fixture and diagnostics","src/js/storyboard.js:1027",""
"menu:storyboard.js:1029","menu","storyboard","dynamic menu (wireSpace)","Nouveau montage","src/js/storyboard.js:1029 wireSpace()","click","contextual menu","none","none (R14)","","components","browser and desktop","inventoried","R12/R13: characterize against a fixture and diagnostics","src/js/storyboard.js:1029",""
"menu:storyboard.js:1030","menu","storyboard","dynamic menu (wireSpace)","Importer un son…","src/js/storyboard.js:1030 wireSpace()","click","contextual menu","none","none (R14)","","components","browser and desktop","inventoried","R12/R13: characterize against a fixture and diagnostics","src/js/storyboard.js:1030",""
"menu:storyboard.js:1209","menu","storyboard","dynamic menu (renderSound)","Scinder ici","src/js/storyboard.js:1209 renderSound()","click","contextual menu","none","none (R14)","","components","browser and desktop","inventoried","R12/R13: characterize against a fixture and diagnostics","src/js/storyboard.js:1209",""
"menu:storyboard.js:1211","menu","storyboard","dynamic menu (renderSound)","Scinder (cliquer la forme d’onde pour placer le point)","src/js/storyboard.js:1211 renderSound()","click","contextual menu","none","none (R14)","","components","browser and desktop","inventoried","R12/R13: characterize against a fixture and diagnostics","src/js/storyboard.js:1211",""
"menu:storyboard.js:1213","menu","storyboard","dynamic menu (renderSound)","Détacher du montage","src/js/storyboard.js:1213 renderSound()","click","contextual menu","none","none (R14)","","components","browser and desktop","inventoried","R12/R13: characterize against a fixture and diagnostics","src/js/storyboard.js:1213",""
"menu:storyboard.js:1214","menu","storyboard","dynamic menu (renderSound)","Supprimer le module","src/js/storyboard.js:1214 renderSound()","click","contextual menu","none","none (R14)","","components","browser and desktop","inventoried","R12/R13: characterize against a fixture and diagnostics","src/js/storyboard.js:1214",""
"menu:storyboard.js:959","menu","storyboard","dynamic menu (wireModuleMenu)","Éditer l’animation","src/js/storyboard.js:959 wireModuleMenu()","click","contextual menu","none","none (R14)","animation@2 persist@3 render@3","components","browser and desktop","inventoried","R12/R13: characterize against a fixture and diagnostics","src/js/storyboard.js:959",""
"menu:storyboard.js:970","menu","storyboard","dynamic menu (wireModuleMenu)","Scinder au lecteur","src/js/storyboard.js:970 wireModuleMenu()","click","contextual menu","none","none (R14)","render@3","components","browser and desktop","inventoried","R12/R13: characterize against a fixture and diagnostics","src/js/storyboard.js:970",""
"menu:storyboard.js:972","menu","storyboard","dynamic menu (wireModuleMenu)","Scinder (placez le lecteur dans ce clip)","src/js/storyboard.js:972 wireModuleMenu()","click","contextual menu","none","none (R14)","","components","browser and desktop","inventoried","R12/R13: characterize against a fixture and diagnostics","src/js/storyboard.js:972",""
"menu:storyboard.js:974","menu","storyboard","dynamic menu (wireModuleMenu)","Réinitialiser le retiming","src/js/storyboard.js:974 wireModuleMenu()","click","contextual menu","none","none (R14)","render@2 native@3","components","desktop (native bridge); browser degrades or is gated","inventoried","R12/R13: characterize against a fixture and diagnostics","src/js/storyboard.js:974",""
"menu:storyboard.js:975","menu","storyboard","dynamic menu (wireModuleMenu)","Détacher du montage","src/js/storyboard.js:975 wireModuleMenu()","click","contextual menu","none","none (R14)","render@2 native@3","components","desktop (native bridge); browser degrades or is gated","inventoried","R12/R13: characterize against a fixture and diagnostics","src/js/storyboard.js:975",""
"menu:storyboard.js:979","menu","storyboard","dynamic menu (wireModuleMenu)","Renommer","src/js/storyboard.js:979 wireModuleMenu()","click","contextual menu","none","none (R14)","","components","browser and desktop","inventoried","R12/R13: characterize against a fixture and diagnostics","src/js/storyboard.js:979",""
"menu:storyboard.js:985","menu","storyboard","dynamic menu (wireModuleMenu)","Placer comme calque dans Animation 2D","src/js/storyboard.js:985 wireModuleMenu()","click","contextual menu","none","none (R14)","persist@2 history@2 animation@2 render@2 selection@3 native@3","components","desktop (native bridge); browser degrades or is gated","inventoried","R12/R13: characterize against a fixture and diagnostics","src/js/storyboard.js:985",""
"menu:storyboard.js:988","menu","storyboard","dynamic menu (wireModuleMenu)","Détacher du montage","src/js/storyboard.js:988 wireModuleMenu()","click","contextual menu","none","none (R14)","","components","browser and desktop","inventoried","R12/R13: characterize against a fixture and diagnostics","src/js/storyboard.js:988",""
"menu:storyboard.js:990","menu","storyboard","dynamic menu (wireModuleMenu)","Supprimer le module","src/js/storyboard.js:990 wireModuleMenu()","click","contextual menu","none","none (R14)","","components","browser and desktop","inventoried","R12/R13: characterize against a fixture and diagnostics","src/js/storyboard.js:990",""
"menu:timeline.js:11104","menu","timeline-layers-frames","dynamic menu","Fit","src/js/timeline.js:11104","click","contextual menu","none","none (R14)","","keyed-props | held-frames | components","browser and desktop","inventoried","R12/R13: characterize against a fixture and diagnostics","src/js/timeline.js:11104",""
"menu:timeline.js:11105","menu","timeline-layers-frames","dynamic menu","Reset View (100%)","src/js/timeline.js:11105","click","contextual menu","none","none (R14)","","keyed-props | held-frames | components","browser and desktop","inventoried","R12/R13: characterize against a fixture and diagnostics","src/js/timeline.js:11105",""
"menu:timeline.js:11426","menu","timeline-layers-frames","dynamic menu","Insert a layer","src/js/timeline.js:11426","click","contextual menu","none","none (R14)","render@2 history@3 animation@3","keyed-props | held-frames | components","browser and desktop","inventoried","R12/R13: characterize against a fixture and diagnostics","src/js/timeline.js:11426",""
"menu:timeline.js:11427","menu","timeline-layers-frames","dynamic menu","Insert a Null layer","src/js/timeline.js:11427","click","contextual menu","none","none (R14)","persist@2 history@2 animation@2 render@2 selection@3 native@3","keyed-props | held-frames | components","desktop (native bridge); browser degrades or is gated","inventoried","R12/R13: characterize against a fixture and diagnostics","src/js/timeline.js:11427",""
"menu:timeline.js:11428","menu","timeline-layers-frames","dynamic menu","Insert a folder","src/js/timeline.js:11428","click","contextual menu","none","none (R14)","persist@2 history@2 animation@2 render@2 selection@3 native@3","keyed-props | held-frames | components","desktop (native bridge); browser degrades or is gated","inventoried","R12/R13: characterize against a fixture and diagnostics","src/js/timeline.js:11428",""
"menu:timeline.js:11429","menu","timeline-layers-frames","dynamic menu","Insert an effect layer","src/js/timeline.js:11429","click","contextual menu","none","none (R14)","persist@2 history@2 render@2 selection@3 native@3 animation@3","keyed-props | held-frames | components","desktop (native bridge); browser degrades or is gated","inventoried","R12/R13: characterize against a fixture and diagnostics","src/js/timeline.js:11429",""
"menu:timeline.js:11430","menu","timeline-layers-frames","dynamic menu","Insert a Guide layer","src/js/timeline.js:11430","click","contextual menu","none","none (R14)","persist@2 history@2 render@2 selection@3 native@3 animation@3","keyed-props | held-frames | components","desktop (native bridge); browser degrades or is gated","inventoried","R12/R13: characterize against a fixture and diagnostics","src/js/timeline.js:11430",""
"menu:timeline.js:11431","menu","timeline-layers-frames","dynamic menu","Joystick layer","src/js/timeline.js:11431","click","contextual menu","none","none (R14)","persist@3 history@3 render@3","keyed-props | held-frames | components","browser and desktop","inventoried","R12/R13: characterize against a fixture and diagnostics","src/js/timeline.js:11431",""
"menu:timeline.js:11432","menu","timeline-layers-frames","dynamic menu","Slider layer","src/js/timeline.js:11432","click","contextual menu","none","none (R14)","persist@3 history@3 render@3","keyed-props | held-frames | components","browser and desktop","inventoried","R12/R13: characterize against a fixture and diagnostics","src/js/timeline.js:11432",""
"menu:timeline.js:5245","menu","timeline-layers-frames","dynamic menu","Edit this tween's curve…","src/js/timeline.js:5245","click","contextual menu","none","none (R14)","animation@3 render@3 history@3","keyed-props | held-frames | components","browser and desktop","inventoried","R12/R13: characterize against a fixture and diagnostics","src/js/timeline.js:5245",""
"menu:timeline.js:5245#2","menu","timeline-layers-frames","dynamic menu","Supprimer le tween","src/js/timeline.js:5245","click","contextual menu","none","none (R14)","history@2 render@2 selection@3 native@3 animation@3","keyed-props | held-frames | components","desktop (native bridge); browser degrades or is gated","inventoried","R12/R13: characterize against a fixture and diagnostics","src/js/timeline.js:5245",""
"menu:timeline.js:5247","menu","timeline-layers-frames","dynamic menu","Copy","src/js/timeline.js:5247","click","contextual menu","none","none (R14)","persist@2","keyed-props | held-frames | components","browser and desktop","inventoried","R12/R13: characterize against a fixture and diagnostics","src/js/timeline.js:5247",""
"menu:timeline.js:5248","menu","timeline-layers-frames","dynamic menu","Cut","src/js/timeline.js:5248","click","contextual menu","none","none (R14)","persist@2 history@2 render@2 selection@3 native@3 animation@3","keyed-props | held-frames | components","desktop (native bridge); browser degrades or is gated","inventoried","R12/R13: characterize against a fixture and diagnostics","src/js/timeline.js:5248",""
"menu:timeline.js:5249","menu","timeline-layers-frames","dynamic menu","Paste","src/js/timeline.js:5249","click","contextual menu","none","none (R14)","persist@2 history@2 render@2 selection@3 native@3 animation@3","keyed-props | held-frames | components","desktop (native bridge); browser degrades or is gated","inventoried","R12/R13: characterize against a fixture and diagnostics","src/js/timeline.js:5249",""
"menu:timeline.js:5250","menu","timeline-layers-frames","dynamic menu","Duplicate the selection","src/js/timeline.js:5250","click","contextual menu","none","none (R14)","persist@3 history@3 render@3","keyed-props | held-frames | components","browser and desktop","inventoried","R12/R13: characterize against a fixture and diagnostics","src/js/timeline.js:5250",""
"menu:timeline.js:5252","menu","timeline-layers-frames","dynamic menu","Insert a frame","src/js/timeline.js:5252","click","contextual menu","none","none (R14)","history@2 animation@2 persist@3 selection@3 render@3","keyed-props | held-frames | components","browser and desktop","inventoried","R12/R13: characterize against a fixture and diagnostics","src/js/timeline.js:5252",""
"menu:timeline.js:5253","menu","timeline-layers-frames","dynamic menu","Insert a keyframe","src/js/timeline.js:5253","click","contextual menu","none","none (R14)","animation@1 persist@2 history@2 render@2 selection@3 native@3","keyed-props | held-frames | components","desktop (native bridge); browser degrades or is gated","inventoried","R12/R13: characterize against a fixture and diagnostics","src/js/timeline.js:5253",""
"menu:timeline.js:5254","menu","timeline-layers-frames","dynamic menu","Insert a blank keyframe","src/js/timeline.js:5254","click","contextual menu","none","none (R14)","persist@2 history@2 render@2 selection@3 native@3 animation@3","keyed-props | held-frames | components","desktop (native bridge); browser degrades or is gated","inventoried","R12/R13: characterize against a fixture and diagnostics","src/js/timeline.js:5254",""
"menu:timeline.js:5255","menu","timeline-layers-frames","dynamic menu","Convert to keyframes","src/js/timeline.js:5255","click","contextual menu","none","none (R14)","persist@2 history@2 render@2 animation@3 selection@3 native@3","keyed-props | held-frames | components","desktop (native bridge); browser degrades or is gated","inventoried","R12/R13: characterize against a fixture and diagnostics","src/js/timeline.js:5255",""
"menu:timeline.js:5256","menu","timeline-layers-frames","dynamic menu","Clear the keyframe","src/js/timeline.js:5256","click","contextual menu","none","none (R14)","history@2 render@2 selection@3 native@3 animation@3","keyed-props | held-frames | components","desktop (native bridge); browser degrades or is gated","inventoried","R12/R13: characterize against a fixture and diagnostics","src/js/timeline.js:5256",""
"menu:timeline.js:5264","menu","timeline-layers-frames","dynamic menu","Generate / redo the tween","src/js/timeline.js:5264","click","contextual menu","none","none (R14)","animation@1 persist@2 history@2 render@2 selection@3 native@3","keyed-props | held-frames | components","desktop (native bridge); browser degrades or is gated","inventoried","R12/R13: characterize against a fixture and diagnostics","src/js/timeline.js:5264",""
"menu:timeline.js:5276","menu","timeline-layers-frames","dynamic menu","Propager ce remplissage → toutes les frames","src/js/timeline.js:5276","click","contextual menu","none","none (R14)","history@1 render@1 persist@2 animation@2 selection@2 native@3","keyed-props | held-frames | components","desktop (native bridge); browser degrades or is gated","inventoried","R12/R13: characterize against a fixture and diagnostics","src/js/timeline.js:5276",""
"menu:timeline.js:5293","menu","timeline-layers-frames","dynamic menu","Delete the frames","src/js/timeline.js:5293","click","contextual menu","none","none (R14)","history@2 render@2 persist@3 selection@3 native@3 animation@3","keyed-props | held-frames | components","desktop (native bridge); browser degrades or is gated","inventoried","R12/R13: characterize against a fixture and diagnostics","src/js/timeline.js:5293",""
"menu:timeline.js:5504","menu","timeline-layers-frames","dynamic menu (renderShapeTreeRowsInto)","Rename","src/js/timeline.js:5504 renderShapeTreeRowsInto()","click","contextual menu","none","none (R14)","animation@1 render@2 history@3","keyed-props | held-frames | components","browser and desktop","inventoried","R12/R13: characterize against a fixture and diagnostics","src/js/timeline.js:5504",""
"menu:timeline.js:5505","menu","timeline-layers-frames","dynamic menu (renderShapeTreeRowsInto)","Select members","src/js/timeline.js:5505 renderShapeTreeRowsInto()","click","contextual menu","none","none (R14)","animation@1 selection@2 render@2 persist@3","keyed-props | held-frames | components","browser and desktop","inventoried","R12/R13: characterize against a fixture and diagnostics","src/js/timeline.js:5505",""
"menu:timeline.js:5506","menu","timeline-layers-frames","dynamic menu (renderShapeTreeRowsInto)","Ungroup","src/js/timeline.js:5506 renderShapeTreeRowsInto()","click","contextual menu","none","none (R14)","persist@1 history@1 animation@1 render@1 selection@3 native@3","keyed-props | held-frames | components","desktop (native bridge); browser degrades or is gated","inventoried","R12/R13: characterize against a fixture and diagnostics","src/js/timeline.js:5506",""
"menu:timeline.js:5535","menu","timeline-layers-frames","dynamic menu (renderShapeTreeRowsInto)","Rename","src/js/timeline.js:5535 renderShapeTreeRowsInto()","click","contextual menu","none","none (R14)","persist@1 history@1 animation@1 render@1 selection@3 native@3","keyed-props | held-frames | components","desktop (native bridge); browser degrades or is gated","inventoried","R12/R13: characterize against a fixture and diagnostics","src/js/timeline.js:5535",""
"menu:timeline.js:5536","menu","timeline-layers-frames","dynamic menu (renderShapeTreeRowsInto)","Select","src/js/timeline.js:5536 renderShapeTreeRowsInto()","click","contextual menu","none","none (R14)","animation@1 selection@2 render@2 persist@3","keyed-props | held-frames | components","browser and desktop","inventoried","R12/R13: characterize against a fixture and diagnostics","src/js/timeline.js:5536",""
"menu:timeline.js:5537","menu","timeline-layers-frames","dynamic menu (renderShapeTreeRowsInto)","Delete","src/js/timeline.js:5537 renderShapeTreeRowsInto()","click","contextual menu","none","none (R14)","persist@1 history@1 selection@1 animation@1 render@1 native@3","keyed-props | held-frames | components","desktop (native bridge); browser degrades or is gated","inventoried","R12/R13: characterize against a fixture and diagnostics","src/js/timeline.js:5537",""
"menu:timeline.js:5962","menu","timeline-layers-frames","dynamic menu (buildParentMenuItems)","Parent A : Aucun (parentage libre)","src/js/timeline.js:5962 buildParentMenuItems()","click","contextual menu","none","none (R14)","history@1 render@1 animation@2 persist@3 native@3 selection@3","keyed-props | held-frames | components","desktop (native bridge); browser degrades or is gated","inventoried","R12/R13: characterize against a fixture and diagnostics","src/js/timeline.js:5962",""
"menu:timeline.js:5969","menu","timeline-layers-frames","dynamic menu (buildParentMenuItems)","Parent A : ","src/js/timeline.js:5969 buildParentMenuItems()","click","contextual menu","none","none (R14)","history@1 render@1 animation@2 persist@3 native@3 selection@3","keyed-props | held-frames | components","desktop (native bridge); browser degrades or is gated","inventoried","R12/R13: characterize against a fixture and diagnostics","src/js/timeline.js:5969",""
"menu:timeline.js:5985","menu","timeline-layers-frames","dynamic menu (buildParentMenuItems)","Parent B : Aucun","src/js/timeline.js:5985 buildParentMenuItems()","click","contextual menu","none","none (R14)","history@1 render@1 persist@3 animation@3 native@3 selection@3","keyed-props | held-frames | components","desktop (native bridge); browser degrades or is gated","inventoried","R12/R13: characterize against a fixture and diagnostics","src/js/timeline.js:5985",""
"menu:timeline.js:5992","menu","timeline-layers-frames","dynamic menu (buildParentMenuItems)","Parent B : ","src/js/timeline.js:5992 buildParentMenuItems()","click","contextual menu","none","none (R14)","history@1 render@1 persist@3 animation@3 native@3 selection@3","keyed-props | held-frames | components","desktop (native bridge); browser degrades or is gated","inventoried","R12/R13: characterize against a fixture and diagnostics","src/js/timeline.js:5992",""
"menu:timeline.js:6012","menu","timeline-layers-frames","dynamic menu (buildFollowPathMenuItems)","Chemin : Aucun","src/js/timeline.js:6012 buildFollowPathMenuItems()","click","contextual menu","none","none (R14)","history@1 render@1 persist@3 animation@3 native@3 selection@3","keyed-props | held-frames | components","desktop (native bridge); browser degrades or is gated","inventoried","R12/R13: characterize against a fixture and diagnostics","src/js/timeline.js:6012",""
"menu:timeline.js:6020","menu","timeline-layers-frames","dynamic menu (buildFollowPathMenuItems)","Chemin : ","src/js/timeline.js:6020 buildFollowPathMenuItems()","click","contextual menu","none","none (R14)","history@1 render@1 persist@3 animation@3 native@3 selection@3","keyed-props | held-frames | components","desktop (native bridge); browser degrades or is gated","inventoried","R12/R13: characterize against a fixture and diagnostics","src/js/timeline.js:6020",""
"menu:timeline.js:6043","menu","timeline-layers-frames","dynamic menu (buildTimeLinkMenuItems)","Time: None (unlink, position kept)","src/js/timeline.js:6043 buildTimeLinkMenuItems()","click","contextual menu","none","none (R14)","history@1 render@1 persist@3 animation@3 native@3 selection@3","keyed-props | held-frames | components","desktop (native bridge); browser degrades or is gated","inventoried","R12/R13: characterize against a fixture and diagnostics","src/js/timeline.js:6043",""
"menu:timeline.js:6051","menu","timeline-layers-frames","dynamic menu (buildTimeLinkMenuItems)","Link time to: ","src/js/timeline.js:6051 buildTimeLinkMenuItems()","click","contextual menu","none","none (R14)","history@2 render@2 animation@3 selection@3 native@3","keyed-props | held-frames | components","desktop (native bridge); browser degrades or is gated","inventoried","R12/R13: characterize against a fixture and diagnostics","src/js/timeline.js:6051",""
"menu:timeline.js:6091","menu","timeline-layers-frames","dynamic menu (buildMatteMenuItems)","Matte : Aucune (retirer)","src/js/timeline.js:6091 buildMatteMenuItems()","click","contextual menu","none","none (R14)","history@1 render@1 persist@3 animation@3 native@3 selection@3","keyed-props | held-frames | components","desktop (native bridge); browser degrades or is gated","inventoried","R12/R13: characterize against a fixture and diagnostics","src/js/timeline.js:6091",""
"menu:timeline.js:6101","menu","timeline-layers-frames","dynamic menu (buildMatteMenuItems)","Source : ","src/js/timeline.js:6101 buildMatteMenuItems()","click","contextual menu","none","none (R14)","history@1 render@1 persist@3 animation@3 native@3 selection@3","keyed-props | held-frames | components","desktop (native bridge); browser degrades or is gated","inventoried","R12/R13: characterize against a fixture and diagnostics","src/js/timeline.js:6101",""
"menu:timeline.js:6402","menu","timeline-layers-frames","dynamic menu (renderLayerList)","Renommer le dossier","src/js/timeline.js:6402 renderLayerList()","click","contextual menu","none","none (R14)","render@2 history@3 animation@3","keyed-props | held-frames | components","browser and desktop","inventoried","R12/R13: characterize against a fixture and diagnostics","src/js/timeline.js:6402",""
"menu:timeline.js:6403","menu","timeline-layers-frames","dynamic menu (renderLayerList)","Dissoudre le dossier","src/js/timeline.js:6403 renderLayerList()","click","contextual menu","none","none (R14)","persist@2 history@2 render@2 animation@3","keyed-props | held-frames | components","browser and desktop","inventoried","R12/R13: characterize against a fixture and diagnostics","src/js/timeline.js:6403",""
"menu:timeline.js:6701","menu","timeline-layers-frames","dynamic menu (renderLayerList)","Insert…","src/js/timeline.js:6701 renderLayerList()","click","contextual menu","none","none (R14)","render@2 history@3 animation@3","keyed-props | held-frames | components","browser and desktop","inventoried","R12/R13: characterize against a fixture and diagnostics","src/js/timeline.js:6701",""
"menu:timeline.js:6702","menu","timeline-layers-frames","dynamic menu (renderLayerList)","Insert a layer","src/js/timeline.js:6702 renderLayerList()","click","contextual menu","none","none (R14)","render@2 history@3 animation@3","keyed-props | held-frames | components","browser and desktop","inventoried","R12/R13: characterize against a fixture and diagnostics","src/js/timeline.js:6702",""
"menu:timeline.js:6703","menu","timeline-layers-frames","dynamic menu (renderLayerList)","Insert a Null layer","src/js/timeline.js:6703 renderLayerList()","click","contextual menu","none","none (R14)","persist@2 history@2 animation@2 render@2 selection@3 native@3","keyed-props | held-frames | components","desktop (native bridge); browser degrades or is gated","inventoried","R12/R13: characterize against a fixture and diagnostics","src/js/timeline.js:6703",""
"menu:timeline.js:6704","menu","timeline-layers-frames","dynamic menu (renderLayerList)","Insert a folder","src/js/timeline.js:6704 renderLayerList()","click","contextual menu","none","none (R14)","persist@2 history@2 animation@2 render@2 selection@3 native@3","keyed-props | held-frames | components","desktop (native bridge); browser degrades or is gated","inventoried","R12/R13: characterize against a fixture and diagnostics","src/js/timeline.js:6704",""
"menu:timeline.js:6705","menu","timeline-layers-frames","dynamic menu (renderLayerList)","Insert an effect layer","src/js/timeline.js:6705 renderLayerList()","click","contextual menu","none","none (R14)","persist@2 history@2 render@2 selection@3 native@3 animation@3","keyed-props | held-frames | components","desktop (native bridge); browser degrades or is gated","inventoried","R12/R13: characterize against a fixture and diagnostics","src/js/timeline.js:6705",""
"menu:timeline.js:6706","menu","timeline-layers-frames","dynamic menu (renderLayerList)","Insert a Guide layer","src/js/timeline.js:6706 renderLayerList()","click","contextual menu","none","none (R14)","persist@2 history@2 render@2 selection@3 native@3 animation@3","keyed-props | held-frames | components","desktop (native bridge); browser degrades or is gated","inventoried","R12/R13: characterize against a fixture and diagnostics","src/js/timeline.js:6706",""
"menu:timeline.js:6707","menu","timeline-layers-frames","dynamic menu (renderLayerList)","Joystick layer","src/js/timeline.js:6707 renderLayerList()","click","contextual menu","none","none (R14)","persist@3 history@3 render@3","keyed-props | held-frames | components","browser and desktop","inventoried","R12/R13: characterize against a fixture and diagnostics","src/js/timeline.js:6707",""
"menu:timeline.js:6708","menu","timeline-layers-frames","dynamic menu (renderLayerList)","Slider layer","src/js/timeline.js:6708 renderLayerList()","click","contextual menu","none","none (R14)","persist@3 history@3 render@3","keyed-props | held-frames | components","browser and desktop","inventoried","R12/R13: characterize against a fixture and diagnostics","src/js/timeline.js:6708",""
"menu:timeline.js:6714","menu","timeline-layers-frames","dynamic menu (renderLayerList)","Widget settings…","src/js/timeline.js:6714 renderLayerList()","click","contextual menu","none","none (R14)","history@2 persist@3 render@3","keyed-props | held-frames | components","browser and desktop","inventoried","R12/R13: characterize against a fixture and diagnostics","src/js/timeline.js:6714",""
"menu:timeline.js:6715","menu","timeline-layers-frames","dynamic menu (renderLayerList)","Duplicate the layer","src/js/timeline.js:6715 renderLayerList()","click","contextual menu","none","none (R14)","persist@2 history@2 render@2 selection@3 native@3 animation@3","keyed-props | held-frames | components","desktop (native bridge); browser degrades or is gated","inventoried","R12/R13: characterize against a fixture and diagnostics","src/js/timeline.js:6715",""
"menu:timeline.js:6716","menu","timeline-layers-frames","dynamic menu (renderLayerList)","Delete the layer","src/js/timeline.js:6716 renderLayerList()","click","contextual menu","none","none (R14)","persist@2 history@2 animation@2 render@2 selection@3 native@3","keyed-props | held-frames | components","desktop (native bridge); browser degrades or is gated","inventoried","R12/R13: characterize against a fixture and diagnostics","src/js/timeline.js:6716",""
"menu:timeline.js:6718","menu","timeline-layers-frames","dynamic menu (renderLayerList)","Rename","src/js/timeline.js:6718 renderLayerList()","click","contextual menu","none","none (R14)","render@2 selection@3 animation@3","keyed-props | held-frames | components","browser and desktop","inventoried","R12/R13: characterize against a fixture and diagnostics","src/js/timeline.js:6718",""
"menu:timeline.js:6720","menu","timeline-layers-frames","dynamic menu (renderLayerList)","Group into a folder","src/js/timeline.js:6720 renderLayerList()","click","contextual menu","none","none (R14)","persist@2 history@2 render@2 animation@3","keyed-props | held-frames | components","browser and desktop","inventoried","R12/R13: characterize against a fixture and diagnostics","src/js/timeline.js:6720",""
"menu:timeline.js:6721","menu","timeline-layers-frames","dynamic menu (renderLayerList)","Object-mode Duplicator…","src/js/timeline.js:6721 renderLayerList()","click","contextual menu","none","none (R14)","persist@2 history@2 animation@2 render@2 selection@3 native@3","keyed-props | held-frames | components","desktop (native bridge); browser degrades or is gated","inventoried","R12/R13: characterize against a fixture and diagnostics","src/js/timeline.js:6721",""
"menu:timeline.js:6726","menu","timeline-layers-frames","dynamic menu (renderLayerList)","Split into layers (one shape per layer)","src/js/timeline.js:6726 renderLayerList()","click","contextual menu","none","none (R14)","persist@3 history@3 animation@3 render@3","keyed-props | held-frames | components","browser and desktop","inventoried","R12/R13: characterize against a fixture and diagnostics","src/js/timeline.js:6726",""
"menu:timeline.js:6727","menu","timeline-layers-frames","dynamic menu (renderLayerList)","Cut at the playhead  (⌘⇧D)","src/js/timeline.js:6727 renderLayerList()","click","contextual menu","none","none (R14)","persist@2 history@2 render@2 selection@3 native@3 animation@3","keyed-props | held-frames | components","desktop (native bridge); browser degrades or is gated","inventoried","R12/R13: characterize against a fixture and diagnostics","src/js/timeline.js:6727",""
"menu:timeline.js:6729","menu","timeline-layers-frames","dynamic menu (renderLayerList)","Organise…","src/js/timeline.js:6729 renderLayerList()","click","contextual menu","none","none (R14)","persist@2 history@2 render@2 selection@3 native@3 animation@3","keyed-props | held-frames | components","desktop (native bridge); browser degrades or is gated","inventoried","R12/R13: characterize against a fixture and diagnostics","src/js/timeline.js:6729",""
"menu:timeline.js:6730","menu","timeline-layers-frames","dynamic menu (renderLayerList)","Merge the selected layers","src/js/timeline.js:6730 renderLayerList()","click","contextual menu","none","none (R14)","persist@2 history@2 render@2 selection@3 native@3 animation@3","keyed-props | held-frames | components","desktop (native bridge); browser degrades or is gated","inventoried","R12/R13: characterize against a fixture and diagnostics","src/js/timeline.js:6730",""
"menu:timeline.js:6731","menu","timeline-layers-frames","dynamic menu (renderLayerList)","Remove from the folder","src/js/timeline.js:6731 renderLayerList()","click","contextual menu","none","none (R14)","render@1 history@2 animation@2 persist@3 selection@3 native@3","keyed-props | held-frames | components","desktop (native bridge); browser degrades or is gated","inventoried","R12/R13: characterize against a fixture and diagnostics","src/js/timeline.js:6731",""
"menu:timeline.js:6732","menu","timeline-layers-frames","dynamic menu (renderLayerList)","Remove from the folder (parent)","src/js/timeline.js:6732 renderLayerList()","click","contextual menu","none","none (R14)","persist@2 history@2 animation@2 render@2 selection@3 native@3","keyed-props | held-frames | components","desktop (native bridge); browser degrades or is gated","inventoried","R12/R13: characterize against a fixture and diagnostics","src/js/timeline.js:6732",""
"menu:timeline.js:6733","menu","timeline-layers-frames","dynamic menu (renderLayerList)","Convert to component","src/js/timeline.js:6733 renderLayerList()","click","contextual menu","none","none (R14)","persist@3 history@3 render@3","keyed-props | held-frames | components","browser and desktop","inventoried","R12/R13: characterize against a fixture and diagnostics","src/js/timeline.js:6733",""
"menu:timeline.js:6734","menu","timeline-layers-frames","dynamic menu (renderLayerList)","Break apart the component","src/js/timeline.js:6734 renderLayerList()","click","contextual menu","none","none (R14)","history@2 render@2 persist@3 animation@3 selection@3 native@3","keyed-props | held-frames | components","desktop (native bridge); browser degrades or is gated","inventoried","R12/R13: characterize against a fixture and diagnostics","src/js/timeline.js:6734",""
"menu:timeline.js:6737","menu","timeline-layers-frames","dynamic menu (renderLayerList)","Line / Fill / Shadow…","src/js/timeline.js:6737 renderLayerList()","click","contextual menu","none","none (R14)","persist@3 history@3 render@3","keyed-props | held-frames | components","browser and desktop","inventoried","R12/R13: characterize against a fixture and diagnostics","src/js/timeline.js:6737",""
"menu:timeline.js:6738","menu","timeline-layers-frames","dynamic menu (renderLayerList)","Split into Stroke/Fill/Shadow (3 linked layers, shared keyframes)","src/js/timeline.js:6738 renderLayerList()","click","contextual menu","none","none (R14)","persist@3 history@3 render@3","keyed-props | held-frames | components","browser and desktop","inventoried","R12/R13: characterize against a fixture and diagnostics","src/js/timeline.js:6738",""
"menu:timeline.js:6739","menu","timeline-layers-frames","dynamic menu (renderLayerList)","Unlink this layer from the Stroke/Fill/Shadow group","src/js/timeline.js:6739 renderLayerList()","click","contextual menu","none","none (R14)","render@1 history@2 animation@2 persist@3 selection@3 native@3","keyed-props | held-frames | components","desktop (native bridge); browser degrades or is gated","inventoried","R12/R13: characterize against a fixture and diagnostics","src/js/timeline.js:6739",""
"menu:timeline.js:6740","menu","timeline-layers-frames","dynamic menu (renderLayerList)","Group (Line/Fill/Shadow)","src/js/timeline.js:6740 renderLayerList()","click","contextual menu","none","none (R14)","persist@3 history@3 render@3","keyed-props | held-frames | components","browser and desktop","inventoried","R12/R13: characterize against a fixture and diagnostics","src/js/timeline.js:6740",""
"menu:timeline.js:6741","menu","timeline-layers-frames","dynamic menu (renderLayerList)","Edit Line","src/js/timeline.js:6741 renderLayerList()","click","contextual menu","none","none (R14)","persist@2 animation@2 render@2 selection@3 native@3","keyed-props | held-frames | components","desktop (native bridge); browser degrades or is gated","inventoried","R12/R13: characterize against a fixture and diagnostics","src/js/timeline.js:6741",""
"menu:timeline.js:6742","menu","timeline-layers-frames","dynamic menu (renderLayerList)","Edit Fill","src/js/timeline.js:6742 renderLayerList()","click","contextual menu","none","none (R14)","persist@2 animation@2 render@2 selection@3 native@3","keyed-props | held-frames | components","desktop (native bridge); browser degrades or is gated","inventoried","R12/R13: characterize against a fixture and diagnostics","src/js/timeline.js:6742",""
"menu:timeline.js:6743","menu","timeline-layers-frames","dynamic menu (renderLayerList)","Edit Shadow","src/js/timeline.js:6743 renderLayerList()","click","contextual menu","none","none (R14)","persist@2 animation@2 render@2 selection@3 native@3","keyed-props | held-frames | components","desktop (native bridge); browser degrades or is gated","inventoried","R12/R13: characterize against a fixture and diagnostics","src/js/timeline.js:6743",""
"menu:timeline.js:6744","menu","timeline-layers-frames","dynamic menu (renderLayerList)","Propagate Fill to the other frames","src/js/timeline.js:6744 renderLayerList()","click","contextual menu","none","none (R14)","persist@2 history@2 render@2 selection@3 native@3 animation@3","keyed-props | held-frames | components","desktop (native bridge); browser degrades or is gated","inventoried","R12/R13: characterize against a fixture and diagnostics","src/js/timeline.js:6744",""
"menu:timeline.js:6745","menu","timeline-layers-frames","dynamic menu (renderLayerList)","Propagate Shadow to the other frames","src/js/timeline.js:6745 renderLayerList()","click","contextual menu","none","none (R14)","persist@2 history@2 render@2 selection@3 native@3 animation@3","keyed-props | held-frames | components","desktop (native bridge); browser degrades or is gated","inventoried","R12/R13: characterize against a fixture and diagnostics","src/js/timeline.js:6745",""
"menu:timeline.js:6746","menu","timeline-layers-frames","dynamic menu (renderLayerList)","Break apart the group","src/js/timeline.js:6746 renderLayerList()","click","contextual menu","none","none (R14)","history@2 render@2 persist@3 animation@3 selection@3 native@3","keyed-props | held-frames | components","desktop (native bridge); browser degrades or is gated","inventoried","R12/R13: characterize against a fixture and diagnostics","src/js/timeline.js:6746",""
"menu:timeline.js:6749","menu","timeline-layers-frames","dynamic menu (renderLayerList)","Appearance…","src/js/timeline.js:6749 renderLayerList()","click","contextual menu","none","none (R14)","animation@1 selection@2 persist@2 render@2 history@3","keyed-props | held-frames | components","browser and desktop","inventoried","R12/R13: characterize against a fixture and diagnostics","src/js/timeline.js:6749",""
"menu:timeline.js:6763","menu","timeline-layers-frames","dynamic menu (renderLayerList)","Blend mode","src/js/timeline.js:6763 renderLayerList()","click","contextual menu","none","none (R14)","selection@2 persist@2 animation@2 render@2 history@3","keyed-props | held-frames | components","browser and desktop","inventoried","R12/R13: characterize against a fixture and diagnostics","src/js/timeline.js:6763",""
"menu:timeline.js:6776","menu","timeline-layers-frames","dynamic menu (renderLayerList)","Matte source…","src/js/timeline.js:6776 renderLayerList()","click","contextual menu","none","none (R14)","render@1 history@2 animation@2 persist@3 selection@3 native@3","keyed-props | held-frames | components","desktop (native bridge); browser degrades or is gated","inventoried","R12/R13: characterize against a fixture and diagnostics","src/js/timeline.js:6776",""
"sdk:nemo-plugin.closeAll","sdk","project-lifecycle-integrations","SMPlugin.closeAll","closeAll","src/js/nemo-plugin.js:216 closeAll","","script API","SMPlugin","none (R14)","","media | migration","browser and desktop","inventoried","R14: expose through the MCP adapter with the same handler","src/js/nemo-plugin.js:216",""
"sdk:nemo-plugin.openCount","sdk","project-lifecycle-integrations","SMPlugin.openCount","openCount","src/js/nemo-plugin.js:217 openCount","","script API","SMPlugin","none (R14)","","media | migration","browser and desktop","inventoried","R14: expose through the MCP adapter with the same handler","src/js/nemo-plugin.js:217",""
"sdk:nemo-plugin.setTitle","sdk","project-lifecycle-integrations","SMPlugin.setTitle","setTitle","src/js/nemo-plugin.js:218 setTitle","","script API","SMPlugin","none (R14)","","media | migration","browser and desktop","inventoried","R14: expose through the MCP adapter with the same handler","src/js/nemo-plugin.js:218",""
"sdk:nemo-script.activeLayer","sdk","project-lifecycle-integrations","SMScript.api().activeLayer","activeLayer","src/js/nemo-script.js:432 activeLayer","","script API","SMScript","none (R14)","","media | migration","browser and desktop","inventoried","R14: expose through the MCP adapter with the same handler","src/js/nemo-script.js:432",""
"sdk:nemo-script.addLayer","sdk","project-lifecycle-integrations","SMScript.api().addLayer","addLayer","src/js/nemo-script.js:433 addLayer","","script API","SMScript","none (R14)","render@1 history@2 animation@2 persist@3 selection@3 native@3","media | migration","browser and desktop","inventoried","R14: expose through the MCP adapter with the same handler","src/js/nemo-script.js:433",""
"sdk:nemo-script.addPivot","sdk","project-lifecycle-integrations","SMScript.api().addPivot","addPivot","src/js/nemo-script.js:442 addPivot","","script API","SMScript","none (R14)","render@1 history@2 animation@2 persist@2 selection@3 native@3","media | migration","browser and desktop","inventoried","R14: expose through the MCP adapter with the same handler","src/js/nemo-script.js:442",""
"sdk:nemo-script.camera.keys","sdk","project-lifecycle-integrations","SMScript.api().camera.keys","camera.keys","src/js/nemo-script.js:616 camera.keys","","script API","SMScript","none (R14)","animation@1","media | migration","browser and desktop","inventoried","R14: expose through the MCP adapter with the same handler","src/js/nemo-script.js:616",""
"sdk:nemo-script.comp.beat","sdk","project-lifecycle-integrations","SMScript.api().comp.beat","comp.beat","src/js/nemo-script.js:542 comp.beat","","script API","SMScript","none (R14)","","media | migration","browser and desktop","inventoried","R14: expose through the MCP adapter with the same handler","src/js/nemo-script.js:542",""
"sdk:nemo-script.comp.beats","sdk","project-lifecycle-integrations","SMScript.api().comp.beats","comp.beats","src/js/nemo-script.js:545 comp.beats","","script API","SMScript","none (R14)","","media | migration","browser and desktop","inventoried","R14: expose through the MCP adapter with the same handler","src/js/nemo-script.js:545",""
"sdk:nemo-script.comp.setWorkArea","sdk","project-lifecycle-integrations","SMScript.api().comp.setWorkArea","comp.setWorkArea","src/js/nemo-script.js:522 comp.setWorkArea","","script API","SMScript","none (R14)","","media | migration","browser and desktop","inventoried","R14: expose through the MCP adapter with the same handler","src/js/nemo-script.js:522",""
"sdk:nemo-script.comp.trimToWorkArea","sdk","project-lifecycle-integrations","SMScript.api().comp.trimToWorkArea","comp.trimToWorkArea","src/js/nemo-script.js:529 comp.trimToWorkArea","","script API","SMScript","none (R14)","","media | migration","browser and desktop","inventoried","R14: expose through the MCP adapter with the same handler","src/js/nemo-script.js:529",""
"sdk:nemo-script.Effect.enabled","sdk","project-lifecycle-integrations","script object Effect.enabled","enabled (get/set property)","src/js/nemo-script.js:202 Effect.enabled","","script API","SMScript","none (R14)","","media | migration","browser and desktop","inventoried","R14: expose through the MCP adapter with the same handler","src/js/nemo-script.js:202",""
"sdk:nemo-script.Effect.get","sdk","project-lifecycle-integrations","script object Effect.get()","Effect.get","src/js/nemo-script.js:209 Effect.get","","script API","SMScript","none (R14)","","media | migration","browser and desktop","inventoried","R14: expose through the MCP adapter with the same handler","src/js/nemo-script.js:209",""
"sdk:nemo-script.Effect.key","sdk","project-lifecycle-integrations","script object Effect.key()","Effect.key","src/js/nemo-script.js:218 Effect.key","","script API","SMScript","none (R14)","animation@2","media | migration","browser and desktop","inventoried","R14: expose through the MCP adapter with the same handler","src/js/nemo-script.js:218",""
"sdk:nemo-script.Effect.keys","sdk","project-lifecycle-integrations","script object Effect.keys()","Effect.keys","src/js/nemo-script.js:226 Effect.keys","","script API","SMScript","none (R14)","","media | migration","browser and desktop","inventoried","R14: expose through the MCP adapter with the same handler","src/js/nemo-script.js:226",""
"sdk:nemo-script.Effect.params","sdk","project-lifecycle-integrations","script object Effect.params()","Effect.params","src/js/nemo-script.js:206 Effect.params","","script API","SMScript","none (R14)","","media | migration","browser and desktop","inventoried","R14: expose through the MCP adapter with the same handler","src/js/nemo-script.js:206",""
"sdk:nemo-script.Effect.remove","sdk","project-lifecycle-integrations","script object Effect.remove()","Effect.remove","src/js/nemo-script.js:230 Effect.remove","","script API","SMScript","none (R14)","","media | migration","browser and desktop","inventoried","R14: expose through the MCP adapter with the same handler","src/js/nemo-script.js:230",""
"sdk:nemo-script.Effect.set","sdk","project-lifecycle-integrations","script object Effect.set()","Effect.set","src/js/nemo-script.js:213 Effect.set","","script API","SMScript","none (R14)","","media | migration","browser and desktop","inventoried","R14: expose through the MCP adapter with the same handler","src/js/nemo-script.js:213",""
"sdk:nemo-script.Effect.type","sdk","project-lifecycle-integrations","script object Effect.type","type (get property)","src/js/nemo-script.js:201 Effect.type","","script API","SMScript","none (R14)","","media | migration","browser and desktop","inventoried","R14: expose through the MCP adapter with the same handler","src/js/nemo-script.js:201",""
"sdk:nemo-script.goToFrame","sdk","project-lifecycle-integrations","SMScript.api().goToFrame","goToFrame","src/js/nemo-script.js:451 goToFrame","","script API","SMScript","none (R14)","animation@1 persist@2 selection@2 render@2 native@3","media | migration","browser and desktop","inventoried","R14: expose through the MCP adapter with the same handler","src/js/nemo-script.js:451",""
"sdk:nemo-script.help","sdk","project-lifecycle-integrations","SMScript.api().help","help","src/js/nemo-script.js:468 help","","script API","SMScript","none (R14)","animation@1 history@2 render@2 selection@2 persist@2 native@3","media | migration","browser and desktop","inventoried","R14: expose through the MCP adapter with the same handler","src/js/nemo-script.js:468",""
"sdk:nemo-script.isKeyframe","sdk","project-lifecycle-integrations","SMScript.api().isKeyframe","isKeyframe","src/js/nemo-script.js:452 isKeyframe","","script API","SMScript","none (R14)","","media | migration","browser and desktop","inventoried","R14: expose through the MCP adapter with the same handler","src/js/nemo-script.js:452",""
"sdk:nemo-script.layer","sdk","project-lifecycle-integrations","SMScript.api().layer","layer","src/js/nemo-script.js:422 layer","","script API","SMScript","none (R14)","","media | migration","browser and desktop","inventoried","R14: expose through the MCP adapter with the same handler","src/js/nemo-script.js:422",""
"sdk:nemo-script.Layer.addEffect","sdk","project-lifecycle-integrations","script object Layer.addEffect()","Layer.addEffect","src/js/nemo-script.js:239 Layer.addEffect","","script API","SMScript","none (R14)","persist@2 selection@2 animation@2 render@2","media | migration","browser and desktop","inventoried","R14: expose through the MCP adapter with the same handler","src/js/nemo-script.js:239",""
"sdk:nemo-script.Layer.addMarker","sdk","project-lifecycle-integrations","script object Layer.addMarker()","Layer.addMarker","src/js/nemo-script.js:377 Layer.addMarker","","script API","SMScript","none (R14)","history@2","media | migration","browser and desktop","inventoried","R14: expose through the MCP adapter with the same handler","src/js/nemo-script.js:377",""
"sdk:nemo-script.Layer.blendMode","sdk","project-lifecycle-integrations","script object Layer.blendMode","blendMode (get/set property)","src/js/nemo-script.js:290 Layer.blendMode","","script API","SMScript","none (R14)","render@1 animation@3 native@3 selection@3","media | migration","browser and desktop","inventoried","R14: expose through the MCP adapter with the same handler","src/js/nemo-script.js:290",""
"sdk:nemo-script.Layer.clearKeys","sdk","project-lifecycle-integrations","script object Layer.clearKeys()","Layer.clearKeys","src/js/nemo-script.js:175 Layer.clearKeys","","script API","SMScript","none (R14)","","media | migration","browser and desktop","inventoried","R14: expose through the MCP adapter with the same handler","src/js/nemo-script.js:175",""
"sdk:nemo-script.Layer.color","sdk","project-lifecycle-integrations","script object Layer.color","color (get/set property)","src/js/nemo-script.js:286 Layer.color","","script API","SMScript","none (R14)","render@1 history@2 animation@2 persist@3 selection@3 native@3","media | migration","browser and desktop","inventoried","R14: expose through the MCP adapter with the same handler","src/js/nemo-script.js:286",""
"sdk:nemo-script.Layer.disableTimeRemap","sdk","project-lifecycle-integrations","script object Layer.disableTimeRemap()","Layer.disableTimeRemap","src/js/nemo-script.js:349 Layer.disableTimeRemap","","script API","SMScript","none (R14)","animation@1 history@2 render@2 selection@3 native@3","media | migration","browser and desktop","inventoried","R14: expose through the MCP adapter with the same handler","src/js/nemo-script.js:349",""
"sdk:nemo-script.Layer.duplicate","sdk","project-lifecycle-integrations","script object Layer.duplicate()","Layer.duplicate","src/js/nemo-script.js:261 Layer.duplicate","","script API","SMScript","none (R14)","persist@2 selection@2 animation@2 render@2 history@2 native@3","media | migration","browser and desktop","inventoried","R14: expose through the MCP adapter with the same handler","src/js/nemo-script.js:261",""
"sdk:nemo-script.Layer.effects","sdk","project-lifecycle-integrations","script object Layer.effects()","Layer.effects","src/js/nemo-script.js:235 Layer.effects","","script API","SMScript","none (R14)","","media | migration","browser and desktop","inventoried","R14: expose through the MCP adapter with the same handler","src/js/nemo-script.js:235",""
"sdk:nemo-script.Layer.enableTimeRemap","sdk","project-lifecycle-integrations","script object Layer.enableTimeRemap()","Layer.enableTimeRemap","src/js/nemo-script.js:343 Layer.enableTimeRemap","","script API","SMScript","none (R14)","animation@1 history@2 render@2 selection@3 native@3","media | migration","browser and desktop","inventoried","R14: expose through the MCP adapter with the same handler","src/js/nemo-script.js:343",""
"sdk:nemo-script.Layer.expression","sdk","project-lifecycle-integrations","script object Layer.expression()","Layer.expression","src/js/nemo-script.js:357 Layer.expression","","script API","SMScript","none (R14)","","media | migration","browser and desktop","inventoried","R14: expose through the MCP adapter with the same handler","src/js/nemo-script.js:357",""
"sdk:nemo-script.Layer.get","sdk","project-lifecycle-integrations","script object Layer.get()","Layer.get","src/js/nemo-script.js:121 Layer.get","","script API","SMScript","none (R14)","animation@1 render@3","media | migration","browser and desktop","inventoried","R14: expose through the MCP adapter with the same handler","src/js/nemo-script.js:121",""
"sdk:nemo-script.Layer.hold","sdk","project-lifecycle-integrations","script object Layer.hold()","Layer.hold","src/js/nemo-script.js:163 Layer.hold","","script API","SMScript","none (R14)","","media | migration","browser and desktop","inventoried","R14: expose through the MCP adapter with the same handler","src/js/nemo-script.js:163",""
"sdk:nemo-script.Layer.inFrame","sdk","project-lifecycle-integrations","script object Layer.inFrame","inFrame (get/set property)","src/js/nemo-script.js:110 Layer.inFrame","","script API","SMScript","none (R14)","animation@2 render@2 selection@3 native@3","media | migration","browser and desktop","inventoried","R14: expose through the MCP adapter with the same handler","src/js/nemo-script.js:110",""
"sdk:nemo-script.Layer.key","sdk","project-lifecycle-integrations","script object Layer.key()","Layer.key","src/js/nemo-script.js:146 Layer.key","","script API","SMScript","none (R14)","animation@2","media | migration","browser and desktop","inventoried","R14: expose through the MCP adapter with the same handler","src/js/nemo-script.js:146",""
"sdk:nemo-script.Layer.keyLock","sdk","project-lifecycle-integrations","script object Layer.keyLock","keyLock (get/set property)","src/js/nemo-script.js:299 Layer.keyLock","","script API","SMScript","none (R14)","history@2 render@2 animation@3","media | migration","browser and desktop","inventoried","R14: expose through the MCP adapter with the same handler","src/js/nemo-script.js:299",""
"sdk:nemo-script.Layer.keys","sdk","project-lifecycle-integrations","script object Layer.keys()","Layer.keys","src/js/nemo-script.js:170 Layer.keys","","script API","SMScript","none (R14)","","media | migration","browser and desktop","inventoried","R14: expose through the MCP adapter with the same handler","src/js/nemo-script.js:170",""
"sdk:nemo-script.Layer.linkTime","sdk","project-lifecycle-integrations","script object Layer.linkTime()","Layer.linkTime","src/js/nemo-script.js:325 Layer.linkTime","","script API","SMScript","none (R14)","animation@1 render@1 selection@2 native@2","media | migration","browser and desktop","inventoried","R14: expose through the MCP adapter with the same handler","src/js/nemo-script.js:325",""
"sdk:nemo-script.Layer.locked","sdk","project-lifecycle-integrations","script object Layer.locked","locked (get/set property)","src/js/nemo-script.js:60 Layer.locked","","script API","SMScript","none (R14)","render@1 history@2 animation@2 persist@3 selection@3 native@3","media | migration","browser and desktop","inventoried","R14: expose through the MCP adapter with the same handler","src/js/nemo-script.js:60",""
"sdk:nemo-script.Layer.markers","sdk","project-lifecycle-integrations","script object Layer.markers()","Layer.markers","src/js/nemo-script.js:374 Layer.markers","","script API","SMScript","none (R14)","","media | migration","browser and desktop","inventoried","R14: expose through the MCP adapter with the same handler","src/js/nemo-script.js:374",""
"sdk:nemo-script.Layer.matte","sdk","project-lifecycle-integrations","script object Layer.matte","matte (get/set property)","src/js/nemo-script.js:294 Layer.matte","","script API","SMScript","none (R14)","render@1 animation@3 native@3 selection@3","media | migration","browser and desktop","inventoried","R14: expose through the MCP adapter with the same handler","src/js/nemo-script.js:294",""
"sdk:nemo-script.Layer.mergeWith","sdk","project-lifecycle-integrations","script object Layer.mergeWith()","Layer.mergeWith","src/js/nemo-script.js:393 Layer.mergeWith","","script API","SMScript","none (R14)","persist@2 history@2 render@2 selection@3 native@3 animation@3","media | migration","browser and desktop","inventoried","R14: expose through the MCP adapter with the same handler","src/js/nemo-script.js:393",""
"sdk:nemo-script.Layer.motionBlur","sdk","project-lifecycle-integrations","script object Layer.motionBlur","motionBlur (get/set property, via switchProp)","src/js/nemo-script.js:284 Layer.motionBlur","","script API","SMScript","none (R14)","history@2 render@2 animation@3","media | migration","browser and desktop","inventoried","R14: expose through the MCP adapter with the same handler","src/js/nemo-script.js:284",""
"sdk:nemo-script.Layer.name","sdk","project-lifecycle-integrations","script object Layer.name","name (get/set property)","src/js/nemo-script.js:52 Layer.name","","script API","SMScript","none (R14)","render@1 history@2 animation@2 persist@3 selection@3 native@3","media | migration","browser and desktop","inventoried","R14: expose through the MCP adapter with the same handler","src/js/nemo-script.js:52",""
"sdk:nemo-script.Layer.outFrame","sdk","project-lifecycle-integrations","script object Layer.outFrame","outFrame (get/set property)","src/js/nemo-script.js:114 Layer.outFrame","","script API","SMScript","none (R14)","animation@2 render@2 selection@3 native@3","media | migration","browser and desktop","inventoried","R14: expose through the MCP adapter with the same handler","src/js/nemo-script.js:114",""
"sdk:nemo-script.Layer.parent","sdk","project-lifecycle-integrations","script object Layer.parent","parent (get/set property)","src/js/nemo-script.js:64 Layer.parent","","script API","SMScript","none (R14)","animation@1 render@1 history@2 persist@3 selection@3 native@3","media | migration","browser and desktop","inventoried","R14: expose through the MCP adapter with the same handler","src/js/nemo-script.js:64",""
"sdk:nemo-script.Layer.remove","sdk","project-lifecycle-integrations","script object Layer.remove()","Layer.remove","src/js/nemo-script.js:260 Layer.remove","","script API","SMScript","none (R14)","persist@2 selection@2 animation@2 render@2 history@2 native@3","media | migration","browser and desktop","inventoried","R14: expose through the MCP adapter with the same handler","src/js/nemo-script.js:260",""
"sdk:nemo-script.Layer.select","sdk","project-lifecycle-integrations","script object Layer.select()","Layer.select","src/js/nemo-script.js:259 Layer.select","","script API","SMScript","none (R14)","persist@2 selection@2 animation@2 render@2","media | migration","browser and desktop","inventoried","R14: expose through the MCP adapter with the same handler","src/js/nemo-script.js:259",""
"sdk:nemo-script.Layer.set","sdk","project-lifecycle-integrations","script object Layer.set()","Layer.set","src/js/nemo-script.js:130 Layer.set","","script API","SMScript","none (R14)","","media | migration","browser and desktop","inventoried","R14: expose through the MCP adapter with the same handler","src/js/nemo-script.js:130",""
"sdk:nemo-script.Layer.setExpression","sdk","project-lifecycle-integrations","script object Layer.setExpression()","Layer.setExpression","src/js/nemo-script.js:362 Layer.setExpression","","script API","SMScript","none (R14)","","media | migration","browser and desktop","inventoried","R14: expose through the MCP adapter with the same handler","src/js/nemo-script.js:362",""
"sdk:nemo-script.Layer.shy","sdk","project-lifecycle-integrations","script object Layer.shy","shy (get/set property, via switchProp)","src/js/nemo-script.js:283 Layer.shy","","script API","SMScript","none (R14)","history@2 render@2 animation@3","media | migration","browser and desktop","inventoried","R14: expose through the MCP adapter with the same handler","src/js/nemo-script.js:283",""
"sdk:nemo-script.Layer.solo","sdk","project-lifecycle-integrations","script object Layer.solo","solo (get/set property, via switchProp)","src/js/nemo-script.js:282 Layer.solo","","script API","SMScript","none (R14)","render@2 selection@3 native@3 animation@3","media | migration","browser and desktop","inventoried","R14: expose through the MCP adapter with the same handler","src/js/nemo-script.js:282",""
"sdk:nemo-script.Layer.splitAt","sdk","project-lifecycle-integrations","script object Layer.splitAt()","Layer.splitAt","src/js/nemo-script.js:385 Layer.splitAt","","script API","SMScript","none (R14)","animation@1 persist@2 selection@2 render@2 history@2 native@3","media | migration","browser and desktop","inventoried","R14: expose through the MCP adapter with the same handler","src/js/nemo-script.js:385",""
"sdk:nemo-script.Layer.strokeProfile","sdk","project-lifecycle-integrations","script object Layer.strokeProfile()","Layer.strokeProfile","src/js/nemo-script.js:400 Layer.strokeProfile","","script API","SMScript","none (R14)","selection@1 persist@2 animation@2 render@2 history@2 native@3","media | migration","browser and desktop","inventoried","R14: expose through the MCP adapter with the same handler","src/js/nemo-script.js:400",""
"sdk:nemo-script.Layer.strokes","sdk","project-lifecycle-integrations","script object Layer.strokes()","Layer.strokes","src/js/nemo-script.js:183 Layer.strokes","","script API","SMScript","none (R14)","","media | migration","browser and desktop","inventoried","R14: expose through the MCP adapter with the same handler","src/js/nemo-script.js:183",""
"sdk:nemo-script.Layer.timeLink","sdk","project-lifecycle-integrations","script object Layer.timeLink","timeLink (get property)","src/js/nemo-script.js:310 Layer.timeLink","","script API","SMScript","none (R14)","animation@1","media | migration","browser and desktop","inventoried","R14: expose through the MCP adapter with the same handler","src/js/nemo-script.js:310",""
"sdk:nemo-script.Layer.unlinkTime","sdk","project-lifecycle-integrations","script object Layer.unlinkTime()","Layer.unlinkTime","src/js/nemo-script.js:340 Layer.unlinkTime","","script API","SMScript","none (R14)","","media | migration","browser and desktop","inventoried","R14: expose through the MCP adapter with the same handler","src/js/nemo-script.js:340",""
"sdk:nemo-script.Layer.visible","sdk","project-lifecycle-integrations","script object Layer.visible","visible (get/set property)","src/js/nemo-script.js:56 Layer.visible","","script API","SMScript","none (R14)","render@1 history@2 animation@2 persist@3 selection@3 native@3","media | migration","browser and desktop","inventoried","R14: expose through the MCP adapter with the same handler","src/js/nemo-script.js:56",""
"sdk:nemo-script.layers","sdk","project-lifecycle-integrations","SMScript.api().layers","layers","src/js/nemo-script.js:431 layers","","script API","SMScript","none (R14)","","media | migration","browser and desktop","inventoried","R14: expose through the MCP adapter with the same handler","src/js/nemo-script.js:431",""
"sdk:nemo-script.log","sdk","project-lifecycle-integrations","SMScript.api().log","log","src/js/nemo-script.js:464 log","","script API","SMScript","none (R14)","","media | migration","browser and desktop","inventoried","R14: expose through the MCP adapter with the same handler","src/js/nemo-script.js:464",""
"sdk:nemo-script.markers.add","sdk","project-lifecycle-integrations","SMScript.api().markers.add","markers.add","src/js/nemo-script.js:564 markers.add","","script API","SMScript","none (R14)","history@2","media | migration","browser and desktop","inventoried","R14: expose through the MCP adapter with the same handler","src/js/nemo-script.js:564",""
"sdk:nemo-script.markers.list","sdk","project-lifecycle-integrations","SMScript.api().markers.list","markers.list","src/js/nemo-script.js:561 markers.list","","script API","SMScript","none (R14)","","media | migration","browser and desktop","inventoried","R14: expose through the MCP adapter with the same handler","src/js/nemo-script.js:561",""
"sdk:nemo-script.markers.next","sdk","project-lifecycle-integrations","SMScript.api().markers.next","markers.next","src/js/nemo-script.js:576 markers.next","","script API","SMScript","none (R14)","animation@2 render@2 persist@3 selection@3 native@3","media | migration","browser and desktop","inventoried","R14: expose through the MCP adapter with the same handler","src/js/nemo-script.js:576",""
"sdk:nemo-script.markers.prev","sdk","project-lifecycle-integrations","SMScript.api().markers.prev","markers.prev","src/js/nemo-script.js:577 markers.prev","","script API","SMScript","none (R14)","animation@2 render@2 persist@3 selection@3 native@3","media | migration","browser and desktop","inventoried","R14: expose through the MCP adapter with the same handler","src/js/nemo-script.js:577",""
"sdk:nemo-script.markers.removeAt","sdk","project-lifecycle-integrations","SMScript.api().markers.removeAt","markers.removeAt","src/js/nemo-script.js:570 markers.removeAt","","script API","SMScript","none (R14)","","media | migration","browser and desktop","inventoried","R14: expose through the MCP adapter with the same handler","src/js/nemo-script.js:570",""
"sdk:nemo-script.selection.clear","sdk","project-lifecycle-integrations","SMScript.api().selection.clear","selection.clear","src/js/nemo-script.js:603 selection.clear","","script API","SMScript","none (R14)","render@1 selection@2 history@2 animation@2 persist@3 native@3","media | migration","browser and desktop","inventoried","R14: expose through the MCP adapter with the same handler","src/js/nemo-script.js:603",""
"sdk:nemo-script.selection.layers","sdk","project-lifecycle-integrations","SMScript.api().selection.layers","selection.layers","src/js/nemo-script.js:586 selection.layers","","script API","SMScript","none (R14)","","media | migration","browser and desktop","inventoried","R14: expose through the MCP adapter with the same handler","src/js/nemo-script.js:586",""
"sdk:nemo-script.selection.setLayers","sdk","project-lifecycle-integrations","SMScript.api().selection.setLayers","selection.setLayers","src/js/nemo-script.js:590 selection.setLayers","","script API","SMScript","none (R14)","render@1 history@2 animation@2 persist@2 selection@2 native@3","media | migration","browser and desktop","inventoried","R14: expose through the MCP adapter with the same handler","src/js/nemo-script.js:590",""
"sdk:nemo-script.selection.strokes","sdk","project-lifecycle-integrations","SMScript.api().selection.strokes","selection.strokes","src/js/nemo-script.js:597 selection.strokes","","script API","SMScript","none (R14)","selection@1","media | migration","browser and desktop","inventoried","R14: expose through the MCP adapter with the same handler","src/js/nemo-script.js:597",""
"sdk:nemo-script.toast","sdk","project-lifecycle-integrations","SMScript.api().toast","toast","src/js/nemo-script.js:459 toast","","script API","SMScript","none (R14)","","media | migration","browser and desktop","inventoried","R14: expose through the MCP adapter with the same handler","src/js/nemo-script.js:459",""
"sdk:nemo-script.undoGroup","sdk","project-lifecycle-integrations","SMScript.api().undoGroup","undoGroup","src/js/nemo-script.js:460 undoGroup","","script API","SMScript","none (R14)","history@1 persist@3","media | migration","browser and desktop","inventoried","R14: expose through the MCP adapter with the same handler","src/js/nemo-script.js:460",""
"shortcut:cmdDuplicateKey","shortcut","timeline-layers-frames","keyboard (unbound)","Duplicate keyframe","src/js/timeline.js:7529 COMMAND_SHORTCUTS","keydown","keyboard | Settings > Shortcuts (remappable)","none","none (R14)","persist@2 history@2 animation@2 selection@3 render@3","keyed-props | held-frames | components","browser and desktop","inventoried","R12/R13: characterize against a fixture and diagnostics","src/js/timeline.js:7529",""
"shortcut:cmdExtendExposure","shortcut","timeline-layers-frames","keyboard +","Extend exposure","src/js/timeline.js:7530 COMMAND_SHORTCUTS","keydown","keyboard | Settings > Shortcuts (remappable)","none","none (R14)","persist@2 history@2 render@2 selection@3 animation@3","keyed-props | held-frames | components","browser and desktop","inventoried","R12/R13: characterize against a fixture and diagnostics","src/js/timeline.js:7530",""
"shortcut:cmdFlipPreview","shortcut","timeline-layers-frames","keyboard f","Flip preview","src/js/timeline.js:7532 COMMAND_SHORTCUTS","keydown","keyboard | Settings > Shortcuts (remappable)","none","none (R14)","animation@2 persist@3 selection@3 render@3","keyed-props | held-frames | components","browser and desktop","inventoried","R12/R13: characterize against a fixture and diagnostics","src/js/timeline.js:7532",""
"shortcut:cmdGoEnd","shortcut","timeline-layers-frames","keyboard End","Go to end","src/js/timeline.js:7525 COMMAND_SHORTCUTS","keydown","keyboard | Settings > Shortcuts (remappable)","none","none (R14)","animation@1 render@2 persist@2 selection@2 native@3","keyed-props | held-frames | components","browser and desktop","inventoried","R12/R13: characterize against a fixture and diagnostics","src/js/timeline.js:7525",""
"shortcut:cmdGoStart","shortcut","timeline-layers-frames","keyboard Home","Go to start","src/js/timeline.js:7524 COMMAND_SHORTCUTS","keydown","keyboard | Settings > Shortcuts (remappable)","none","none (R14)","animation@1 render@2 persist@2 selection@2 native@3","keyed-props | held-frames | components","browser and desktop","inventoried","R12/R13: characterize against a fixture and diagnostics","src/js/timeline.js:7524",""
"shortcut:cmdInsertBlankKey","shortcut","timeline-layers-frames","keyboard F7","Insert blank keyframe","src/js/timeline.js:7528 COMMAND_SHORTCUTS","keydown","keyboard | Settings > Shortcuts (remappable)","none","none (R14)","persist@2 history@2 render@2 selection@3 native@3 animation@3","keyed-props | held-frames | components","browser and desktop","inventoried","R12/R13: characterize against a fixture and diagnostics","src/js/timeline.js:7528",""
"shortcut:cmdInsertFrame","shortcut","timeline-layers-frames","keyboard F5","Insert frame","src/js/timeline.js:7526 COMMAND_SHORTCUTS","keydown","keyboard | Settings > Shortcuts (remappable)","none","none (R14)","history@2 animation@2 persist@3 selection@3 render@3","keyed-props | held-frames | components","browser and desktop","inventoried","R12/R13: characterize against a fixture and diagnostics","src/js/timeline.js:7526",""
"shortcut:cmdInsertKey","shortcut","timeline-layers-frames","keyboard F6","Insert keyframe","src/js/timeline.js:7527 COMMAND_SHORTCUTS","keydown","keyboard | Settings > Shortcuts (remappable)","none","none (R14)","animation@1 persist@2 history@2 render@2 selection@3 native@3","keyed-props | held-frames | components","browser and desktop","inventoried","R12/R13: characterize against a fixture and diagnostics","src/js/timeline.js:7527",""
"shortcut:cmdNextFrame","shortcut","timeline-layers-frames","keyboard .","Next frame","src/js/timeline.js:7523 COMMAND_SHORTCUTS","keydown","keyboard | Settings > Shortcuts (remappable)","none","none (R14)","animation@1 render@2 persist@2 selection@2 native@3","keyed-props | held-frames | components","browser and desktop","inventoried","R12/R13: characterize against a fixture and diagnostics","src/js/timeline.js:7523",""
"shortcut:cmdNextKey","shortcut","timeline-layers-frames","keyboard k","Next keyframe","src/js/timeline.js:7521 COMMAND_SHORTCUTS","keydown","keyboard | Settings > Shortcuts (remappable)","none","none (R14)","animation@1 render@2 persist@2 selection@2 native@3","keyed-props | held-frames | components","browser and desktop","inventoried","R12/R13: characterize against a fixture and diagnostics","src/js/timeline.js:7521",""
"shortcut:cmdPrevFrame","shortcut","timeline-layers-frames","keyboard ,","Previous frame","src/js/timeline.js:7522 COMMAND_SHORTCUTS","keydown","keyboard | Settings > Shortcuts (remappable)","none","none (R14)","animation@1 render@2 persist@2 selection@2 native@3","keyed-props | held-frames | components","browser and desktop","inventoried","R12/R13: characterize against a fixture and diagnostics","src/js/timeline.js:7522",""
"shortcut:cmdPrevKey","shortcut","timeline-layers-frames","keyboard j","Previous keyframe","src/js/timeline.js:7520 COMMAND_SHORTCUTS","keydown","keyboard | Settings > Shortcuts (remappable)","none","none (R14)","animation@1 render@2 persist@2 selection@2 native@3","keyed-props | held-frames | components","browser and desktop","inventoried","R12/R13: characterize against a fixture and diagnostics","src/js/timeline.js:7520",""
"shortcut:cmdRenameLayer","shortcut","timeline-layers-frames","keyboard F2","Rename layer","src/js/timeline.js:7534 COMMAND_SHORTCUTS","keydown","keyboard | Settings > Shortcuts (remappable)","none","none (R14)","","keyed-props | held-frames | components","browser and desktop","inventoried","R12/R13: characterize against a fixture and diagnostics","src/js/timeline.js:7534",""
"shortcut:cmdResetView","shortcut","timeline-layers-frames","keyboard /","Reset view","src/js/timeline.js:7533 COMMAND_SHORTCUTS","keydown","keyboard | Settings > Shortcuts (remappable)","none","none (R14)","","keyed-props | held-frames | components","browser and desktop","inventoried","R12/R13: characterize against a fixture and diagnostics","src/js/timeline.js:7533",""
"shortcut:cmdTween","shortcut","timeline-layers-frames","keyboard t","Generate tweens","src/js/timeline.js:7531 COMMAND_SHORTCUTS","keydown","keyboard | Settings > Shortcuts (remappable)","none","none (R14)","animation@1 persist@2 history@2 render@2 selection@3 native@3","keyed-props | held-frames | components","browser and desktop","inventoried","R12/R13: characterize against a fixture and diagnostics","src/js/timeline.js:7531",""
"shortcut:comment","shortcut","drawing-selection","keyboard c","Comment","src/js/timeline.js:7473 TOOL_SHORTCUTS","keydown","keyboard | Settings > Shortcuts (remappable)","none","none (R14)","render@2 selection@3 persist@3 animation@3","static-props | masks-alpha | text | interaction","browser and desktop","inventoried","R12/R13: characterize against a fixture and diagnostics","src/js/timeline.js:7473",""
"shortcut:draw","shortcut","drawing-selection","keyboard b","Draw","src/js/timeline.js:7469 TOOL_SHORTCUTS","keydown","keyboard | Settings > Shortcuts (remappable)","none","none (R14)","render@2 selection@3 persist@3 animation@3","static-props | masks-alpha | text | interaction","browser and desktop","inventoried","R12/R13: characterize against a fixture and diagnostics","src/js/timeline.js:7469",""
"shortcut:ellipse","shortcut","drawing-selection","keyboard l","Ellipse","src/js/timeline.js:7477 TOOL_SHORTCUTS","keydown","keyboard | Settings > Shortcuts (remappable)","none","none (R14)","render@2 selection@3 persist@3 animation@3","static-props | masks-alpha | text | interaction","browser and desktop","inventoried","R12/R13: characterize against a fixture and diagnostics","src/js/timeline.js:7477",""
"shortcut:eraser","shortcut","drawing-selection","keyboard e","Eraser","src/js/timeline.js:7480 TOOL_SHORTCUTS","keydown","keyboard | Settings > Shortcuts (remappable)","none","none (R14)","render@2 selection@3 persist@3 animation@3","static-props | masks-alpha | text | interaction","browser and desktop","inventoried","R12/R13: characterize against a fixture and diagnostics","src/js/timeline.js:7480",""
"shortcut:eyedropper","shortcut","drawing-selection","keyboard i","Eyedropper","src/js/timeline.js:7483 TOOL_SHORTCUTS","keydown","keyboard | Settings > Shortcuts (remappable)","none","none (R14)","render@2 selection@3 persist@3 animation@3","static-props | masks-alpha | text | interaction","browser and desktop","inventoried","R12/R13: characterize against a fixture and diagnostics","src/js/timeline.js:7483",""
"shortcut:fill","shortcut","drawing-selection","keyboard g","Fill","src/js/timeline.js:7481 TOOL_SHORTCUTS","keydown","keyboard | Settings > Shortcuts (remappable)","none","none (R14)","render@2 selection@3 persist@3 animation@3","static-props | masks-alpha | text | interaction","browser and desktop","inventoried","R12/R13: characterize against a fixture and diagnostics","src/js/timeline.js:7481",""
"shortcut:fillbrush","shortcut","drawing-selection","keyboard n","Fill Brush","src/js/timeline.js:7482 TOOL_SHORTCUTS","keydown","keyboard | Settings > Shortcuts (remappable)","none","none (R14)","render@2 selection@3 persist@3 animation@3","static-props | masks-alpha | text | interaction","browser and desktop","inventoried","R12/R13: characterize against a fixture and diagnostics","src/js/timeline.js:7482",""
"shortcut:fsselect","shortcut","drawing-selection","keyboard m","Fill/Stroke Select","src/js/timeline.js:7472 TOOL_SHORTCUTS","keydown","keyboard | Settings > Shortcuts (remappable)","none","none (R14)","render@2 selection@3 persist@3 animation@3","static-props | masks-alpha | text | interaction","browser and desktop","inventoried","R12/R13: characterize against a fixture and diagnostics","src/js/timeline.js:7472",""
"shortcut:hand","shortcut","drawing-selection","keyboard h","Hand (pan)","src/js/timeline.js:7484 TOOL_SHORTCUTS","keydown","keyboard | Settings > Shortcuts (remappable)","none","none (R14)","render@2 selection@3 persist@3 animation@3","static-props | masks-alpha | text | interaction","browser and desktop","inventoried","R12/R13: characterize against a fixture and diagnostics","src/js/timeline.js:7484",""
"shortcut:line","shortcut","drawing-selection","keyboard u","Line","src/js/timeline.js:7475 TOOL_SHORTCUTS","keydown","keyboard | Settings > Shortcuts (remappable)","none","none (R14)","render@2 selection@3 persist@3 animation@3","static-props | masks-alpha | text | interaction","browser and desktop","inventoried","R12/R13: characterize against a fixture and diagnostics","src/js/timeline.js:7475",""
"shortcut:pen","shortcut","drawing-selection","keyboard p","Pen","src/js/timeline.js:7474 TOOL_SHORTCUTS","keydown","keyboard | Settings > Shortcuts (remappable)","none","none (R14)","render@2 selection@3 persist@3 animation@3","static-props | masks-alpha | text | interaction","browser and desktop","inventoried","R12/R13: characterize against a fixture and diagnostics","src/js/timeline.js:7474",""
"shortcut:readonly:shortcutRoClipboard","shortcut","timeline-layers-frames","keyboard ⌘C / ⌘V / ⌘X","Copy / paste / cut","src/js/timeline.js:7543 READONLY_SHORTCUTS","keydown","keyboard | Settings > Shortcuts (read-only)","none","none (R14)","","keyed-props | held-frames | components","browser and desktop","inventoried","R12/R13: characterize against a fixture and diagnostics","src/js/timeline.js:7543",""
"shortcut:readonly:shortcutRoDelete","shortcut","timeline-layers-frames","keyboard ⌫","Delete selection","src/js/timeline.js:7547 READONLY_SHORTCUTS","keydown","keyboard | Settings > Shortcuts (read-only)","none","none (R14)","","keyed-props | held-frames | components","browser and desktop","inventoried","R12/R13: characterize against a fixture and diagnostics","src/js/timeline.js:7547",""
"shortcut:readonly:shortcutRoDuplicate","shortcut","timeline-layers-frames","keyboard ⌘D","Duplicate","src/js/timeline.js:7544 READONLY_SHORTCUTS","keydown","keyboard | Settings > Shortcuts (read-only)","none","none (R14)","","keyed-props | held-frames | components","browser and desktop","inventoried","R12/R13: characterize against a fixture and diagnostics","src/js/timeline.js:7544",""
"shortcut:readonly:shortcutRoEasyEase","shortcut","timeline-layers-frames","keyboard F9","Easy ease","src/js/timeline.js:7549 READONLY_SHORTCUTS","keydown","keyboard | Settings > Shortcuts (read-only)","none","none (R14)","","keyed-props | held-frames | components","browser and desktop","inventoried","R12/R13: characterize against a fixture and diagnostics","src/js/timeline.js:7549",""
"shortcut:readonly:shortcutRoEscape","shortcut","timeline-layers-frames","keyboard Échap","Cancel / deselect","src/js/timeline.js:7552 READONLY_SHORTCUTS","keydown","keyboard | Settings > Shortcuts (read-only)","none","none (R14)","","keyed-props | held-frames | components","browser and desktop","inventoried","R12/R13: characterize against a fixture and diagnostics","src/js/timeline.js:7552",""
"shortcut:readonly:shortcutRoGroup","shortcut","timeline-layers-frames","keyboard ⌘G / ⇧⌘G","Group / ungroup","src/js/timeline.js:7545 READONLY_SHORTCUTS","keydown","keyboard | Settings > Shortcuts (read-only)","none","none (R14)","","keyed-props | held-frames | components","browser and desktop","inventoried","R12/R13: characterize against a fixture and diagnostics","src/js/timeline.js:7545",""
"shortcut:readonly:shortcutRoNudgeKeys","shortcut","timeline-layers-frames","keyboard ⌥ ← →","Nudge keys in time","src/js/timeline.js:7550 READONLY_SHORTCUTS","keydown","keyboard | Settings > Shortcuts (read-only)","none","none (R14)","","keyed-props | held-frames | components","browser and desktop","inventoried","R12/R13: characterize against a fixture and diagnostics","src/js/timeline.js:7550",""
"shortcut:readonly:shortcutRoPlay","shortcut","timeline-layers-frames","keyboard Espace","Play / pause","src/js/timeline.js:7539 READONLY_SHORTCUTS","keydown","keyboard | Settings > Shortcuts (read-only)","none","none (R14)","","keyed-props | held-frames | components","browser and desktop","inventoried","R12/R13: characterize against a fixture and diagnostics","src/js/timeline.js:7539",""
"shortcut:readonly:shortcutRoSelectAll","shortcut","timeline-layers-frames","keyboard ⌘A","Select all","src/js/timeline.js:7546 READONLY_SHORTCUTS","keydown","keyboard | Settings > Shortcuts (read-only)","none","none (R14)","","keyed-props | held-frames | components","browser and desktop","inventoried","R12/R13: characterize against a fixture and diagnostics","src/js/timeline.js:7546",""
"shortcut:readonly:shortcutRoSplitLayer","shortcut","timeline-layers-frames","keyboard ⇧⌘D","Split layer at playhead","src/js/timeline.js:7551 READONLY_SHORTCUTS","keydown","keyboard | Settings > Shortcuts (read-only)","none","none (R14)","","keyed-props | held-frames | components","browser and desktop","inventoried","R12/R13: characterize against a fixture and diagnostics","src/js/timeline.js:7551",""
"shortcut:readonly:shortcutRoStepFrame","shortcut","timeline-layers-frames","keyboard ←  →","Step one frame","src/js/timeline.js:7540 READONLY_SHORTCUTS","keydown","keyboard | Settings > Shortcuts (read-only)","none","none (R14)","","keyed-props | held-frames | components","browser and desktop","inventoried","R12/R13: characterize against a fixture and diagnostics","src/js/timeline.js:7540",""
"shortcut:readonly:shortcutRoStepLayer","shortcut","timeline-layers-frames","keyboard ⇧ Page","Previous / next layer","src/js/timeline.js:7541 READONLY_SHORTCUTS","keydown","keyboard | Settings > Shortcuts (read-only)","none","none (R14)","","keyed-props | held-frames | components","browser and desktop","inventoried","R12/R13: characterize against a fixture and diagnostics","src/js/timeline.js:7541",""
"shortcut:readonly:shortcutRoUndo","shortcut","timeline-layers-frames","keyboard ⌘Z / ⇧⌘Z","Undo / redo","src/js/timeline.js:7542 READONLY_SHORTCUTS","keydown","keyboard | Settings > Shortcuts (read-only)","none","none (R14)","","keyed-props | held-frames | components","browser and desktop","inventoried","R12/R13: characterize against a fixture and diagnostics","src/js/timeline.js:7542",""
"shortcut:readonly:shortcutRoWorkArea","shortcut","timeline-layers-frames","keyboard B / N","Work area in / out","src/js/timeline.js:7548 READONLY_SHORTCUTS","keydown","keyboard | Settings > Shortcuts (read-only)","none","none (R14)","","keyed-props | held-frames | components","browser and desktop","inventoried","R12/R13: characterize against a fixture and diagnostics","src/js/timeline.js:7548",""
"shortcut:rect","shortcut","drawing-selection","keyboard r","Rectangle","src/js/timeline.js:7476 TOOL_SHORTCUTS","keydown","keyboard | Settings > Shortcuts (remappable)","none","none (R14)","render@2 selection@3 persist@3 animation@3","static-props | masks-alpha | text | interaction","browser and desktop","inventoried","R12/R13: characterize against a fixture and diagnostics","src/js/timeline.js:7476",""
"shortcut:rig","shortcut","drawing-selection","keyboard s","Rig (Skeleton)","src/js/timeline.js:7497 TOOL_SHORTCUTS","keydown","keyboard | Settings > Shortcuts (remappable)","none","none (R14)","render@2 selection@3 persist@3 animation@3","static-props | masks-alpha | text | interaction","browser and desktop","inventoried","R12/R13: characterize against a fixture and diagnostics","src/js/timeline.js:7497",""
"shortcut:rotate","shortcut","drawing-selection","keyboard w","Rotation du canevas","src/js/timeline.js:7496 TOOL_SHORTCUTS","keydown","keyboard | Settings > Shortcuts (remappable)","none","none (R14)","render@2 selection@3 persist@3 animation@3","static-props | masks-alpha | text | interaction","browser and desktop","inventoried","R12/R13: characterize against a fixture and diagnostics","src/js/timeline.js:7496",""
"shortcut:select","shortcut","drawing-selection","keyboard v","Select","src/js/timeline.js:7470 TOOL_SHORTCUTS","keydown","keyboard | Settings > Shortcuts (remappable)","none","none (R14)","render@2 selection@3 persist@3 animation@3","static-props | masks-alpha | text | interaction","browser and desktop","inventoried","R12/R13: characterize against a fixture and diagnostics","src/js/timeline.js:7470",""
"shortcut:speechbubble","shortcut","drawing-selection","keyboard d","Bulle de dialogue","src/js/timeline.js:7478 TOOL_SHORTCUTS","keydown","keyboard | Settings > Shortcuts (remappable)","none","none (R14)","render@2 selection@3 persist@3 animation@3","static-props | masks-alpha | text | interaction","browser and desktop","inventoried","R12/R13: characterize against a fixture and diagnostics","src/js/timeline.js:7478",""
"shortcut:star","shortcut","drawing-selection","keyboard q","Étoile / Polygone","src/js/timeline.js:7479 TOOL_SHORTCUTS","keydown","keyboard | Settings > Shortcuts (remappable)","none","none (R14)","render@2 selection@3 persist@3 animation@3","static-props | masks-alpha | text | interaction","browser and desktop","inventoried","R12/R13: characterize against a fixture and diagnostics","src/js/timeline.js:7479",""
"shortcut:subselect","shortcut","drawing-selection","keyboard a","Subselect (node edit)","src/js/timeline.js:7471 TOOL_SHORTCUTS","keydown","keyboard | Settings > Shortcuts (remappable)","none","none (R14)","render@2 selection@3 persist@3 animation@3","static-props | masks-alpha | text | interaction","browser and desktop","inventoried","R12/R13: characterize against a fixture and diagnostics","src/js/timeline.js:7471",""
"shortcut:text","shortcut","drawing-selection","keyboard y","Texte","src/js/timeline.js:7495 TOOL_SHORTCUTS","keydown","keyboard | Settings > Shortcuts (remappable)","none","none (R14)","render@2 selection@3 persist@3 animation@3","static-props | masks-alpha | text | interaction","browser and desktop","inventoried","R12/R13: characterize against a fixture and diagnostics","src/js/timeline.js:7495",""
"shortcut:toggleOnion","shortcut","drawing-selection","keyboard o","Toggle Onion Skin","src/js/timeline.js:7486 TOOL_SHORTCUTS","keydown","keyboard | Settings > Shortcuts (remappable)","none","none (R14)","render@2 selection@3 persist@3 animation@3","static-props | masks-alpha | text | interaction","browser and desktop","inventoried","R12/R13: characterize against a fixture and diagnostics","src/js/timeline.js:7486",""
"shortcut:zoom","shortcut","drawing-selection","keyboard z","Zoom","src/js/timeline.js:7485 TOOL_SHORTCUTS","keydown","keyboard | Settings > Shortcuts (remappable)","none","none (R14)","render@2 selection@3 persist@3 animation@3","static-props | masks-alpha | text | interaction","browser and desktop","inventoried","R12/R13: characterize against a fixture and diagnostics","src/js/timeline.js:7485",""
