issue,title,previous_state,disposition,result_state,priority,area,kind,related_remediation,rationale,evidence
460,problème encore avec le pot de peinture j’ai une forme avec des intersection  à ,CLOSED,retain_closed,CLOSED,P1,Renderer,Bug,R16; R17; R18,"Already closed by the owner, with no later contradictory comment in the captured record. Retain the closed state; this triage does not independently claim reporter or runtime acceptance.",https://github.com/mysteropodes/nemo/issues/460; https://github.com/mysteropodes/nemo/issues/460#issuecomment-5481491746; https://github.com/mysteropodes/nemo/commit/0068401ad198578468ad890b99712f0ded72f58b
461,le drag de capture ne marche pas dans l’app taure,CLOSED,retain_closed,CLOSED,P1,Platform,Bug,R09; R21,"Already closed with a landed Tauri configuration change and no later contradictory report. Retain closed, while noting the captured comments do not establish a fresh packaged desktop drag-and-drop acceptance.",https://github.com/mysteropodes/nemo/issues/461; https://github.com/mysteropodes/nemo/issues/461#issuecomment-5481498053; https://github.com/mysteropodes/nemo/commit/e155d8a4de25ff96c8542972eef83ff8239361b7
462,avec l’outil de selection si je select une partie du trait et que je change la c,CLOSED,retain_closed,CLOSED,P2,UI,Bug,R13; R17; R18,"Already closed by the owner, with no later contradictory comment in the captured record. Retain the closed state; this triage does not independently claim reporter or runtime acceptance.",https://github.com/mysteropodes/nemo/issues/462; https://github.com/mysteropodes/nemo/issues/462#issuecomment-5481498567; https://github.com/mysteropodes/nemo/commit/0bb8a6c174edc19070ddc86682d6a8b1e72b7dd3
463,quand je sélectionne des partie fill où il y a une ouverture sans stroke et des ,CLOSED,retain_closed,CLOSED,P2,UI,Bug,R13; R17; R18,"Already closed by the owner, with no later contradictory comment in the captured record. Retain the closed state; this triage does not independently claim reporter or runtime acceptance.",https://github.com/mysteropodes/nemo/issues/463; https://github.com/mysteropodes/nemo/issues/463#issuecomment-5481499086; https://github.com/mysteropodes/nemo/commit/6c11fa0d700e1102aeb1fb602fcce8bcb30cf631
464,l’outil eraser parfois supprime complètement des fill d’un coup parfois éfface b,CLOSED,retain_closed,CLOSED,P1,Renderer,Bug,R16; R17; R18,"Already closed by the owner, with no later contradictory comment in the captured record. Retain the closed state; this triage does not independently claim reporter or runtime acceptance.",https://github.com/mysteropodes/nemo/issues/464; https://github.com/mysteropodes/nemo/issues/464#issuecomment-5481499367; https://github.com/mysteropodes/nemo/commit/e155d8a4de25ff96c8542972eef83ff8239361b7
465,Pendant l’utilisation de la brush j’ai toujours les carré au début et à la fin d,CLOSED,retain_closed,CLOSED,P3,UI,Feature,R13; R18,"Already closed by the owner, with no later contradictory comment in the captured record. Retain the closed state; this triage does not independently claim reporter or runtime acceptance.",https://github.com/mysteropodes/nemo/issues/465; https://github.com/mysteropodes/nemo/issues/465#issuecomment-5481499768
466,le bouton son et camera doivent changer de place dans l’ui et se placé à coté du,CLOSED,retain_closed,CLOSED,P3,UI,Feature,R13; R18,"Already closed by the owner, with no later contradictory comment in the captured record. Retain the closed state; this triage does not independently claim reporter or runtime acceptance.",https://github.com/mysteropodes/nemo/issues/466; https://github.com/mysteropodes/nemo/issues/466#issuecomment-5481500226
467,l’aperçu visuelle des blend layer doivent se faire quand on parcours toute les o,CLOSED,retain_closed,CLOSED,P2,UI,Feature,R13; R18,"Already closed by the owner, with no later contradictory comment in the captured record. Retain the closed state; this triage does not independently claim reporter or runtime acceptance.",https://github.com/mysteropodes/nemo/issues/467; https://github.com/mysteropodes/nemo/issues/467#issuecomment-5481500517
468,on a encore la possibilité de modifier les keyframe dans la timeline quand celui,CLOSED,retain_closed,CLOSED,P1,Animation,Bug,R08; R13; R18,"Already closed by the owner, with no later contradictory comment in the captured record. Retain the closed state; this triage does not independently claim reporter or runtime acceptance.",https://github.com/mysteropodes/nemo/issues/468; https://github.com/mysteropodes/nemo/issues/468#issuecomment-5481500862
469,avec l’outil plume il faudrait voir les point de path et leur tangents,CLOSED,retain_closed,CLOSED,P3,UI,Feature,R13; R18,"Already closed by the owner, with no later contradictory comment in the captured record. Retain the closed state; this triage does not independently claim reporter or runtime acceptance.",https://github.com/mysteropodes/nemo/issues/469; https://github.com/mysteropodes/nemo/issues/469#issuecomment-5481501207
470,quand on clic sur une option qui ouvre le panneau de choix de couleurs il faudra,CLOSED,retain_closed,CLOSED,P3,UI,Feature,R13; R18,"Maintainer explicitly closed the delivered scope and deferred residual capability or reproduction pending a more specific need/report. No later contradictory evidence appears; preserve that decision. The owner states the palette-highlight portion works, but the requested per-palette checkbox behavior was never built and remains ambiguous. ",https://github.com/mysteropodes/nemo/issues/470; https://github.com/mysteropodes/nemo/issues/470#issuecomment-5481501609; https://github.com/mysteropodes/nemo/commit/032267e279ad9cc52fd74b30a9575fc702063693
471,"L’icon du panel gauche texte doit aller en dessous de celui du rond
l’icon persp",CLOSED,retain_closed,CLOSED,P3,UI,Feature,R13; R18,"Already closed by the owner, with no later contradictory comment in the captured record. Retain the closed state; this triage does not independently claim reporter or runtime acceptance.",https://github.com/mysteropodes/nemo/issues/471; https://github.com/mysteropodes/nemo/issues/471#issuecomment-5481501918
472,dans easing curve quand on select un point de la curve et que l’on fait option c,CLOSED,retain_closed,CLOSED,P2,Animation,Feature,R08; R13; R18,"Already closed by the owner, with no later contradictory comment in the captured record. Retain the closed state; this triage does not independently claim reporter or runtime acceptance.",https://github.com/mysteropodes/nemo/issues/472; https://github.com/mysteropodes/nemo/issues/472#issuecomment-5481502223
473,dans le panel droit on a plus besoin de onion skin il faut le mettre au clic dro,CLOSED,retain_closed,CLOSED,P2,UI,Feature,R13; R18,"Already closed by the owner, with no later contradictory comment in the captured record. Retain the closed state; this triage does not independently claim reporter or runtime acceptance.",https://github.com/mysteropodes/nemo/issues/473; https://github.com/mysteropodes/nemo/issues/473#issuecomment-5481502568
474,pour l’outil brush avec opt enfoncé on doit pouvoir changé la taille du stroke e,CLOSED,retain_closed,CLOSED,P2,UI,Feature,R13; R18,"Already closed by the owner, with no later contradictory comment in the captured record. Retain the closed state; this triage does not independently claim reporter or runtime acceptance.",https://github.com/mysteropodes/nemo/issues/474; https://github.com/mysteropodes/nemo/issues/474#issuecomment-5481502933
475,"le drag and drop de .wav, image ou vidéo ne marche pas dans l'app tauri",CLOSED,retain_closed,CLOSED,P1,Platform,Bug,R09; R21,"Already closed with a landed Tauri configuration change and no later contradictory report. Retain closed, while noting the captured comments do not establish a fresh packaged desktop drag-and-drop acceptance.",https://github.com/mysteropodes/nemo/issues/475; https://github.com/mysteropodes/nemo/issues/475#issuecomment-5481503433
476,le save file n’enregistre pas du tout les clés d’animation des effets. Attention,CLOSED,retain_closed,CLOSED,P0,Document,Bug,R09; R18; R20,"Already closed by the owner, with no later contradictory comment in the captured record. Retain the closed state; this triage does not independently claim reporter or runtime acceptance.",https://github.com/mysteropodes/nemo/issues/476; https://github.com/mysteropodes/nemo/issues/476#issuecomment-5481503699
477,"le bouton de fermeture en haut à gauche de l’app, quand on fait quitter sans sau",OPEN,keep_validate,OPEN,P1,Platform,Bug,R09; R21,"Commit 7cb4139 is in current main, but the owner explicitly could not retest the native Tauri close-without-saving flow. Keep for packaged desktop validation; no runtime acceptance is inferred.",https://github.com/mysteropodes/nemo/issues/477; https://github.com/mysteropodes/nemo/issues/477#issuecomment-5481504091; https://github.com/mysteropodes/nemo/commit/7cb413983325fdafa8fb41988a8fa34891e9c5c8
478,[TEST diagnostic] token renouvelé — à fermer,CLOSED,retain_closed,CLOSED,P3,DevEx,Task,R01,"Already closed by the owner, with no later contradictory comment in the captured record. Retain the closed state; this triage does not independently claim reporter or runtime acceptance.",https://github.com/mysteropodes/nemo/issues/478; https://github.com/mysteropodes/nemo/issues/478#issuecomment-5481504320
479,nouveau test,CLOSED,retain_closed,CLOSED,P3,DevEx,Task,R01,"Already closed by the owner, with no later contradictory comment in the captured record. Retain the closed state; this triage does not independently claim reporter or runtime acceptance.",https://github.com/mysteropodes/nemo/issues/479; https://github.com/mysteropodes/nemo/issues/479#issuecomment-5481504683
480,quand on collapse ou expand le panel droit . le canvas scintille pendant l'anima,CLOSED,retain_closed,CLOSED,P1,Renderer,Bug,R16; R18,"Already closed by the owner, with no later contradictory comment in the captured record. Retain the closed state; this triage does not independently claim reporter or runtime acceptance.",https://github.com/mysteropodes/nemo/issues/480; https://github.com/mysteropodes/nemo/issues/480#issuecomment-5481505094; https://github.com/mysteropodes/nemo/commit/e40a7d6aed591820a5ec50d11ea31b64487461ad
481,l'effet ne s'applique pas au fill seulement au stroke de l'objet select,CLOSED,retain_closed,CLOSED,P1,Renderer,Bug,R16; R17; R18,"Already closed by the owner, with no later contradictory comment in the captured record. Retain the closed state; this triage does not independently claim reporter or runtime acceptance.",https://github.com/mysteropodes/nemo/issues/481; https://github.com/mysteropodes/nemo/issues/481#issuecomment-5481505451; https://github.com/mysteropodes/nemo/commit/e40a7d6aed591820a5ec50d11ea31b64487461ad
482,pour la casser au intersection ce n'est pas vraiment ça qu'il faut faire le but ,CLOSED,retain_closed,CLOSED,P1,Renderer,Bug,R16; R17; R18,"Already closed by the owner, with no later contradictory comment in the captured record. Retain the closed state; this triage does not independently claim reporter or runtime acceptance.",https://github.com/mysteropodes/nemo/issues/482; https://github.com/mysteropodes/nemo/issues/482#issuecomment-5481505776; https://github.com/mysteropodes/nemo/commit/56de60dd41fd2af673853541186d6a19dc3ee0d3
483,quand j'envoi un feedback j'ai cette erreur dans la console du navigateur feedba,CLOSED,retain_closed,CLOSED,P2,Platform,Bug,R09; R21; R12,"Already closed by the owner, with no later contradictory comment in the captured record. Retain the closed state; this triage does not independently claim reporter or runtime acceptance.",https://github.com/mysteropodes/nemo/issues/483; https://github.com/mysteropodes/nemo/issues/483#issuecomment-5481506167
484,ici gros soucis sur le panel droit quand on select un objet avec un stroke tous ,CLOSED,retain_closed,CLOSED,P2,UI,Bug,R13; R18,"Already closed by the owner, with no later contradictory comment in the captured record. Retain the closed state; this triage does not independently claim reporter or runtime acceptance.",https://github.com/mysteropodes/nemo/issues/484; https://github.com/mysteropodes/nemo/issues/484#issuecomment-5481506654
485,"erreur dans la consol :
ui.js:310 Uncaught TypeError: Cannot read properties of ",CLOSED,retain_closed,CLOSED,P2,UI,Bug,R13; R18; R12,"Already closed by the owner, with no later contradictory comment in the captured record. Retain the closed state; this triage does not independently claim reporter or runtime acceptance.",https://github.com/mysteropodes/nemo/issues/485; https://github.com/mysteropodes/nemo/issues/485#issuecomment-5481506872
486,"le motion à complétement disparu sur un componant que l'on anim dans motion, j'a",CLOSED,retain_closed,CLOSED,P0,Animation,Bug,R08; R13; R18,"Already closed by the owner, with no later contradictory comment in the captured record. Retain the closed state; this triage does not independently claim reporter or runtime acceptance.",https://github.com/mysteropodes/nemo/issues/486; https://github.com/mysteropodes/nemo/issues/486#issuecomment-5481507241
487,gros soucis sur les éléments de texte le panel typo fait bougé la typo en positi,CLOSED,retain_closed,CLOSED,P1,UI,Bug,R13; R18,"Already closed by the owner, with no later contradictory comment in the captured record. Retain the closed state; this triage does not independently claim reporter or runtime acceptance.",https://github.com/mysteropodes/nemo/issues/487; https://github.com/mysteropodes/nemo/issues/487#issuecomment-5481507570
488,"l'outil pen devrait plus ressemblé à celui d'after effect ou illustrator, on voi",CLOSED,retain_closed,CLOSED,P2,UI,Feature,R13; R18,"Already closed by the owner, with no later contradictory comment in the captured record. Retain the closed state; this triage does not independently claim reporter or runtime acceptance.",https://github.com/mysteropodes/nemo/issues/488; https://github.com/mysteropodes/nemo/issues/488#issuecomment-5481508196
489,"manque de fluidité quand on deplace in/out point de calque, ici dans l'exemple r",CLOSED,retain_closed,CLOSED,P2,Animation,Bug,R08; R13; R18; R19,"Already closed by the owner, with no later contradictory comment in the captured record. Retain the closed state; this triage does not independently claim reporter or runtime acceptance.",https://github.com/mysteropodes/nemo/issues/489; https://github.com/mysteropodes/nemo/issues/489#issuecomment-5481508641
490,"engine-bridge.js:2817 [engine-bridge] render failed, disabling ReferenceError: a",CLOSED,retain_closed,CLOSED,P0,Renderer,Bug,R16; R18; R12,"Already closed by the owner, with no later contradictory comment in the captured record. Retain the closed state; this triage does not independently claim reporter or runtime acceptance.",https://github.com/mysteropodes/nemo/issues/490; https://github.com/mysteropodes/nemo/issues/490#issuecomment-5481509316
491,petit pblm en motion quand je pose des clé de position l'ensemble des clé bouges,CLOSED,retain_closed,CLOSED,P2,Animation,Bug,R08; R13; R18,"Already closed by the owner, with no later contradictory comment in the captured record. Retain the closed state; this triage does not independently claim reporter or runtime acceptance.",https://github.com/mysteropodes/nemo/issues/491; https://github.com/mysteropodes/nemo/issues/491#issuecomment-5481509607
492,"quand j'utilise les raccourcis pour affiché les properties dans motion (P, U, s.",CLOSED,retain_closed,CLOSED,P2,Animation,Bug,R08; R13; R18,"Already closed by the owner, with no later contradictory comment in the captured record. Retain the closed state; this triage does not independently claim reporter or runtime acceptance.",https://github.com/mysteropodes/nemo/issues/492; https://github.com/mysteropodes/nemo/issues/492#issuecomment-5481509949
493,encore pas al d'éléments en français dans la version english comme éléments par ,CLOSED,retain_closed,CLOSED,P2,UI,Bug,R13; R18,"Already closed by the owner, with no later contradictory comment in the captured record. Retain the closed state; this triage does not independently claim reporter or runtime acceptance.",https://github.com/mysteropodes/nemo/issues/493; https://github.com/mysteropodes/nemo/issues/493#issuecomment-5481510349
494,encore beaucoup d'erreur pour le panel stroke quand on on modifie un stroke sele,CLOSED,retain_closed,CLOSED,P2,UI,Bug,R13; R18,"Already closed by the owner, with no later contradictory comment in the captured record. Retain the closed state; this triage does not independently claim reporter or runtime acceptance.",https://github.com/mysteropodes/nemo/issues/494; https://github.com/mysteropodes/nemo/issues/494#issuecomment-5481510737
495,quand on fait un nouveau layer il faut que celui ci soit select automatiquement,CLOSED,retain_closed,CLOSED,P2,UI,Bug,R13; R18,"Already closed by the owner, with no later contradictory comment in the captured record. Retain the closed state; this triage does not independently claim reporter or runtime acceptance.",https://github.com/mysteropodes/nemo/issues/495; https://github.com/mysteropodes/nemo/issues/495#issuecomment-5481511113
496,dans un componant il est impossible de select plusisuers éléments en même temps ,CLOSED,retain_closed,CLOSED,P2,UI,Bug,R13; R18,"Already closed by the owner, with no later contradictory comment in the captured record. Retain the closed state; this triage does not independently claim reporter or runtime acceptance.",https://github.com/mysteropodes/nemo/issues/496; https://github.com/mysteropodes/nemo/issues/496#issuecomment-5481511749
497,impossible d'aller de motion à animation 2D ou l'inverse si on est dans un compo,CLOSED,retain_closed,CLOSED,P2,Animation,Bug,R08; R13; R18,"Already closed by the owner, with no later contradictory comment in the captured record. Retain the closed state; this triage does not independently claim reporter or runtime acceptance.",https://github.com/mysteropodes/nemo/issues/497; https://github.com/mysteropodes/nemo/issues/497#issuecomment-5481512333
498,la partie fill dans le panel droite s'applique au stroke et tout ne marche pas b,OPEN,close_completed,CLOSED,P1,Renderer,Bug,R16; R17; R18,The owner records the issue as resolved and the cited commit or merged PR is an ancestor of current origin/main. No later contrary report is captured; reporter/runtime acceptance is not independently recorded.,https://github.com/mysteropodes/nemo/issues/498; https://github.com/mysteropodes/nemo/issues/498#issuecomment-5481512886; https://github.com/mysteropodes/nemo/pull/274; https://github.com/mysteropodes/nemo/commit/4d687bc9722fb315cda2e58673a5b111a4959b5f
499,problème d'affichage d'ui dans la timeline de motion quand on fait U pour affich,CLOSED,retain_closed,CLOSED,P2,Animation,Bug,R08; R13; R18,"Already closed by the owner, with no later contradictory comment in the captured record. Retain the closed state; this triage does not independently claim reporter or runtime acceptance.",https://github.com/mysteropodes/nemo/issues/499; https://github.com/mysteropodes/nemo/issues/499#issuecomment-5481513227; https://github.com/mysteropodes/nemo/commit/08e8b02174c285f3856459122585b63af6f46c5d
500,un effet deform encore le canvas alors qu'il doit pas être déformé normalement,OPEN,close_completed,CLOSED,P1,Renderer,Bug,R16; R17; R18; R12,The owner records the issue as resolved and the cited commit or merged PR is an ancestor of current origin/main. No later contrary report is captured; reporter/runtime acceptance is not independently recorded.,https://github.com/mysteropodes/nemo/issues/500; https://github.com/mysteropodes/nemo/issues/500#issuecomment-5481513661; https://github.com/mysteropodes/nemo/pull/299; https://github.com/mysteropodes/nemo/commit/6fd94c4accf0155787ae6b99fb3ce3217c1ee3d5
501,probleme d'affichage lors de l'édition d'un texte,OPEN,keep_validate,OPEN,P2,UI,Bug,R13; R18,"Commit c85162d is in current main, but the owner explicitly did not reproduce the exact in-place editor gesture after the change. Keep for focused visual validation before closure.",https://github.com/mysteropodes/nemo/issues/501; https://github.com/mysteropodes/nemo/issues/501#issuecomment-5481513937; https://github.com/mysteropodes/nemo/commit/c85162decdba81a65991a51959389f323095c32a
502,pouruoi la pressure brush en vecto à un contour de contour plus foncé et tous le,OPEN,close_completed,CLOSED,P1,Renderer,Bug,R16; R17; R18,The owner records the issue as resolved and the cited commit or merged PR is an ancestor of current origin/main. No later contrary report is captured; reporter/runtime acceptance is not independently recorded.,https://github.com/mysteropodes/nemo/issues/502; https://github.com/mysteropodes/nemo/issues/502#issuecomment-5481514372; https://github.com/mysteropodes/nemo/commit/c1699af57331cc0e667cb0f8d875875171787ab7
503,comme dans after effects il faudrait voir un filet du calque pendant le drag de ,OPEN,close_completed,CLOSED,P3,Animation,Feature,R08; R13; R18,The owner records the issue as resolved and the cited commit or merged PR is an ancestor of current origin/main. No later contrary report is captured; reporter/runtime acceptance is not independently recorded.,https://github.com/mysteropodes/nemo/issues/503; https://github.com/mysteropodes/nemo/issues/503#issuecomment-5481515082; https://github.com/mysteropodes/nemo/commit/c1699af57331cc0e667cb0f8d875875171787ab7
504,quand on select plusieurs calque il faudrait select aussi dans le canvas et pouv,CLOSED,retain_closed,CLOSED,P2,UI,Feature,R13; R18,"Already closed by the owner, with no later contradictory comment in the captured record. Retain the closed state; this triage does not independently claim reporter or runtime acceptance.",https://github.com/mysteropodes/nemo/issues/504; https://github.com/mysteropodes/nemo/issues/504#issuecomment-5481515424
505,quand on est sur l'outil select et que l'on clic sur un endroit du canvas vide c,CLOSED,retain_closed,CLOSED,P2,UI,Bug,R13; R18,"Already closed by the owner, with no later contradictory comment in the captured record. Retain the closed state; this triage does not independently claim reporter or runtime acceptance.",https://github.com/mysteropodes/nemo/issues/505; https://github.com/mysteropodes/nemo/issues/505#issuecomment-5481515771
506,les in et out point pas assez contrasté quand c'est select,OPEN,close_completed,CLOSED,P3,UI,Bug,R13; R18,The owner records the issue as resolved and the cited commit or merged PR is an ancestor of current origin/main. No later contrary report is captured; reporter/runtime acceptance is not independently recorded.,https://github.com/mysteropodes/nemo/issues/506; https://github.com/mysteropodes/nemo/issues/506#issuecomment-5481516140; https://github.com/mysteropodes/nemo/pull/275; https://github.com/mysteropodes/nemo/commit/f9b650b947d378a60abae7985b93d6b890639a6f
507,dans le menu burger le about va pas directement sur about,CLOSED,retain_closed,CLOSED,P3,UI,Bug,R13; R18,"Already closed by the owner, with no later contradictory comment in the captured record. Retain the closed state; this triage does not independently claim reporter or runtime acceptance.",https://github.com/mysteropodes/nemo/issues/507; https://github.com/mysteropodes/nemo/issues/507#issuecomment-5481516450
508,il manque une barre de recherche en tapant le nom de l'effet dans add effect,CLOSED,retain_closed,CLOSED,P2,UI,Feature,R13; R18,"Already closed by the owner, with no later contradictory comment in the captured record. Retain the closed state; this triage does not independently claim reporter or runtime acceptance.",https://github.com/mysteropodes/nemo/issues/508; https://github.com/mysteropodes/nemo/issues/508#issuecomment-5481516799
509,pour le calque null celui ci doit être comme sur after un petit bounding box que,CLOSED,retain_closed,CLOSED,P1,Animation,Feature,R08; R13; R18,"Already closed by the owner, with no later contradictory comment in the captured record. Retain the closed state; this triage does not independently claim reporter or runtime acceptance.",https://github.com/mysteropodes/nemo/issues/509; https://github.com/mysteropodes/nemo/issues/509#issuecomment-5481517272
510,Pour les effets WGSL il faudrait travaillé l'échantillonage pour la preview que ,CLOSED,retain_closed,CLOSED,P1,Renderer,Feature,R16; R17; R18,"Already closed by the owner, with no later contradictory comment in the captured record. Retain the closed state; this triage does not independently claim reporter or runtime acceptance.",https://github.com/mysteropodes/nemo/issues/510; https://github.com/mysteropodes/nemo/issues/510#issuecomment-5481517784
511,pour les brush vecto j'aimerais que tu t'inspire de celles qu'il y a là dedans a,CLOSED,retain_closed,CLOSED,P2,Renderer,Feature,R16; R18,"Already closed by the owner, with no later contradictory comment in the captured record. Retain the closed state; this triage does not independently claim reporter or runtime acceptance.",https://github.com/mysteropodes/nemo/issues/511; https://github.com/mysteropodes/nemo/issues/511#issuecomment-5481518204
512,test ju,CLOSED,retain_closed,CLOSED,P3,DevEx,Task,R01,"Already closed by the owner, with no later contradictory comment in the captured record. Retain the closed state; this triage does not independently claim reporter or runtime acceptance.",https://github.com/mysteropodes/nemo/issues/512; https://github.com/mysteropodes/nemo/issues/512#issuecomment-5481518638
513,"il faudrait pouvoir faire pomme + a pour tout selectionner, et effacer avec back",CLOSED,retain_closed,CLOSED,P2,UI,Feature,R13; R18,"Already closed by the owner, with no later contradictory comment in the captured record. Retain the closed state; this triage does not independently claim reporter or runtime acceptance.",https://github.com/mysteropodes/nemo/issues/513; https://github.com/mysteropodes/nemo/issues/513#issuecomment-5481518967
514,pomme en cliquant pour passer a l outil selection,CLOSED,retain_closed,CLOSED,P2,UI,Feature,R13; R18,"Already closed by the owner, with no later contradictory comment in the captured record. Retain the closed state; this triage does not independently claim reporter or runtime acceptance.",https://github.com/mysteropodes/nemo/issues/514; https://github.com/mysteropodes/nemo/issues/514#issuecomment-5481519254; https://github.com/mysteropodes/nemo/pull/231
515,"fill brush bug et ne fait pas une forme qui rempli
",CLOSED,retain_closed,CLOSED,P1,Renderer,Bug,R16; R17; R18,"Already closed by the owner, with no later contradictory comment in the captured record. Retain the closed state; this triage does not independently claim reporter or runtime acceptance.",https://github.com/mysteropodes/nemo/issues/515; https://github.com/mysteropodes/nemo/issues/515#issuecomment-5481519765; https://github.com/mysteropodes/nemo/commit/19df13cad5a3a529d943c22976ba02de4957fb5f
516,il faudrait des raccourcis clavier pour naviguer dans la timeline au moins de cl,CLOSED,retain_closed,CLOSED,P2,Animation,Feature,R08; R13; R18,"Already closed by the owner, with no later contradictory comment in the captured record. Retain the closed state; this triage does not independently claim reporter or runtime acceptance.",https://github.com/mysteropodes/nemo/issues/516; https://github.com/mysteropodes/nemo/issues/516#issuecomment-5481520156
517,"peut etre mettre le delete pour une line, un stroke dans el menu radial
",CLOSED,retain_closed,CLOSED,P3,UI,Feature,R13; R18,"Already closed by the owner, with no later contradictory comment in the captured record. Retain the closed state; this triage does not independently claim reporter or runtime acceptance.",https://github.com/mysteropodes/nemo/issues/517; https://github.com/mysteropodes/nemo/issues/517#issuecomment-5481520763
518,ajouter possibilité de zoomer/dezoomer juste en passant la souris ici.Ou une com,CLOSED,retain_closed,CLOSED,P3,UI,Feature,R13; R18,"Already closed by the owner, with no later contradictory comment in the captured record. Retain the closed state; this triage does not independently claim reporter or runtime acceptance.",https://github.com/mysteropodes/nemo/issues/518; https://github.com/mysteropodes/nemo/issues/518#issuecomment-5481521065
519,si la fzentre de feedback est trop basse dans le cran aucun moyen de la faire de,CLOSED,retain_closed,CLOSED,P2,UI,Bug,R13; R18,"Already closed by the owner, with no later contradictory comment in the captured record. Retain the closed state; this triage does not independently claim reporter or runtime acceptance.",https://github.com/mysteropodes/nemo/issues/519; https://github.com/mysteropodes/nemo/issues/519#issuecomment-5481521372; https://github.com/mysteropodes/nemo/commit/19df13cad5a3a529d943c22976ba02de4957fb5f
520,"séparer outil lasso et transformation, sinon impossible de bouger et transformer",CLOSED,retain_closed,CLOSED,P1,UI,Bug,R13; R18,Maintainer explicitly closed the delivered scope and deferred residual capability or reproduction pending a more specific need/report. No later contradictory evidence appears; preserve that decision. The closed issue contains an explicit paused investigation: the stylus/Cintiq lasso-versus-transform failure was not reproduced and a concrete pointer-event path remains suspect. ,https://github.com/mysteropodes/nemo/issues/520; https://github.com/mysteropodes/nemo/issues/520#issuecomment-5481521659
521,"posibilité d acceder au point de pivot d une selection, ou groupe de selection",CLOSED,retain_closed,CLOSED,P2,UI,Feature,R13; R18,"Already closed by the owner, with no later contradictory comment in the captured record. Retain the closed state; this triage does not independently claim reporter or runtime acceptance.",https://github.com/mysteropodes/nemo/issues/521; https://github.com/mysteropodes/nemo/issues/521#issuecomment-5481522119
522,"apres avoir fait un raccourci clavier, commande + espace ( mac), impossible de r",CLOSED,retain_closed,CLOSED,P1,Platform,Bug,R09; R21,"Already closed by the owner, with no later contradictory comment in the captured record. Retain the closed state; this triage does not independently claim reporter or runtime acceptance.",https://github.com/mysteropodes/nemo/issues/522; https://github.com/mysteropodes/nemo/issues/522#issuecomment-5481522729; https://github.com/mysteropodes/nemo/commit/19df13cad5a3a529d943c22976ba02de4957fb5f
523,ajoutert la possibilité d enregistrer les parametres de reglage de l outil ( dia,CLOSED,retain_closed,CLOSED,P2,UI,Feature,R13; R18,"Already closed by the owner, with no later contradictory comment in the captured record. Retain the closed state; this triage does not independently claim reporter or runtime acceptance.",https://github.com/mysteropodes/nemo/issues/523; https://github.com/mysteropodes/nemo/issues/523#issuecomment-5481523103
524,"il faudrait que la gomme puisse se regler comme le pinceau, et se comporter comm",CLOSED,retain_closed,CLOSED,P2,Renderer,Feature,R16; R17; R18,"Maintainer explicitly closed the delivered scope and deferred residual capability or reproduction pending a more specific need/report. No later contradictory evidence appears; preserve that decision. The owner labels the delivery partial: pressure, resize, and stabilization landed, while square-tip and soft/alpha erasing requested by the comparison remain unimplemented. ",https://github.com/mysteropodes/nemo/issues/524; https://github.com/mysteropodes/nemo/issues/524#issuecomment-5481523502; https://github.com/mysteropodes/nemo/pull/231
525,"l icone a lecran pour la gomme est juste un pointeur main, pas assez precis, rep",CLOSED,retain_closed,CLOSED,P3,UI,Bug,R13; R18,"Already closed by the owner, with no later contradictory comment in the captured record. Retain the closed state; this triage does not independently claim reporter or runtime acceptance.",https://github.com/mysteropodes/nemo/issues/525; https://github.com/mysteropodes/nemo/issues/525#issuecomment-5481523857; https://github.com/mysteropodes/nemo/pull/231; https://github.com/mysteropodes/nemo/commit/19df13cad5a3a529d943c22976ba02de4957fb5f
526,"Parfois, je suis un pinceau, j ai réglé ma brush, je change d outil, je dois re-",OPEN,close_completed,CLOSED,P2,UI,Feature,R13; R18,The owner records the issue as resolved and the cited commit or merged PR is an ancestor of current origin/main. No later contrary report is captured; reporter/runtime acceptance is not independently recorded.,https://github.com/mysteropodes/nemo/issues/526; https://github.com/mysteropodes/nemo/issues/526#issuecomment-5481524311; https://github.com/mysteropodes/nemo/pull/276; https://github.com/mysteropodes/nemo/commit/2b48f4d106dc722448fa48c2eec52ead7aae6376
527,le menu element s ouvre systematiquement a chaque trait,CLOSED,retain_closed,CLOSED,P3,UI,Bug,R13; R18,"Already closed by the owner, with no later contradictory comment in the captured record. Retain the closed state; this triage does not independently claim reporter or runtime acceptance.",https://github.com/mysteropodes/nemo/issues/527; https://github.com/mysteropodes/nemo/issues/527#issuecomment-5481524770; https://github.com/mysteropodes/nemo/pull/231
528," l outil lasso ne s active pas, ne selectionne rien, aucun effet
",OPEN,close_completed,CLOSED,P2,UI,Bug,R13; R18,The owner records the issue as resolved and the cited commit or merged PR is an ancestor of current origin/main. No later contrary report is captured; reporter/runtime acceptance is not independently recorded.,https://github.com/mysteropodes/nemo/issues/528; https://github.com/mysteropodes/nemo/issues/528#issuecomment-5481525242; https://github.com/mysteropodes/nemo/pull/277; https://github.com/mysteropodes/nemo/commit/ff24dab64e18e576ce7b87a5f59ff7f3a32864be
529,"pour le texte encore à travaillé, pas de resize de la bounding box, quand on dou",CLOSED,retain_closed,CLOSED,P2,UI,Feature,R13; R18,"Already closed by the owner, with no later contradictory comment in the captured record. Retain the closed state; this triage does not independently claim reporter or runtime acceptance.",https://github.com/mysteropodes/nemo/issues/529; https://github.com/mysteropodes/nemo/issues/529#issuecomment-5481525480
530,le color picker doit récupérer la couleur mais aussi la brush preset quand y en ,CLOSED,retain_closed,CLOSED,P3,UI,Feature,R13; R18,"Already closed by the owner, with no later contradictory comment in the captured record. Retain the closed state; this triage does not independently claim reporter or runtime acceptance.",https://github.com/mysteropodes/nemo/issues/530; https://github.com/mysteropodes/nemo/issues/530#issuecomment-5481525819; https://github.com/mysteropodes/nemo/pull/235
531,on doit pouvoir mettre en favoris une brush dans les submenu de brush et celle c,CLOSED,retain_closed,CLOSED,P3,UI,Feature,R13; R18,"Already closed by the owner, with no later contradictory comment in the captured record. Retain the closed state; this triage does not independently claim reporter or runtime acceptance.",https://github.com/mysteropodes/nemo/issues/531; https://github.com/mysteropodes/nemo/issues/531#issuecomment-5481526132; https://github.com/mysteropodes/nemo/pull/236
532,si je select une brush avec texture vecto et que je change sa width cela n'agit ,CLOSED,retain_closed,CLOSED,P1,Renderer,Bug,R16; R17; R18,"Already closed by the owner, with no later contradictory comment in the captured record. Retain the closed state; this triage does not independently claim reporter or runtime acceptance.",https://github.com/mysteropodes/nemo/issues/532; https://github.com/mysteropodes/nemo/issues/532#issuecomment-5481526520; https://github.com/mysteropodes/nemo/pull/237
533,"pour le texte pourquoi quand je créé une box de texte, un M apparait décalé alor",CLOSED,retain_closed,CLOSED,P2,UI,Bug,R13; R18,"Already closed by the owner, with no later contradictory comment in the captured record. Retain the closed state; this triage does not independently claim reporter or runtime acceptance.",https://github.com/mysteropodes/nemo/issues/533; https://github.com/mysteropodes/nemo/issues/533#issuecomment-5481526769; https://github.com/mysteropodes/nemo/pull/238
534,la timeline ne va pas jusqu'au bout de l'écran en fonction de la taille de la fe,CLOSED,retain_closed,CLOSED,P3,UI,Bug,R13; R18,"Already closed by the owner, with no later contradictory comment in the captured record. Retain the closed state; this triage does not independently claim reporter or runtime acceptance.",https://github.com/mysteropodes/nemo/issues/534; https://github.com/mysteropodes/nemo/issues/534#issuecomment-5481527066; https://github.com/mysteropodes/nemo/pull/239
535,le lettre de raccourcis doivent être en bas à gauche des boutons car elles cache,CLOSED,retain_closed,CLOSED,P3,UI,Feature,R13; R18,"Already closed by the owner, with no later contradictory comment in the captured record. Retain the closed state; this triage does not independently claim reporter or runtime acceptance.",https://github.com/mysteropodes/nemo/issues/535; https://github.com/mysteropodes/nemo/issues/535#issuecomment-5481527394; https://github.com/mysteropodes/nemo/pull/240
536,je n'ai toujours que un choix de typo si je veux changer,CLOSED,retain_closed,CLOSED,P2,UI,Feature,R13; R18,"Already closed by the owner, with no later contradictory comment in the captured record. Retain the closed state; this triage does not independently claim reporter or runtime acceptance.",https://github.com/mysteropodes/nemo/issues/536; https://github.com/mysteropodes/nemo/issues/536#issuecomment-5481527612; https://github.com/mysteropodes/nemo/pull/241
537,pour les typo dans layer Properties je n'ai toujours pas d'option pour animer le,CLOSED,retain_closed,CLOSED,P1,Animation,Feature,R08; R13; R18,"Maintainer explicitly closed the delivered scope and deferred residual capability or reproduction pending a more specific need/report. No later contradictory evidence appears; preserve that decision. The text animator path landed and was tested, but the issue explicitly requested text-on-path and the owner did not verify that Follow Path works per glyph. ",https://github.com/mysteropodes/nemo/issues/537; https://github.com/mysteropodes/nemo/issues/537#issuecomment-5481528031; https://github.com/mysteropodes/nemo/pull/242
538,encore des probleme sur le width de la stroke en real time quand je select une s,OPEN,keep_validate,OPEN,P1,Renderer,Bug,R16; R18; R12,The owner could not reproduce the reported live stroke-width failure and no corrective commit is cited. Keep for a precise fixture or reporter reproduction rather than closing from a non-reproduction.,https://github.com/mysteropodes/nemo/issues/538; https://github.com/mysteropodes/nemo/issues/538#issuecomment-5481528300
539,les inbetween faites sur une stroke brush preset vector n'est pas fidele au rend,CLOSED,retain_closed,CLOSED,P1,Renderer,Bug,R16; R17; R18,"Already closed by the owner, with no later contradictory comment in the captured record. Retain the closed state; this triage does not independently claim reporter or runtime acceptance.",https://github.com/mysteropodes/nemo/issues/539; https://github.com/mysteropodes/nemo/issues/539#issuecomment-5481528713
540,quand on color pick une brush preset et que l'on prend la brush pour dessiner av,CLOSED,retain_closed,CLOSED,P2,UI,Bug,R13; R18,"Already closed by the owner, with no later contradictory comment in the captured record. Retain the closed state; this triage does not independently claim reporter or runtime acceptance.",https://github.com/mysteropodes/nemo/issues/540; https://github.com/mysteropodes/nemo/issues/540#issuecomment-5481528913
541,des lenteurs dans l'edition de curves,OPEN,close_completed,CLOSED,P1,Animation,Bug,R08; R13; R18; R19,The owner records the issue as resolved and the cited commit or merged PR is an ancestor of current origin/main. No later contrary report is captured; reporter/runtime acceptance is not independently recorded.,https://github.com/mysteropodes/nemo/issues/541; https://github.com/mysteropodes/nemo/issues/541#issuecomment-5481529296; https://github.com/mysteropodes/nemo/pull/278; https://github.com/mysteropodes/nemo/commit/3fcf55c7804efc9804f8981f29ff46dd54b8bf9b
542,il manque une fonction pour supprimer les tween en clic droit dessus sans suprim,CLOSED,retain_closed,CLOSED,P2,Animation,Bug,R08; R13; R18,"Already closed by the owner, with no later contradictory comment in the captured record. Retain the closed state; this triage does not independently claim reporter or runtime acceptance.",https://github.com/mysteropodes/nemo/issues/542; https://github.com/mysteropodes/nemo/issues/542#issuecomment-5481529686
543,le rond de guide de la gomme est en decalage par rapport à la souris,CLOSED,retain_closed,CLOSED,P3,UI,Bug,R13; R18,"Already closed by the owner, with no later contradictory comment in the captured record. Retain the closed state; this triage does not independently claim reporter or runtime acceptance.",https://github.com/mysteropodes/nemo/issues/543; https://github.com/mysteropodes/nemo/issues/543#issuecomment-5481530068
544,aprés avoir utilisé sculpt vector dans labs j'ai des lags sur l'affichage et les,OPEN,close_completed,CLOSED,P1,Renderer,Bug,R16; R18; R19,The owner records the issue as resolved and the cited commit or merged PR is an ancestor of current origin/main. No later contrary report is captured; reporter/runtime acceptance is not independently recorded.,https://github.com/mysteropodes/nemo/issues/544; https://github.com/mysteropodes/nemo/issues/544#issuecomment-5481530423; https://github.com/mysteropodes/nemo/pull/279; https://github.com/mysteropodes/nemo/commit/c3507fe7e565ab11f11bfdf1fd50f8a29f9d8a7a
545,le lasso ne coupe le stroke avec le fill,OPEN,keep_open,OPEN,P1,Renderer,Bug,R16; R17; R18; R12,The owner confirms the current intersection tool cuts the stroke but intentionally leaves the fill whole. The requested simultaneous fill split remains a larger geometry feature and is still open.,https://github.com/mysteropodes/nemo/issues/545; https://github.com/mysteropodes/nemo/issues/545#issuecomment-5481530851
546,ici il faudrait avoir la possibilité d'animé le parentage 0 à 100% pour deparent,CLOSED,retain_closed,CLOSED,P2,Animation,Feature,R08; R13; R18,"Already closed by the owner, with no later contradictory comment in the captured record. Retain the closed state; this triage does not independently claim reporter or runtime acceptance.",https://github.com/mysteropodes/nemo/issues/546; https://github.com/mysteropodes/nemo/issues/546#issuecomment-5481531078
547,ici l'order n'a pas l'air de marcher l'élement ne passe pas en dessous de l'autr,CLOSED,retain_closed,CLOSED,P1,Renderer,Bug,R16; R17; R18,"Maintainer explicitly closed the delivered scope and deferred residual capability or reproduction pending a more specific need/report. No later contradictory evidence appears; preserve that decision. PR #245, merged into current main, adds a warning only. Animated Order remains unsupported in the Paper.js fallback, so the reported behavior remains real when WebGPU is unavailable.",https://github.com/mysteropodes/nemo/issues/547; https://github.com/mysteropodes/nemo/issues/547#issuecomment-5481531455; https://github.com/mysteropodes/nemo/pull/245
548,possible de scale en width ou height séparemenant sur la bounding box d'un éléme,CLOSED,retain_closed,CLOSED,P2,UI,Feature,R13; R18,"Already closed by the owner, with no later contradictory comment in the captured record. Retain the closed state; this triage does not independently claim reporter or runtime acceptance.",https://github.com/mysteropodes/nemo/issues/548; https://github.com/mysteropodes/nemo/issues/548#issuecomment-5481531759
549,pour les graph de tween dans animation 2D il faudrait pouvoir resize vers le bas,OPEN,close_completed,CLOSED,P2,Animation,Feature,R08; R13; R18,The owner records the issue as resolved and the cited commit or merged PR is an ancestor of current origin/main. No later contrary report is captured; reporter/runtime acceptance is not independently recorded.,https://github.com/mysteropodes/nemo/issues/549; https://github.com/mysteropodes/nemo/issues/549#issuecomment-5481532186; https://github.com/mysteropodes/nemo/pull/281; https://github.com/mysteropodes/nemo/commit/0ae69c0d76f4df06c74693e4483271e750aa060e
550,La brush ne revient pas aux derniers parametres de reglages lorsque je change te,OPEN,close_completed,CLOSED,P2,UI,Feature,R13; R18,The owner records the issue as resolved and the cited commit or merged PR is an ancestor of current origin/main. No later contrary report is captured; reporter/runtime acceptance is not independently recorded.,https://github.com/mysteropodes/nemo/issues/550; https://github.com/mysteropodes/nemo/issues/550#issuecomment-5481532501; https://github.com/mysteropodes/nemo/pull/276; https://github.com/mysteropodes/nemo/commit/2b48f4d106dc722448fa48c2eec52ead7aae6376
551,"dans le tool option de la brush, il serait bien de pouvoir s en enregistrer quel",OPEN,close_completed,CLOSED,P2,UI,Feature,R13; R18,The owner records the issue as resolved and the cited commit or merged PR is an ancestor of current origin/main. No later contrary report is captured; reporter/runtime acceptance is not independently recorded.,https://github.com/mysteropodes/nemo/issues/551; https://github.com/mysteropodes/nemo/issues/551#issuecomment-5481532796; https://github.com/mysteropodes/nemo/commit/647ef3781a5222a0126c67800efdc9f1c9e62aa7
552,ca vaudrait le coup d avoir comme dans animate la possibilité de convertir les l,OPEN,close_completed,CLOSED,P2,Renderer,Feature,R16; R17; R18,The owner records the issue as resolved and the cited commit or merged PR is an ancestor of current origin/main. No later contrary report is captured; reporter/runtime acceptance is not independently recorded.,https://github.com/mysteropodes/nemo/issues/552; https://github.com/mysteropodes/nemo/issues/552#issuecomment-5481533186; https://github.com/mysteropodes/nemo/commit/117eb59a52a9f3bf4c546ca6ffcd95e17ea836b9
553,si je fait une shape avec brush avec stroke + fill et que je deplace shape dans ,OPEN,close_completed,CLOSED,P2,Animation,Bug,R08; R13; R18,The owner records the issue as resolved and the cited commit or merged PR is an ancestor of current origin/main. No later contrary report is captured; reporter/runtime acceptance is not independently recorded.,https://github.com/mysteropodes/nemo/issues/553; https://github.com/mysteropodes/nemo/issues/553#issuecomment-5481533547; https://github.com/mysteropodes/nemo/pull/280; https://github.com/mysteropodes/nemo/commit/3496001a57a0c32b88e349e38fe9372249c9880b
554,"le smooth sur une stroke marche toujours mal, ça casse la courbe au lieu de liss",OPEN,keep_validate,OPEN,P1,Renderer,Bug,R16; R17; R18; R12,"PR #300 and its merge are in current main and fix pressure-ribbon self-intersections, but the owner explicitly says the original Smooth/GPU symptom was not conclusively reproduced and the live preview can still self-intersect. Keep for targeted runtime validation.",https://github.com/mysteropodes/nemo/issues/554; https://github.com/mysteropodes/nemo/issues/554#issuecomment-5481533930; https://github.com/mysteropodes/nemo/pull/300; https://github.com/mysteropodes/nemo/commit/71f851371f42f5b0df5cf463f4bf59b520319566
555,labs est toujours en françaos dans la version anglaise et beaucoup de tooltip au,CLOSED,retain_closed,CLOSED,P3,UI,Bug,R13; R18,"Already closed by the owner, with no later contradictory comment in the captured record. Retain the closed state; this triage does not independently claim reporter or runtime acceptance.",https://github.com/mysteropodes/nemo/issues/555; https://github.com/mysteropodes/nemo/issues/555#issuecomment-5481534138
556,quand je met une vidéo dans media preset celle ci apparait directement avec une ,CLOSED,retain_closed,CLOSED,P3,Media,Bug,R04; R18; R21,"Already closed by the owner, with no later contradictory comment in the captured record. Retain the closed state; this triage does not independently claim reporter or runtime acceptance.",https://github.com/mysteropodes/nemo/issues/556; https://github.com/mysteropodes/nemo/issues/556#issuecomment-5481534439
557,la touche supprimer ne marche pas pour supprimer un calque dans la timeline,CLOSED,retain_closed,CLOSED,P2,UI,Bug,R13; R18,"Already closed by the owner, with no later contradictory comment in the captured record. Retain the closed state; this triage does not independently claim reporter or runtime acceptance.",https://github.com/mysteropodes/nemo/issues/557; https://github.com/mysteropodes/nemo/issues/557#issuecomment-5481534821
558,le parent in time pour les keyframes: avec alt aucun petit rond n'apparait pour ,OPEN,close_completed,CLOSED,P3,Animation,Feature,R08; R13; R18,The owner records the issue as resolved and the cited commit or merged PR is an ancestor of current origin/main. No later contrary report is captured; reporter/runtime acceptance is not independently recorded.,https://github.com/mysteropodes/nemo/issues/558; https://github.com/mysteropodes/nemo/issues/558#issuecomment-5481535489; https://github.com/mysteropodes/nemo/pull/275; https://github.com/mysteropodes/nemo/commit/f9b650b947d378a60abae7985b93d6b890639a6f
559,dans le panel media et preset> media il faudrait voir apparaitre les différents ,CLOSED,retain_closed,CLOSED,P2,Document,Feature,R09; R18; R20,"Already closed by the owner, with no later contradictory comment in the captured record. Retain the closed state; this triage does not independently claim reporter or runtime acceptance.",https://github.com/mysteropodes/nemo/issues/559; https://github.com/mysteropodes/nemo/issues/559#issuecomment-5481535508
560,si j'utilise une brush texturé vector que je veux faire un fill en fermant la fo,CLOSED,retain_closed,CLOSED,P0,Renderer,Bug,R16; R17; R18,"Already closed by the owner, with no later contradictory comment in the captured record. Retain the closed state; this triage does not independently claim reporter or runtime acceptance.",https://github.com/mysteropodes/nemo/issues/560; https://github.com/mysteropodes/nemo/issues/560#issuecomment-5481535912
561,encore beaucoup de lenteur sur le fill et ça prend pas bien tout le contour,OPEN,close_completed,CLOSED,P1,Renderer,Bug,R16; R17; R18; R19,The owner records the issue as resolved and the cited commit or merged PR is an ancestor of current origin/main. No later contrary report is captured; reporter/runtime acceptance is not independently recorded.,https://github.com/mysteropodes/nemo/issues/561; https://github.com/mysteropodes/nemo/issues/561#issuecomment-5481536231; https://github.com/mysteropodes/nemo/pull/273; https://github.com/mysteropodes/nemo/commit/7cbc7c3c9a3dc47a018aae7f1e00b1fd5e9ed611
562,J'aimerais que tu t'attaques à l'outil de rig sur lequel je ne suis pas encore s,OPEN,close_completed,CLOSED,P1,Animation,Feature,R08; R13; R18,The owner records the issue as resolved and the cited commit or merged PR is an ancestor of current origin/main. No later contrary report is captured; reporter/runtime acceptance is not independently recorded.,https://github.com/mysteropodes/nemo/issues/562; https://github.com/mysteropodes/nemo/issues/562#issuecomment-5481536661; https://github.com/mysteropodes/nemo/commit/72e6915698cee40ec670c222e4301eefb8c17742
563,Les expressions ne sont pas encore très clair à utilisé il faudrait un menu dans,OPEN,close_completed,CLOSED,P2,Animation,Feature,R08; R13; R18,The owner records the issue as resolved and the cited commit or merged PR is an ancestor of current origin/main. No later contrary report is captured; reporter/runtime acceptance is not independently recorded.,https://github.com/mysteropodes/nemo/issues/563; https://github.com/mysteropodes/nemo/issues/563#issuecomment-5481536910; https://github.com/mysteropodes/nemo/commit/71014fc2decfea70f56386d560e5cb313d46755e
564,Pourquoi les fichier json d'enregistrement sont si lourd ? ,OPEN,keep_open,OPEN,P1,Document,Bug,R09; R18; R20,"Commit 1c57aa6 is in current main and reduces coordinate precision bloat, but the owner identifies an unfixed second cause: repeated base64 image data lacks asset deduplication and migration.",https://github.com/mysteropodes/nemo/issues/564; https://github.com/mysteropodes/nemo/issues/564#issuecomment-5481537234; https://github.com/mysteropodes/nemo/commit/1c57aa6d07734bb736c7486c383de87c927cb9fb
565,Voir comment on peut attribué un nom dynamique aux différents utilisateurs qui i,OPEN,close_completed,CLOSED,P3,DevEx,Feature,R01; R07,The owner records the issue as resolved and the cited commit or merged PR is an ancestor of current origin/main. No later contrary report is captured; reporter/runtime acceptance is not independently recorded.,https://github.com/mysteropodes/nemo/issues/565; https://github.com/mysteropodes/nemo/issues/565#issuecomment-5481537525; https://github.com/mysteropodes/nemo/commit/3ad142cedd68af051a008237d17f0cc02462ff34
566,je pense que le fill peut être encore travaillé pour une meilleur reconnaissance,OPEN,close_completed,CLOSED,P1,Renderer,Bug,R16; R17; R18,The owner records the issue as resolved and the cited commit or merged PR is an ancestor of current origin/main. No later contrary report is captured; reporter/runtime acceptance is not independently recorded.,https://github.com/mysteropodes/nemo/issues/566; https://github.com/mysteropodes/nemo/issues/566#issuecomment-5481537943; https://github.com/mysteropodes/nemo/commit/f3debbd471f3078ed8f7aee3c9c3fb39a02df7a6
567,"où est la propagation de la couleurs aux autres frames, il la faudrait au clic d",OPEN,close_completed,CLOSED,P2,Animation,Feature,R08; R13; R18,The owner records the issue as resolved and the cited commit or merged PR is an ancestor of current origin/main. No later contrary report is captured; reporter/runtime acceptance is not independently recorded.,https://github.com/mysteropodes/nemo/issues/567; https://github.com/mysteropodes/nemo/issues/567#issuecomment-5481538260; https://github.com/mysteropodes/nemo/commit/f8cbe6c22ff6ea7e552325f3e67916a2a924a19a
568,pourquoi la propagation n'a pas marché ici ?,OPEN,close_completed,CLOSED,P2,Animation,Bug,R08; R13; R18,The owner records the issue as resolved and the cited commit or merged PR is an ancestor of current origin/main. No later contrary report is captured; reporter/runtime acceptance is not independently recorded.,https://github.com/mysteropodes/nemo/issues/568; https://github.com/mysteropodes/nemo/issues/568#issuecomment-5481538743; https://github.com/mysteropodes/nemo/commit/8f578908e5cbfb1d3ec5421dd1f51b5702a29715
569,il faudrait que tu fasse un topo de ce qui a déjà été implémenter dans labs qui ,OPEN,close_completed,CLOSED,P3,DevEx,Task,R18; R20,"The requested Labs source audit was delivered in the owner comment, including loaded/dead inventory and promotion choices. Treat cleanup or promotion implementation as separate R18/R20 follow-ups; no runtime acceptance is claimed.",https://github.com/mysteropodes/nemo/issues/569; https://github.com/mysteropodes/nemo/issues/569#issuecomment-5481539070
570,dans motion> timeline> propertie scale il manque le cadenas pour que le x et y s,OPEN,close_completed,CLOSED,P2,Animation,Feature,R08; R13; R18,The owner records the issue as resolved and the cited commit or merged PR is an ancestor of current origin/main. No later contrary report is captured; reporter/runtime acceptance is not independently recorded.,https://github.com/mysteropodes/nemo/issues/570; https://github.com/mysteropodes/nemo/issues/570#issuecomment-5481539487; https://github.com/mysteropodes/nemo/commit/46499dd2552cd0a4df881f3dc0b448486060b48e
571,dans config>update sur la version web ça serait bien d'avoir les derniers update,OPEN,close_completed,CLOSED,P3,Platform,Feature,R09; R21,The owner records the issue as resolved and the cited commit or merged PR is an ancestor of current origin/main. No later contrary report is captured; reporter/runtime acceptance is not independently recorded.,https://github.com/mysteropodes/nemo/issues/571; https://github.com/mysteropodes/nemo/issues/571#issuecomment-5481539871; https://github.com/mysteropodes/nemo/commit/586977754e2b09e0bba0a2820d39216bc94c5a3a
572,voir si y a pas moyen quand utilise l'outil subslect et vector scult sur un twee,OPEN,close_completed,CLOSED,P1,Animation,Feature,R08; R13; R18,The owner records the issue as resolved and the cited commit or merged PR is an ancestor of current origin/main. No later contrary report is captured; reporter/runtime acceptance is not independently recorded.,https://github.com/mysteropodes/nemo/issues/572; https://github.com/mysteropodes/nemo/issues/572#issuecomment-5481540210; https://github.com/mysteropodes/nemo/pull/294
573,"pour la propagation de couleur de remplissage, il manque parfois des frames alor",OPEN,close_completed,CLOSED,P1,Animation,Bug,R08; R13; R18,The owner records the issue as resolved and the cited commit or merged PR is an ancestor of current origin/main. No later contrary report is captured; reporter/runtime acceptance is not independently recorded.,https://github.com/mysteropodes/nemo/issues/573; https://github.com/mysteropodes/nemo/issues/573#issuecomment-5481540456; https://github.com/mysteropodes/nemo/pull/296; https://github.com/mysteropodes/nemo/commit/912ba6d227bd550e14bc318639ba8b91cd800bd6
574,"quand je bouge un point sur la curve du motion tween dans animation 2D, parfois ",CLOSED,retain_closed,CLOSED,P1,Animation,Bug,R08; R13; R18,"Already closed by the owner, with no later contradictory comment in the captured record. Retain the closed state; this triage does not independently claim reporter or runtime acceptance.",https://github.com/mysteropodes/nemo/issues/574; https://github.com/mysteropodes/nemo/issues/574#issuecomment-5481540981; https://github.com/mysteropodes/nemo/pull/295; https://github.com/mysteropodes/nemo/commit/6d70ca521d75d781d1f729a454cbb038b3c4a09b
575,pourquoi les points de tracé ne correspondent pas à la forme dessiné ?,OPEN,close_completed,CLOSED,P1,UI,Bug,R13; R18,The owner records the issue as resolved and the cited commit or merged PR is an ancestor of current origin/main. No later contrary report is captured; reporter/runtime acceptance is not independently recorded.,https://github.com/mysteropodes/nemo/issues/575; https://github.com/mysteropodes/nemo/issues/575#issuecomment-5481541286; https://github.com/mysteropodes/nemo/pull/298; https://github.com/mysteropodes/nemo/commit/c8b03507401a8914f455df30e13e7f421a1c93cc
576,pblm d'affichage des keyframe aprés avoir utilisé l'outil d'harmonize adjacent k,OPEN,close_completed,CLOSED,P1,Animation,Bug,R08; R13; R18,The owner records the issue as resolved and the cited commit or merged PR is an ancestor of current origin/main. No later contrary report is captured; reporter/runtime acceptance is not independently recorded.,https://github.com/mysteropodes/nemo/issues/576; https://github.com/mysteropodes/nemo/issues/576#issuecomment-5481541669; https://github.com/mysteropodes/nemo/pull/297; https://github.com/mysteropodes/nemo/commit/2338bc4ad34a3328553873ca5405f31aafc0e9af
577,si j'utilise harmonize adjacent keyframe dans un tween où une clé à déjà été har,OPEN,close_completed,CLOSED,P2,Animation,Task,R08; R13; R18,"The owner directly verified that current-main behavior already satisfies the request, so no code change was required. No later contrary report is captured; this supports closure without implying reporter acceptance.",https://github.com/mysteropodes/nemo/issues/577; https://github.com/mysteropodes/nemo/issues/577#issuecomment-5481541910
578,l'editeur de courbe dans motion un peu dur à controlé parfois et pas hyper clair,OPEN,close_completed,CLOSED,P1,Animation,Bug,R08; R13; R18; R19,The owner records the issue as resolved and the cited commit or merged PR is an ancestor of current origin/main. No later contrary report is captured; reporter/runtime acceptance is not independently recorded.,https://github.com/mysteropodes/nemo/issues/578; https://github.com/mysteropodes/nemo/issues/578#issuecomment-5481542291; https://github.com/mysteropodes/nemo/pull/302; https://github.com/mysteropodes/nemo/commit/e0a20b5a222ca1a93facb4892b6b5ef8bcea397a
579,le scult brush marche pas sur des stroke texturé,CLOSED,retain_closed,CLOSED,P1,Renderer,Bug,R16; R17; R18,"Already closed by the owner, with no later contradictory comment in the captured record. Retain the closed state; this triage does not independently claim reporter or runtime acceptance.",https://github.com/mysteropodes/nemo/issues/579; https://github.com/mysteropodes/nemo/issues/579#issuecomment-5481542616; https://github.com/mysteropodes/nemo/pull/301; https://github.com/mysteropodes/nemo/commit/820672c1c3efda5799a973d9a1b67b35142302f2
580,probleme de conformation d'ui design dans animer le texte et de langue aussi,OPEN,close_completed,CLOSED,P3,UI,Bug,R13; R18,The owner records the issue as resolved and the cited commit or merged PR is an ancestor of current origin/main. No later contrary report is captured; reporter/runtime acceptance is not independently recorded.,https://github.com/mysteropodes/nemo/issues/580; https://github.com/mysteropodes/nemo/issues/580#issuecomment-5481543056; https://github.com/mysteropodes/nemo/pull/303; https://github.com/mysteropodes/nemo/commit/171bbdd5adaf03d8ff882a0310fa624e5a24c8cd
581,petit pblm de box de slection de text entre animation2D et motion,OPEN,close_completed,CLOSED,P1,UI,Bug,R13; R18,The owner records the issue as resolved and the cited commit or merged PR is an ancestor of current origin/main. No later contrary report is captured; reporter/runtime acceptance is not independently recorded.,https://github.com/mysteropodes/nemo/issues/581; https://github.com/mysteropodes/nemo/issues/581#issuecomment-5481543401; https://github.com/mysteropodes/nemo/pull/305; https://github.com/mysteropodes/nemo/commit/da766689479ec4c695cf9873d2103257291a59a2
582,l'animation de texte marche bien mais pas de keyframes visible appliqué dans la ,OPEN,close_completed,CLOSED,P1,Animation,Bug,R08; R13; R18,The owner records the issue as resolved and the cited commit or merged PR is an ancestor of current origin/main. No later contrary report is captured; reporter/runtime acceptance is not independently recorded.,https://github.com/mysteropodes/nemo/issues/582; https://github.com/mysteropodes/nemo/issues/582#issuecomment-5481543718; https://github.com/mysteropodes/nemo/pull/304; https://github.com/mysteropodes/nemo/commit/348927c238d889a5f48c6543aaa7227a559bcfd4
583,animate text est toujours en français fait attention que l'anglais n'est pas de ,OPEN,close_completed,CLOSED,P3,UI,Bug,R13; R18,The owner records the issue as resolved and the cited commit or merged PR is an ancestor of current origin/main. No later contrary report is captured; reporter/runtime acceptance is not independently recorded.,https://github.com/mysteropodes/nemo/issues/583; https://github.com/mysteropodes/nemo/issues/583#issuecomment-5481544010; https://github.com/mysteropodes/nemo/pull/303; https://github.com/mysteropodes/nemo/commit/171bbdd5adaf03d8ff882a0310fa624e5a24c8cd
584,"dans position du layer j'ai mis ce qu'il yavait en exemple value + wiggle(2, 10)",OPEN,close_completed,CLOSED,P1,Animation,Bug,R08; R13; R18,The owner records the issue as resolved and the cited commit or merged PR is an ancestor of current origin/main. No later contrary report is captured; reporter/runtime acceptance is not independently recorded.,https://github.com/mysteropodes/nemo/issues/584; https://github.com/mysteropodes/nemo/issues/584#issuecomment-5481544326; https://github.com/mysteropodes/nemo/pull/307; https://github.com/mysteropodes/nemo/commit/00b4f85d87ca8a0c7b8926565c5070a3e1089d64
585,si je dessinne dans le layer dont la position à été changé dans motion alors le ,OPEN,close_completed,CLOSED,P1,Animation,Bug,R09; R08; R13; R18,The owner records the issue as resolved and the cited commit or merged PR is an ancestor of current origin/main. No later contrary report is captured; reporter/runtime acceptance is not independently recorded.,https://github.com/mysteropodes/nemo/issues/585; https://github.com/mysteropodes/nemo/issues/585#issuecomment-5481544832; https://github.com/mysteropodes/nemo/pull/308; https://github.com/mysteropodes/nemo/pull/315; https://github.com/mysteropodes/nemo/commit/a83325f4cd5e4636b7777cee8d92a79e3afd95e6; https://github.com/mysteropodes/nemo/commit/fc38f370e6839a271d3854c1e9d9a17252d1339f
586,"on peut éclater des layer en plusieurs calque mais pas les merger, il faudrait p",OPEN,close_completed,CLOSED,P2,Document,Feature,R09; R18; R20,"The owner directly verified that current-main behavior already satisfies the request, so no code change was required. No later contrary report is captured; this supports closure without implying reporter acceptance.",https://github.com/mysteropodes/nemo/issues/586; https://github.com/mysteropodes/nemo/issues/586#issuecomment-5481545249
587,des difficulté à attrapé le in point d'un layer quand il est au tout debut et va,OPEN,close_completed,CLOSED,P2,Animation,Bug,R08; R13; R18,The owner records the issue as resolved and the cited commit or merged PR is an ancestor of current origin/main. No later contrary report is captured; reporter/runtime acceptance is not independently recorded.,https://github.com/mysteropodes/nemo/issues/587; https://github.com/mysteropodes/nemo/issues/587#issuecomment-5481545553; https://github.com/mysteropodes/nemo/pull/313; https://github.com/mysteropodes/nemo/commit/77b8eb038d106f4b4f1bd1b111e465f3139023c0
588,il faudrait que tu vois comment faire pour importer des artboard figma dans némo,OPEN,keep_open,OPEN,P1,Document,Feature,R09; R18; R20,"PRs #310 and #312 are merged into current main, but the delivered Figma v1 omits Auto Layout, gradients, component overrides, and effects and was not tested end to end with a real token/file. Keep the broader import-fidelity work open.",https://github.com/mysteropodes/nemo/issues/588; https://github.com/mysteropodes/nemo/issues/588#issuecomment-5481545983; https://github.com/mysteropodes/nemo/pull/310; https://github.com/mysteropodes/nemo/pull/312; https://github.com/mysteropodes/nemo/commit/b3231dd4268a548abca326ef5c657b401309cc8c
589,"le scult deform n'est pas en temps réel sur une brush avec un preset, il faudrai",OPEN,close_completed,CLOSED,P1,Renderer,Bug,R16; R17; R18; R19,The owner records the issue as resolved and the cited commit or merged PR is an ancestor of current origin/main. No later contrary report is captured; reporter/runtime acceptance is not independently recorded.,https://github.com/mysteropodes/nemo/issues/589; https://github.com/mysteropodes/nemo/issues/589#issuecomment-5481546301; https://github.com/mysteropodes/nemo/pull/306; https://github.com/mysteropodes/nemo/commit/b363eb6120c515f063757ccca4090dca4bad1f91
590,les différents projets ouvert dans némo (onglet de projet) devraient apparaitren,OPEN,close_completed,CLOSED,P2,Document,Feature,R09; R18; R20,The owner records the issue as resolved and the cited commit or merged PR is an ancestor of current origin/main. No later contrary report is captured; reporter/runtime acceptance is not independently recorded.,https://github.com/mysteropodes/nemo/issues/590; https://github.com/mysteropodes/nemo/issues/590#issuecomment-5481546591; https://github.com/mysteropodes/nemo/pull/309; https://github.com/mysteropodes/nemo/commit/0d2bcac1550cad90ed496c5de245d9b6ba35b41c
591,"il faudrait un render manager un peu plus pousser, la possibilité d'envoyé diffé",OPEN,keep_open,OPEN,P1,Media,Feature,R04; R18; R21,"PR #311 is merged into current main and adds a batch queue, but the requested multi-composition source workflow is explicitly not connected. Keep that remaining Render Manager capability open.",https://github.com/mysteropodes/nemo/issues/591; https://github.com/mysteropodes/nemo/issues/591#issuecomment-5481546965; https://github.com/mysteropodes/nemo/pull/311; https://github.com/mysteropodes/nemo/commit/d6f4126d628b2a5c5e234f8d99e9c633e70238b2
592,ce panel devrait apparraitre directement dans le panel droit text et surtout êtr,OPEN,close_completed,CLOSED,P3,UI,Feature,R13; R18,The owner records the issue as resolved and the cited commit or merged PR is an ancestor of current origin/main. No later contrary report is captured; reporter/runtime acceptance is not independently recorded.,https://github.com/mysteropodes/nemo/issues/592; https://github.com/mysteropodes/nemo/issues/592#issuecomment-5481547279; https://github.com/mysteropodes/nemo/pull/316; https://github.com/mysteropodes/nemo/pull/317; https://github.com/mysteropodes/nemo/commit/229ce666b744fb10c939e94d7818de6053a6c705; https://github.com/mysteropodes/nemo/commit/3372515f774c179e3d3b991a416a3142344ac84f
593,toujours pas de keyframes de properties par rapport au animation de texte dans l,CLOSED,retain_closed,CLOSED,P1,Animation,Bug,R08; R13; R18,"Already closed by the owner, with no later contradictory comment in the captured record. Retain the closed state; this triage does not independently claim reporter or runtime acceptance.",https://github.com/mysteropodes/nemo/issues/593; https://github.com/mysteropodes/nemo/pull/314
594,"petit pblm de mise en page, d'import d'image et de couleur sur l'import figma et",OPEN,close_completed,CLOSED,P2,Document,Bug,R09; R18; R20,The owner records the issue as resolved and the cited commit or merged PR is an ancestor of current origin/main. No later contrary report is captured; reporter/runtime acceptance is not independently recorded.,https://github.com/mysteropodes/nemo/issues/594; https://github.com/mysteropodes/nemo/issues/594#issuecomment-5481548074; https://github.com/mysteropodes/nemo/pull/375; https://github.com/mysteropodes/nemo/commit/d483a13396e399c4af3e7d5246bfd916bf28ad0a; https://github.com/mysteropodes/nemo/commit/7496b20a706687eef98e21c0427f13c9cd33a89a
595,le raccourcis U ne révèle pas toute les keyframes notament des text animation,OPEN,close_completed,CLOSED,P2,Animation,Bug,R08; R13; R18,The owner records the issue as resolved and the cited commit or merged PR is an ancestor of current origin/main. No later contrary report is captured; reporter/runtime acceptance is not independently recorded.,https://github.com/mysteropodes/nemo/issues/595; https://github.com/mysteropodes/nemo/issues/595#issuecomment-5481548482; https://github.com/mysteropodes/nemo/commit/598d32d6eabcfb705d61871f9c7f1f64811f7755
596,le dossier parent ne deplace pas les layers avec lui parent. in time. Danc ce ca,CLOSED,retain_closed,CLOSED,P1,Animation,Bug,R08; R13; R18,"Already closed by the owner, with no later contradictory comment in the captured record. Retain the closed state; this triage does not independently claim reporter or runtime acceptance.",https://github.com/mysteropodes/nemo/issues/596; https://github.com/mysteropodes/nemo/issues/596#issuecomment-5481548817; https://github.com/mysteropodes/nemo/pull/327; https://github.com/mysteropodes/nemo/commit/d42b46e9447216981a20079a910d764b25d9fbc8
597,impossible de faire du multi select de calque dans animation 2D,CLOSED,retain_closed,CLOSED,P1,UI,Bug,R13; R18,"Already closed by the owner, with no later contradictory comment in the captured record. Retain the closed state; this triage does not independently claim reporter or runtime acceptance.",https://github.com/mysteropodes/nemo/issues/597; https://github.com/mysteropodes/nemo/issues/597#issuecomment-5481549142; https://github.com/mysteropodes/nemo/pull/329; https://github.com/mysteropodes/nemo/commit/824247168d022aa4565e30ea1223f9b790e9994b; https://github.com/mysteropodes/nemo/commit/16f606bc522e55196a31a9fcfdaff295e4cf3924
598,l'icon folder est bien mais quand on clic dessus pour ouvrir faudrait avoir la m,OPEN,close_completed,CLOSED,P3,UI,Feature,R13; R18,The owner records the issue as resolved and the cited commit or merged PR is an ancestor of current origin/main. No later contrary report is captured; reporter/runtime acceptance is not independently recorded.,https://github.com/mysteropodes/nemo/issues/598; https://github.com/mysteropodes/nemo/issues/598#issuecomment-5481549456; https://github.com/mysteropodes/nemo/commit/f2f75240b1ad466b7d7813e80a4d60306565cf8d
599,attention si je select une keyframe plus un in/out point et drag la barre verte ,CLOSED,retain_closed,CLOSED,P1,Animation,Bug,R08; R13; R18,"Already closed by the owner, with no later contradictory comment in the captured record. Retain the closed state; this triage does not independently claim reporter or runtime acceptance.",https://github.com/mysteropodes/nemo/issues/599; https://github.com/mysteropodes/nemo/issues/599#issuecomment-5481549889; https://github.com/mysteropodes/nemo/pull/331; https://github.com/mysteropodes/nemo/commit/9f048a91b370776800a5a11a23826c430bf411bf
600,les expression ont l'air d'agir juste sur la bounding box pas les objets,OPEN,close_completed,CLOSED,P1,Animation,Bug,R08; R13; R18,The owner records the issue as resolved and the cited commit or merged PR is an ancestor of current origin/main. No later contrary report is captured; reporter/runtime acceptance is not independently recorded.,https://github.com/mysteropodes/nemo/issues/600; https://github.com/mysteropodes/nemo/issues/600#issuecomment-5481550268; https://github.com/mysteropodes/nemo/commit/7c2f018fe27b10bd56454396425232626616f8f2
601,ça serait bien d'avoir la possibilité d'attacher un nouvel objet dans une keyfra,OPEN,close_completed,CLOSED,P1,Animation,Feature,R09; R08; R13; R18,The owner records the issue as resolved and the cited commit or merged PR is an ancestor of current origin/main. No later contrary report is captured; reporter/runtime acceptance is not independently recorded.,https://github.com/mysteropodes/nemo/issues/601; https://github.com/mysteropodes/nemo/issues/601#issuecomment-5481550691; https://github.com/mysteropodes/nemo/pull/333
602,impossible de supprimer un point de tangents dans les courbes de tween avec alt ,OPEN,close_completed,CLOSED,P2,Animation,Bug,R08; R13; R18,The owner records the issue as resolved and the cited commit or merged PR is an ancestor of current origin/main. No later contrary report is captured; reporter/runtime acceptance is not independently recorded.,https://github.com/mysteropodes/nemo/issues/602; https://github.com/mysteropodes/nemo/issues/602#issuecomment-5481550992; https://github.com/mysteropodes/nemo/commit/102a7e4a9c62d90fae5968c19fd5c08b634e3879
603,dans le gestionnaire de fichier quand j'importe une vidéo je vois l'icon apparai,OPEN,close_completed,CLOSED,P1,Media,Bug,R04; R18; R21,The owner records the issue as resolved and the cited commit or merged PR is an ancestor of current origin/main. No later contrary report is captured; reporter/runtime acceptance is not independently recorded.,https://github.com/mysteropodes/nemo/issues/603; https://github.com/mysteropodes/nemo/issues/603#issuecomment-5481551318; https://github.com/mysteropodes/nemo/commit/2bd94ea2db751c89f1e88ad914119dc02ddde634
604,"le save as enregistre toujours dans le json les video encoded en base 64, on ava",OPEN,close_completed,CLOSED,P1,Media,Bug,R09; R04; R18; R21,The owner records the issue as resolved and the cited commit or merged PR is an ancestor of current origin/main. No later contrary report is captured; reporter/runtime acceptance is not independently recorded.,https://github.com/mysteropodes/nemo/issues/604; https://github.com/mysteropodes/nemo/issues/604#issuecomment-5481551642; https://github.com/mysteropodes/nemo/pull/350; https://github.com/mysteropodes/nemo/commit/a6667ad6d82d8492feb6dd5b4f46d82493577c17
605,drag le curseur de temps dans motion deslect le calque et donc les objet sur le ,OPEN,close_completed,CLOSED,P1,Animation,Bug,R09; R08; R13; R18,The owner records the issue as resolved and the cited commit or merged PR is an ancestor of current origin/main. No later contrary report is captured; reporter/runtime acceptance is not independently recorded.,https://github.com/mysteropodes/nemo/issues/605; https://github.com/mysteropodes/nemo/issues/605#issuecomment-5481551977; https://github.com/mysteropodes/nemo/commit/c0f3a74e8133bc1d657a0ab2e551bf4927ebf3a6
606,les option de media devrait être dans media et preset pas dans le panel document,OPEN,close_completed,CLOSED,P3,Media,Feature,R04; R18; R21,The owner records the issue as resolved and the cited commit or merged PR is an ancestor of current origin/main. No later contrary report is captured; reporter/runtime acceptance is not independently recorded.,https://github.com/mysteropodes/nemo/issues/606; https://github.com/mysteropodes/nemo/issues/606#issuecomment-5481552298; https://github.com/mysteropodes/nemo/pull/350; https://github.com/mysteropodes/nemo/commit/a6667ad6d82d8492feb6dd5b4f46d82493577c17
607,y a encore du français dans l'anglais notament le petit pop up d'aide qui apparr,OPEN,close_completed,CLOSED,P3,UI,Bug,R13; R18,The owner records the issue as resolved and the cited commit or merged PR is an ancestor of current origin/main. No later contrary report is captured; reporter/runtime acceptance is not independently recorded.,https://github.com/mysteropodes/nemo/issues/607; https://github.com/mysteropodes/nemo/issues/607#issuecomment-5481552673; https://github.com/mysteropodes/nemo/pull/353; https://github.com/mysteropodes/nemo/commit/56fb19c6406c73e443ba358ddd71ffc81eabf956
608,dans media y a des chose qui pourrait apparraitre en bouton icon plus que bouton,OPEN,close_completed,CLOSED,P3,Media,Feature,R04; R18; R21,The owner records the issue as resolved and the cited commit or merged PR is an ancestor of current origin/main. No later contrary report is captured; reporter/runtime acceptance is not independently recorded.,https://github.com/mysteropodes/nemo/issues/608; https://github.com/mysteropodes/nemo/issues/608#issuecomment-5481553000; https://github.com/mysteropodes/nemo/pull/354; https://github.com/mysteropodes/nemo/commit/23a6dcaebff77c25124e13992acfdebac60222ec
609,si je supprime l'image ou vidéo importer sur le canvas je ne peux pas le redrop ,OPEN,keep_open,OPEN,P1,Media,Bug,R09; R04; R18; R21,"PR #359 is merged into current main, but embedded videos whose source layer is deleted still cannot be redropped because the panel retains no reusable bytes. This contradicts the requested panel-level persistence.",https://github.com/mysteropodes/nemo/issues/609; https://github.com/mysteropodes/nemo/issues/609#issuecomment-5481553291; https://github.com/mysteropodes/nemo/pull/359; https://github.com/mysteropodes/nemo/commit/c042c2e111aaab81ac5233d170cd09e3e3196a7d
610,tout ceci pourrait être des icons et même être dans les option de l'éléments imp,OPEN,close_completed,CLOSED,P3,Media,Feature,R04; R18; R21,The owner records the issue as resolved and the cited commit or merged PR is an ancestor of current origin/main. No later contrary report is captured; reporter/runtime acceptance is not independently recorded.,https://github.com/mysteropodes/nemo/issues/610; https://github.com/mysteropodes/nemo/issues/610#issuecomment-5481553639; https://github.com/mysteropodes/nemo/pull/360; https://github.com/mysteropodes/nemo/commit/195a9fc2ec21dc8b4a3d1edffcb163c4b67c5ed7
611,impossible de drag dans le canvas un asset importé dans media et preset,OPEN,close_completed,CLOSED,P1,Media,Bug,R04; R18; R21,The owner records the issue as resolved and the cited commit or merged PR is an ancestor of current origin/main. No later contrary report is captured; reporter/runtime acceptance is not independently recorded.,https://github.com/mysteropodes/nemo/issues/611; https://github.com/mysteropodes/nemo/issues/611#issuecomment-5481553944; https://github.com/mysteropodes/nemo/pull/370; https://github.com/mysteropodes/nemo/commit/1b16a657163735746a9ee775831549d31ce64bd5
612,Hello! ,CLOSED,retain_closed,CLOSED,P3,DevEx,Task,R01,"Already closed by the owner, with no later contradictory comment in the captured record. Retain the closed state; this triage does not independently claim reporter or runtime acceptance.",https://github.com/mysteropodes/nemo/issues/612; https://github.com/mysteropodes/nemo/issues/612#issuecomment-5481554357
613,"If I want to change the radius of one corner now, it rotates back first...",OPEN,close_completed,CLOSED,P1,Renderer,Bug,R16; R17; R18,The owner records the issue as resolved and the cited commit or merged PR is an ancestor of current origin/main. No later contrary report is captured; reporter/runtime acceptance is not independently recorded.,https://github.com/mysteropodes/nemo/issues/613; https://github.com/mysteropodes/nemo/issues/613#issuecomment-5481554623; https://github.com/mysteropodes/nemo/pull/373; https://github.com/mysteropodes/nemo/commit/44b71981ddff069419a5d805a4f08037b54095fd
614,With 'gradient along path' you can't pick a joint option from the right menu.,OPEN,close_completed,CLOSED,P1,Renderer,Bug,R16; R17; R18,The owner records the issue as resolved and the cited commit or merged PR is an ancestor of current origin/main. No later contrary report is captured; reporter/runtime acceptance is not independently recorded.,https://github.com/mysteropodes/nemo/issues/614; https://github.com/mysteropodes/nemo/issues/614#issuecomment-5481554943; https://github.com/mysteropodes/nemo/pull/372; https://github.com/mysteropodes/nemo/commit/cac3efdf2b3398033d2aad5a205ec7571a66106b
615,quand j'ai deux élément sur un même calque et que je double clic avec select j'a,OPEN,close_completed,CLOSED,P2,UI,Bug,R13; R18,The owner records the issue as resolved and the cited commit or merged PR is an ancestor of current origin/main. No later contrary report is captured; reporter/runtime acceptance is not independently recorded.,https://github.com/mysteropodes/nemo/issues/615; https://github.com/mysteropodes/nemo/issues/615#issuecomment-5481555194; https://github.com/mysteropodes/nemo/pull/374; https://github.com/mysteropodes/nemo/commit/ba671361d9822b1b8cae72476ea3b29c1e3a791e
616,au double clic toujours box globale et pas individuelle,OPEN,close_completed,CLOSED,P1,UI,Bug,R13; R18,The owner records the issue as resolved and the cited commit or merged PR is an ancestor of current origin/main. No later contrary report is captured; reporter/runtime acceptance is not independently recorded.,https://github.com/mysteropodes/nemo/issues/616; https://github.com/mysteropodes/nemo/issues/616#issuecomment-5481555510; https://github.com/mysteropodes/nemo/pull/392; https://github.com/mysteropodes/nemo/pull/390; https://github.com/mysteropodes/nemo/commit/2b62a361b25c3a48d3511217cc09fefcd29da0be; https://github.com/mysteropodes/nemo/commit/cfdfffdc07768e3f4b8550c7e657f17e2d271e60
617,si je deselect un objet dupliqué avec duplicator alors impossible de le reselect,OPEN,close_completed,CLOSED,P1,UI,Bug,R13; R18,The owner records the issue as resolved and the cited commit or merged PR is an ancestor of current origin/main. No later contrary report is captured; reporter/runtime acceptance is not independently recorded.,https://github.com/mysteropodes/nemo/issues/617; https://github.com/mysteropodes/nemo/issues/617#issuecomment-5481555816; https://github.com/mysteropodes/nemo/pull/393; https://github.com/mysteropodes/nemo/commit/4f4c8f021377c0aa20ab130c1fbeb89a35ea07e3
618,les effectors de duplication ne sont pas animable il faudrait pouvoir animé et d,OPEN,close_completed,CLOSED,P1,Animation,Feature,R09; R08; R13; R18,The owner records the issue as resolved and the cited commit or merged PR is an ancestor of current origin/main. No later contrary report is captured; reporter/runtime acceptance is not independently recorded.,https://github.com/mysteropodes/nemo/issues/618; https://github.com/mysteropodes/nemo/issues/618#issuecomment-5481556171; https://github.com/mysteropodes/nemo/pull/394; https://github.com/mysteropodes/nemo/pull/402; https://github.com/mysteropodes/nemo/commit/8be2daf5c5a9e5d3ae6729833807df39414aff0c; https://github.com/mysteropodes/nemo/commit/627ab978f9a2d929a3f6ba5a1d2940fff45f1613
619,"sur un objet selectionné fait avec brush, le properties du panel stroke n'agisse",OPEN,close_completed,CLOSED,P2,UI,Bug,R13; R17; R18,The owner records the issue as resolved and the cited commit or merged PR is an ancestor of current origin/main. No later contrary report is captured; reporter/runtime acceptance is not independently recorded.,https://github.com/mysteropodes/nemo/issues/619; https://github.com/mysteropodes/nemo/issues/619#issuecomment-5481556454; https://github.com/mysteropodes/nemo/pull/396; https://github.com/mysteropodes/nemo/commit/429191a0f886a639269e93cae673f6260a472d0c
620,dans motion le double clic dans le canvas sur plusieurs éléments ne révèle toujo,OPEN,close_completed,CLOSED,P1,Animation,Bug,R08; R13; R18,The owner records the issue as resolved and the cited commit or merged PR is an ancestor of current origin/main. No later contrary report is captured; reporter/runtime acceptance is not independently recorded.,https://github.com/mysteropodes/nemo/issues/620; https://github.com/mysteropodes/nemo/issues/620#issuecomment-5481556905; https://github.com/mysteropodes/nemo/pull/395; https://github.com/mysteropodes/nemo/pull/398; https://github.com/mysteropodes/nemo/pull/399; https://github.com/mysteropodes/nemo/commit/9dc4418d6e7b84021ad422b4f1aa59e39ec12df8
621,Je pense que l'onglet document pourrait disparaitre et se mettre comme pour elem,OPEN,close_completed,CLOSED,P3,UI,Feature,R13; R18,The owner records the issue as resolved and the cited commit or merged PR is an ancestor of current origin/main. No later contrary report is captured; reporter/runtime acceptance is not independently recorded.,https://github.com/mysteropodes/nemo/issues/621; https://github.com/mysteropodes/nemo/issues/621#issuecomment-5481557155; https://github.com/mysteropodes/nemo/pull/397; https://github.com/mysteropodes/nemo/commit/cb0e2e52492296b4e4f7d628e84ff20492002058
622,"à mon avis l'onglet layer du panel droit pourrait disparaitre, référence plus be",OPEN,close_completed,CLOSED,P3,UI,Feature,R13; R18,The owner records the issue as resolved and the cited commit or merged PR is an ancestor of current origin/main. No later contrary report is captured; reporter/runtime acceptance is not independently recorded.,https://github.com/mysteropodes/nemo/issues/622; https://github.com/mysteropodes/nemo/issues/622#issuecomment-5481557502; https://github.com/mysteropodes/nemo/pull/406; https://github.com/mysteropodes/nemo/commit/8fc770199389e27eb9b83eba2c86aef2d538e2f2
623,si on select une shape dans dans elements alors dans layer properties on voit le,OPEN,close_completed,CLOSED,P2,UI,Feature,R13; R18,The owner records the issue as resolved and the cited commit or merged PR is an ancestor of current origin/main. No later contrary report is captured; reporter/runtime acceptance is not independently recorded.,https://github.com/mysteropodes/nemo/issues/623; https://github.com/mysteropodes/nemo/issues/623#issuecomment-5481557865; https://github.com/mysteropodes/nemo/pull/403; https://github.com/mysteropodes/nemo/commit/00c2f14ad5cc60d86852f20e2f67fd6340e5baee
624,il faudrait le lien github avec logo du projet sur la page de garde et dans abou,OPEN,close_completed,CLOSED,P3,UI,Feature,R13; R18,The owner records the issue as resolved and the cited commit or merged PR is an ancestor of current origin/main. No later contrary report is captured; reporter/runtime acceptance is not independently recorded.,https://github.com/mysteropodes/nemo/issues/624; https://github.com/mysteropodes/nemo/issues/624#issuecomment-5481558193; https://github.com/mysteropodes/nemo/pull/404; https://github.com/mysteropodes/nemo/commit/e48695cab5f4d072be1353f41663207b146755cf
625,la bounding box perturbe quand j'utilise l'outil de texte avant de select le tex,OPEN,close_completed,CLOSED,P1,UI,Feature,R09; R13; R18,The owner records the issue as resolved and the cited commit or merged PR is an ancestor of current origin/main. No later contrary report is captured; reporter/runtime acceptance is not independently recorded.,https://github.com/mysteropodes/nemo/issues/625; https://github.com/mysteropodes/nemo/issues/625#issuecomment-5481558626; https://github.com/mysteropodes/nemo/pull/405; https://github.com/mysteropodes/nemo/pull/407; https://github.com/mysteropodes/nemo/commit/b74fdaba91744a5b24a95feab9088deb7364fbd0; https://github.com/mysteropodes/nemo/commit/b28ac5c0c6f4732bffb5eafad69e4cc1c9b8c273
626,encore difficle de rentré dans un éléments d'ensemble pour accéder au bounding b,OPEN,close_completed,CLOSED,P1,UI,Bug,R13; R18,The owner records the issue as resolved and the cited commit or merged PR is an ancestor of current origin/main. No later contrary report is captured; reporter/runtime acceptance is not independently recorded.,https://github.com/mysteropodes/nemo/issues/626; https://github.com/mysteropodes/nemo/issues/626#issuecomment-5481558953; https://github.com/mysteropodes/nemo/commit/78251b4244fff9e303a8f9a7235d031a5dd8c9ea
627,le controleur/curseur time sa ligne bleu ne va pas jusqu'à la barre de scroll en,OPEN,close_completed,CLOSED,P3,Animation,Bug,R08; R13; R18,The owner records the issue as resolved and the cited commit or merged PR is an ancestor of current origin/main. No later contrary report is captured; reporter/runtime acceptance is not independently recorded.,https://github.com/mysteropodes/nemo/issues/627; https://github.com/mysteropodes/nemo/issues/627#issuecomment-5481559208; https://github.com/mysteropodes/nemo/commit/126d76cb3a09851bde01b67c0d4a0d67519344b9
628,le brush size properties dans motion n'agit pas,OPEN,close_completed,CLOSED,P1,Animation,Bug,R08; R13; R18,The owner records the issue as resolved and the cited commit or merged PR is an ancestor of current origin/main. No later contrary report is captured; reporter/runtime acceptance is not independently recorded.,https://github.com/mysteropodes/nemo/issues/628; https://github.com/mysteropodes/nemo/issues/628#issuecomment-5481559602; https://github.com/mysteropodes/nemo/commit/b94f027238483889c1bb22ef2e1e6dc92d1ce04f
629,avant d'ouvrir la section path d'une shape on devrait apath keyframable ça veut ,OPEN,close_completed,CLOSED,P1,Animation,Feature,R08; R13; R18,The owner records the issue as resolved and the cited commit or merged PR is an ancestor of current origin/main. No later contrary report is captured; reporter/runtime acceptance is not independently recorded.,https://github.com/mysteropodes/nemo/issues/629; https://github.com/mysteropodes/nemo/issues/629#issuecomment-5481559918; https://github.com/mysteropodes/nemo/commit/4532f2d6d2f898ff403545e156e6a0ff82e53a15
630,si je veux posé des keyframes sur fill et changer la couleurs je n'ai pas le bon,OPEN,close_completed,CLOSED,P1,Animation,Bug,R18,The selected Motion Fill/Stroke row now drives the color panel and creates keys; maintainer verified the brush workflow and merged PR #414 is on current main. The distinct animated-render defect was tracked separately as #644.,https://github.com/mysteropodes/nemo/issues/630; https://github.com/mysteropodes/nemo/pull/414; https://github.com/mysteropodes/nemo/issues/644
631,le path dans le layer de shape propertie dans motion à plus de path que avec l'o,OPEN,close_completed,CLOSED,P1,Animation,Bug,R18,Motion Path vertices now use the vector-brush centerline shown by Select/Subselect after merged PR #412.,https://github.com/mysteropodes/nemo/issues/631; https://github.com/mysteropodes/nemo/pull/412
632,pourquoi un trim path peut supprimé le fill d'une shape ?,OPEN,close_completed,CLOSED,P1,Renderer,Bug,R17; R18,A full 0-100 Trim Path is now geometry/fill neutral in both live render and export after merged PR #419; partial-trim fill removal is documented intentional behavior.,https://github.com/mysteropodes/nemo/issues/632; https://github.com/mysteropodes/nemo/pull/419
633,si j'importe un calque son dans la timeline motion celui ci apparait à droite de,OPEN,close_completed,CLOSED,P1,Media,Bug,R18,Audio layer rows now rebuild and display in Motion through merged PR #420.,https://github.com/mysteropodes/nemo/issues/633; https://github.com/mysteropodes/nemo/pull/420
634,"pour joystick et slider, il faudrait pouvoir les déplacé dans le canvas si on cl",OPEN,close_completed,CLOSED,P2,Animation,Feature,R18,"Widget body drag/properties and the remaining puck motion-path behavior landed in merged PRs #427 and #456, completing all three requested parts.",https://github.com/mysteropodes/nemo/issues/634; https://github.com/mysteropodes/nemo/pull/427; https://github.com/mysteropodes/nemo/pull/456
635,retour encore sur joystick and slider dans layer properties on devrait pouvoir l,OPEN,close_completed,CLOSED,P2,Animation,Feature,R18,Rig-widget axes gained direct add-link controls in Layer Properties through merged PR #428.,https://github.com/mysteropodes/nemo/issues/635; https://github.com/mysteropodes/nemo/pull/428
636,le layer camera n'apparait pas dans motion il faudrait le mettre avec ses propre,OPEN,close_completed,CLOSED,P2,Animation,Feature,R18,"Camera layer, keys, speed curve, and properties are now available in Motion after merged PR #425 and direct verification.",https://github.com/mysteropodes/nemo/issues/636; https://github.com/mysteropodes/nemo/pull/425
637,les bouton de document devrait wrapper si je resize plus petit le panel droit et,OPEN,close_completed,CLOSED,P2,UI,Bug,R18,Document controls now wrap within narrow panels after measured verification and merged PR #418.,https://github.com/mysteropodes/nemo/issues/637; https://github.com/mysteropodes/nemo/pull/418
638,le resize de document n'est pas en temps réel pendant drag de value,OPEN,close_completed,CLOSED,P2,UI,Bug,R18,Document size now updates continuously during unlinked value scrub through merged PR #417.,https://github.com/mysteropodes/nemo/issues/638; https://github.com/mysteropodes/nemo/pull/417
639,rulers par default désactiver pour nouvelle session. laisser activé lors de l'en,OPEN,close_completed,CLOSED,P2,UI,Feature,R18,Rulers now default off and the workspace preference persists after merged PR #417.,https://github.com/mysteropodes/nemo/issues/639; https://github.com/mysteropodes/nemo/pull/417
640,si clayer camera visble (icon eye active) il faut que ça agisse comme dans les s,OPEN,close_completed,CLOSED,P1,Animation,Bug,R18,Camera-view manual pan/zoom now persists during scrub and was directly verified after merged PR #426.,https://github.com/mysteropodes/nemo/issues/640; https://github.com/mysteropodes/nemo/pull/426
641,si je clic sur un élement dans animation 2D je vois apparaitre le panel document,OPEN,close_completed,CLOSED,P2,UI,Bug,R18,Document panel now hides during element selection after merged PR #418.,https://github.com/mysteropodes/nemo/issues/641; https://github.com/mysteropodes/nemo/pull/418
642,le combined shape est un peu en doublon j'ai l'impression y a un onglet et y a d,OPEN,close_completed,CLOSED,P2,UI,Task,R18,Duplicate Combined Shape controls were consolidated and interaction behavior delivered in merged PR #421.,https://github.com/mysteropodes/nemo/issues/642; https://github.com/mysteropodes/nemo/pull/421
643,pblm de bounding box et slection quand on a plusisuers layer dans le canvas. Le ,OPEN,close_completed,CLOSED,P1,UI,Bug,R18,Brush companion hit testing and posed multi-layer bounding boxes were fixed and directly verified in the merged change represented by commit ea22919.,https://github.com/mysteropodes/nemo/issues/643; https://github.com/mysteropodes/nemo/pull/416
644,la couleur fill de la shape du layer properties de motion  ne s'anime pas dans l,OPEN,close_completed,CLOSED,P0,Renderer,Bug,R17; R18,Animated fractional color channels no longer trap and disable the WASM renderer; merged PR #415 contains the fix and the maintainer verified interpolation.,https://github.com/mysteropodes/nemo/issues/644; https://github.com/mysteropodes/nemo/pull/415
645,si les keyframes sont actives dans les vertex de shape et que je bouge les verte,OPEN,close_completed,CLOSED,P1,Animation,Bug,R18,The initial bounding-box fix plus the later armed-vertex-track fix resolved both parts; merged PRs #423 and #453 are on current main and the maintainer exercised the full gesture.,https://github.com/mysteropodes/nemo/issues/645; https://github.com/mysteropodes/nemo/pull/423; https://github.com/mysteropodes/nemo/pull/453
646,pblm de slection d'lement dans le canvas il select le bon layer mais pas le bon ,CLOSED,retain_closed,CLOSED,P1,UI,Bug,R18,Canvas element hit testing and selection were directly rechecked in both modes after merged PR #422.,https://github.com/mysteropodes/nemo/issues/646; https://github.com/mysteropodes/nemo/pull/422
647,le fond du canvas ne devrait pas être affecté par un calque d'effet surtout en d,OPEN,close_completed,CLOSED,P0,Renderer,Bug,R17; R18,Canvas background was separated from effect-layer processing in merged PR #424; maintainer explicitly describes live and export coverage.,https://github.com/mysteropodes/nemo/issues/647; https://github.com/mysteropodes/nemo/pull/424
648,pour le motion path visible sur le canvas pourrais tu en plus des keyframes visi,CLOSED,retain_closed,CLOSED,P2,Animation,Feature,R18,Maintainer verified the requested continuous motion path and per-frame speed dots already existed on current main; cited commit 17d319b is an ancestor of current main.,https://github.com/mysteropodes/nemo/issues/648; https://github.com/mysteropodes/nemo/commit/17d319be1fa130cfc327d284d550aa1f0455848e
649,"2 cas à revoir pour le path d'une shape dans motion:
- l'outil subselect affiche",OPEN,close_completed,CLOSED,P1,Animation,Bug,R18,Both reported parts landed: transformed Subselect handles in PR #430 and global Path row alignment in PR #432.,https://github.com/mysteropodes/nemo/issues/649; https://github.com/mysteropodes/nemo/pull/430; https://github.com/mysteropodes/nemo/pull/432
650,j'ai select un objet avec un stroke noir et un fill rouge pourtant dans selected,OPEN,close_completed,CLOSED,P1,UI,Bug,R17; R18,Brush linked-fill color discovery and editing were fixed after reporter clarification in merged PR #431.,https://github.com/mysteropodes/nemo/issues/650; https://github.com/mysteropodes/nemo/pull/431
651,"2 choses dans motion layers properties je n'ai pas de dropdown menu de blend
- t",OPEN,close_completed,CLOSED,P2,UI,Feature,R18,Motion Blend access and selection highlight synchronization were both verified after merged PRs #429 and #422.,https://github.com/mysteropodes/nemo/issues/651; https://github.com/mysteropodes/nemo/pull/429; https://github.com/mysteropodes/nemo/pull/422
652,dans motion si je select une shape dans elements ça doit êtres les properties de,OPEN,close_completed,CLOSED,P2,UI,Bug,R18,Shape selection from all Elements entry points now drives Motion Layer Properties through merged PR #433.,https://github.com/mysteropodes/nemo/issues/652; https://github.com/mysteropodes/nemo/pull/433
653,le fill properties dans motion > timeline >layer > shape agit aussi sur le strok,OPEN,close_completed,CLOSED,P1,Renderer,Bug,R17; R18,The first incomplete pass was superseded by a real brush reproduction; separate brush Fill/Stroke behavior landed in merged PR #443.,https://github.com/mysteropodes/nemo/issues/653; https://github.com/mysteropodes/nemo/pull/443
654,le drag sur les keyframes de propriété dans motion > layer > transform ou tout a,OPEN,keep_open,OPEN,P2,Animation,Feature,R18,"Resolved label is unsupported: the drag-across-keyframe-button feature request has no maintainer comment, commit, PR, or validation evidence.",https://github.com/mysteropodes/nemo/issues/654
655,order n'envoi toujours pas le layer derrière l'autre layer dans le canvas en fon,OPEN,close_completed,CLOSED,P1,Renderer,Bug,R18,Layer Order direction was changed to the requested front-index convention and verified in merged PR #436.,https://github.com/mysteropodes/nemo/issues/655; https://github.com/mysteropodes/nemo/pull/436
656,pblm d'ui sur le menu blend qui ne s'affiche pas là où l'on clic au bon endroit ,OPEN,close_completed,CLOSED,P2,UI,Bug,R18,Blend menu anchoring regression was directly verified after merged PR #435.,https://github.com/mysteropodes/nemo/issues/656; https://github.com/mysteropodes/nemo/pull/435
657,je ne vois pas où le parentage ni le blend serait keyframbles dans layer propert,CLOSED,retain_closed,CLOSED,P2,Animation,Feature,R18,Maintainer closed this as a duplicate after keyframable Blend and Parent landed in merged PRs #437 and #439; documented limitations are outside the duplicate's requested scope.,https://github.com/mysteropodes/nemo/issues/657; https://github.com/mysteropodes/nemo/pull/437; https://github.com/mysteropodes/nemo/pull/439
658,ajoute la possibilité de drag ou mettre plusieurs image pour un seul et même fee,OPEN,close_completed,CLOSED,P2,Platform,Feature,R18,Multiple screenshots per feedback entry were delivered in merged PR #447.,https://github.com/mysteropodes/nemo/issues/658; https://github.com/mysteropodes/nemo/pull/447
659,"le blend mode fait disparaitre le canvas, il ne devrait pas être affecté",OPEN,close_completed,CLOSED,P0,Renderer,Bug,R17; R18,Non-Normal blend modes no longer hide the entire canvas; maintainer reproduced the cause and merged PR #438 is on current main.,https://github.com/mysteropodes/nemo/issues/659; https://github.com/mysteropodes/nemo/pull/438
660,impossible de déplacé les vertex avec subselect dans motion si la shape est dans,OPEN,close_completed,CLOSED,P1,Animation,Bug,R18,Subselect hit testing now accounts for per-element Motion in groups after merged PR #441.,https://github.com/mysteropodes/nemo/issues/660; https://github.com/mysteropodes/nemo/pull/441
661,le valeurs de propriété dans layer properties ne changent pas en temps réel pend,OPEN,close_completed,CLOSED,P2,UI,Bug,R18,Motion property fields now refresh during canvas drags through merged PR #440.,https://github.com/mysteropodes/nemo/issues/661; https://github.com/mysteropodes/nemo/pull/440
662,"le lock in point, out point et layer affecte toute les keyframes alors que ça de",OPEN,close_completed,CLOSED,P1,Animation,Bug,R18,Per-selected-key in/out locks were separated from the whole-layer lock in merged PR #442.,https://github.com/mysteropodes/nemo/issues/662; https://github.com/mysteropodes/nemo/pull/442
663,l'animation du blend mode n'est pas synchro avec les keyframe dans le layer prop,OPEN,close_completed,CLOSED,P1,Animation,Bug,R18,"Blend animation now stays synchronized across properties panel, grid, and context menu through merged PR #444.",https://github.com/mysteropodes/nemo/issues/663; https://github.com/mysteropodes/nemo/pull/444
664,impossible de select et déplacé des keyframes de parent et blend et si j'essaye ,OPEN,close_completed,CLOSED,P1,Animation,Bug,R18,"Parent/Blend keyframe selection, drag, and delete were exercised after merged PR #445; the unreproduced crash has no later report.",https://github.com/mysteropodes/nemo/issues/664; https://github.com/mysteropodes/nemo/pull/445
665,j'ai 3 calques si je change l'order du calque 1 en value = 1 alors il va derrièr,OPEN,close_completed,CLOSED,P1,Renderer,Bug,R18,Explicit layer Order now wins collisions with untouched natural ranks after merged PR #446 and direct three-layer verification.,https://github.com/mysteropodes/nemo/issues/665; https://github.com/mysteropodes/nemo/pull/446
666,dans motion ajouté une keyframe de path > modifié le path avec subselect ne crée,OPEN,close_completed,CLOSED,P1,Animation,Bug,R18,Subselect now writes armed Motion vertex tracks for parametric and vector-brush paths; merged PRs #453 and #455 cover both passes.,https://github.com/mysteropodes/nemo/issues/666; https://github.com/mysteropodes/nemo/pull/453; https://github.com/mysteropodes/nemo/pull/455
667,quand on parent in time les keyframes select et que je drag par exemple le inPoi,OPEN,close_completed,CLOSED,P2,Animation,Bug,R18,In/out-locked keyframes now preview live during trim drag through merged PR #454.,https://github.com/mysteropodes/nemo/issues/667; https://github.com/mysteropodes/nemo/pull/454
668,"dans motion calque de son trop peu travailler impossible de le select, coupé, pa",OPEN,close_completed,CLOSED,P1,Media,Feature,R18; R20,"The follow-up completed audio selection, split, trim, and animatable volume with save/reload verification; merged PR #457 supersedes the initial partial pass.",https://github.com/mysteropodes/nemo/issues/668; https://github.com/mysteropodes/nemo/pull/457
669,dans une shape créer avec un brush avaec stroke et fill les 2 propriétés apparai,OPEN,close_completed,CLOSED,P2,Renderer,Bug,R18,Separate brush Fill/Stroke default swatches were corrected in merged PR #450.,https://github.com/mysteropodes/nemo/issues/669; https://github.com/mysteropodes/nemo/pull/450
670,sur un layer si je fait raccourcis 'p' la propriété de position ne s'affiche pas,OPEN,close_completed,CLOSED,P2,Animation,Bug,R18,Property shortcuts now hide unrequested Parent/Blend rows through merged PR #451.,https://github.com/mysteropodes/nemo/issues/670; https://github.com/mysteropodes/nemo/pull/451
671,j'ai enregister tout ce que j'ai fait par rapport aux keyframes de parent et ble,CLOSED,retain_closed,CLOSED,P1,Animation,Bug,R18,Parent/Blend keyframe marquee and shift-range selection were fixed and verified; merged PR #449 is on current main.,https://github.com/mysteropodes/nemo/issues/671; https://github.com/mysteropodes/nemo/pull/449
672,l'order n'est toujours pas totalement ok (tester avec brush shape) j'ai 3 layer ,OPEN,close_completed,CLOSED,P1,Renderer,Bug,R18,Layer Order now acts as an insertion position; maintainer exercised the exact three-layer reproduction and merged PR #448 is on current main.,https://github.com/mysteropodes/nemo/issues/672; https://github.com/mysteropodes/nemo/pull/448
709,[test automatique] verification du pipeline feedback,CLOSED,retain_closed,CLOSED,P3,Platform,Task,R18,Automated feedback-pipeline verification was explicitly validated and closed.,https://github.com/mysteropodes/nemo/issues/709
721,Right here,CLOSED,retain_closed,CLOSED,P3,DevEx,Task,,Closed placeholder ('Right here') has no actionable detail and no later contradiction.,https://github.com/mysteropodes/nemo/issues/721
722,right here,CLOSED,retain_closed,CLOSED,P3,DevEx,Task,,Closed placeholder ('right here') has no actionable detail and no later contradiction.,https://github.com/mysteropodes/nemo/issues/722
728,"ff
",CLOSED,retain_closed,CLOSED,P3,DevEx,Task,,Closed placeholder ('ff') has no actionable content and no later contradiction.,https://github.com/mysteropodes/nemo/issues/728
730,si je reorder shape dans éléments par exemple une shape par dessus un groupe ça ,OPEN,close_completed,CLOSED,P1,UI,Bug,R18,Cross-group shape drag/reorder was fixed in merged PR #731 with direct brush-fill verification.,https://github.com/mysteropodes/nemo/issues/730; https://github.com/mysteropodes/nemo/pull/731
735,Probleme toujours de hierrachie dans éléments peut importe l'index cela ne se re,OPEN,close_completed,CLOSED,P1,Document,Bug,R18,"Maintainer states all three hierarchy, drag-order, and nested-combine parts landed through merged PRs #737, #742, and #744.",https://github.com/mysteropodes/nemo/issues/735; https://github.com/mysteropodes/nemo/pull/737; https://github.com/mysteropodes/nemo/pull/742; https://github.com/mysteropodes/nemo/pull/744
738,Groupes imbriqués : un groupe combiné dans un sous-groupe compte comme un seul opérande du parent,OPEN,close_completed,CLOSED,P1,Document,Feature,R18,Nested combined groups as single parent operands were delivered in merged PRs #742 and #744.,https://github.com/mysteropodes/nemo/issues/738; https://github.com/mysteropodes/nemo/pull/742; https://github.com/mysteropodes/nemo/pull/744
746,est ce que l'on peut avoir le bouton déroulant comme pour transform mais shape e,OPEN,close_completed,CLOSED,P2,UI,Feature,R18,Collapsible Elements/Shapes sections and recursive group rows landed in merged PR #748.,https://github.com/mysteropodes/nemo/issues/746; https://github.com/mysteropodes/nemo/pull/748
747,possible qu'un element texte soit identifié comme tell et ne devienne pas un sha,OPEN,close_completed,CLOSED,P2,UI,Feature,R18,"Text identity, explode-to-shapes, and smart alignment guides were delivered in merged PR #750.",https://github.com/mysteropodes/nemo/issues/747; https://github.com/mysteropodes/nemo/pull/750
749,drag and drop un svg l'import en tant qu'image pas vecteur. y a t'il moyen aussi,OPEN,close_completed,CLOSED,P2,Document,Feature,R18,SVG drop and clipboard paths now import editable vectors through merged PR #759.,https://github.com/mysteropodes/nemo/issues/749; https://github.com/mysteropodes/nemo/pull/759
751,le timeremmaping sur une vidéo n'a pas l'air de fonctionné ça change pas à la bo,OPEN,close_completed,CLOSED,P1,Media,Bug,R18,Video Time Remap activation and source-frame evaluation landed in merged PR #753.,https://github.com/mysteropodes/nemo/issues/751; https://github.com/mysteropodes/nemo/pull/753
752,j'ai copié-coller un éléments dans un autre calque mais celui ci disparait quand,OPEN,close_completed,CLOSED,P0,Document,Bug,R18; R20,Paste onto a held frame now persists to the owning key or promotes the frame as appropriate; merged PR #763 contains the fix.,https://github.com/mysteropodes/nemo/issues/752; https://github.com/mysteropodes/nemo/pull/763
754,les keyframes d'animation 2D dans motion devrait aussi être avant et aprés le ou,OPEN,close_completed,CLOSED,P2,Animation,Feature,R18,"Drawing-key markers now cover the full Motion timeline, with out-of-range styling and behavior, through merged PR #766.",https://github.com/mysteropodes/nemo/issues/754; https://github.com/mysteropodes/nemo/pull/766
755,quand on réordonne des calques le undo ne marche pas,OPEN,close_completed,CLOSED,P1,Document,Bug,R18; R20,Undo now restores both order and folder membership for cross-folder layer reordering in merged PR #760.,https://github.com/mysteropodes/nemo/issues/755; https://github.com/mysteropodes/nemo/pull/760
756,le link de parentage reordonne des calque au lieu de link attention à bien diffé,OPEN,close_completed,CLOSED,P1,Animation,Bug,R18,Motion parent pickwhip no longer arms row reordering after merged PR #760.,https://github.com/mysteropodes/nemo/issues/756; https://github.com/mysteropodes/nemo/pull/760
757,attention quand on import un footage celui ci apparait en fond de BG opacité il ,CLOSED,retain_closed,CLOSED,P3,Media,Bug,,Reporter/maintainer explicitly identified this footage-opacity report as a false alarm and requested closure.,https://github.com/mysteropodes/nemo/issues/757
758,les raccourcis de transform ne marche pas si jamais le menu de transform d'un ca,OPEN,close_completed,CLOSED,P2,Animation,Bug,R18,Transform shortcuts now override the animated-only filter and expose their requested row after merged PR #765.,https://github.com/mysteropodes/nemo/issues/758; https://github.com/mysteropodes/nemo/pull/765
761,à partie du moment où on change un propriété dans un calque celui ci doit être s,OPEN,close_completed,CLOSED,P2,UI,Feature,R18,Editing a Motion property now selects its owning layer through merged PR #773.,https://github.com/mysteropodes/nemo/issues/761; https://github.com/mysteropodes/nemo/pull/773
762,dans motion si je révèle les keyframes avec u je doit aussi pouvoir refermer la ,OPEN,close_completed,CLOSED,P2,Animation,Feature,R18,The U shortcut now toggles keyed property rows closed through merged PR #768.,https://github.com/mysteropodes/nemo/issues/762; https://github.com/mysteropodes/nemo/pull/768
764,probleme si j'ai fait u sur des calques et que j'utilise l'onglet de fermeture d,OPEN,close_completed,CLOSED,P2,Animation,Bug,R18,The U-expanded property close affordance was corrected in merged PR #768.,https://github.com/mysteropodes/nemo/issues/764; https://github.com/mysteropodes/nemo/pull/768
767,probleme dans motion quand on resize la fenetre du navigateur et que l'on vient ,OPEN,close_completed,CLOSED,P2,UI,Bug,R18,Timeline grid resizing with the browser window was fixed in merged PR #770.,https://github.com/mysteropodes/nemo/issues/767; https://github.com/mysteropodes/nemo/pull/770
769,pourquoi le rec de slection dans motion sur la timeline à droite ne selectionne ,OPEN,close_completed,CLOSED,P2,Animation,Feature,R18,Motion grid marquee selection now also selects the corresponding layers through merged PR #777.,https://github.com/mysteropodes/nemo/issues/769; https://github.com/mysteropodes/nemo/pull/777
771,le raccourcis u ne doit pas ouvrir un calque dans motion si celui ci n'a pas de ,OPEN,close_completed,CLOSED,P2,Animation,Bug,R18,The U shortcut no longer opens a layer without keys after merged PR #775.,https://github.com/mysteropodes/nemo/issues/771; https://github.com/mysteropodes/nemo/pull/775
772,pourquoi ne pourrait on pas déplacé la keyframes d'animation 2D dans motion même,OPEN,close_completed,CLOSED,P2,Animation,Feature,R18,Animation 2D keyframes outside layer in/out can be moved from Motion after merged PR #775.,https://github.com/mysteropodes/nemo/issues/772; https://github.com/mysteropodes/nemo/pull/775
774,"le timeremmaping sur une vidéo n'est toujours pas actif , il ne change pas l'exp",OPEN,close_completed,CLOSED,P1,Media,Bug,R18,Live video exposure refresh after Time Remap edits was fixed in merged PR #780.,https://github.com/mysteropodes/nemo/issues/774; https://github.com/mysteropodes/nemo/pull/780
776,la possibilité dans motion d'attribué le même label color aux calques select et ,OPEN,close_completed,CLOSED,P2,UI,Feature,R18,Apply-to-selection and Shift-click label-color selection were delivered in both modes by merged PR #781.,https://github.com/mysteropodes/nemo/issues/776; https://github.com/mysteropodes/nemo/pull/781
778,pblm de selection des footage dans le canvas,OPEN,close_completed,CLOSED,P1,Media,Bug,R18,Footage canvas selection and lasso support were fixed in merged PR #783.,https://github.com/mysteropodes/nemo/issues/778; https://github.com/mysteropodes/nemo/pull/783
779,le mesh sur une vidéo ne persiste pas à la lecture ou scrub dans la timeline,OPEN,close_completed,CLOSED,P1,Media,Feature,R18; R21,"Video-layer mesh persistence and animatable mesh vertices were delivered in merged PRs #785 and #786, removing the stated initial limitation.",https://github.com/mysteropodes/nemo/issues/779; https://github.com/mysteropodes/nemo/pull/785; https://github.com/mysteropodes/nemo/pull/786
788,pblm de calage de keyframe de parentage dans motion,OPEN,close_completed,CLOSED,P2,Animation,Bug,R18,Parent/Blend row offsets and downstream key alignment were corrected in merged PR #792.,https://github.com/mysteropodes/nemo/issues/788; https://github.com/mysteropodes/nemo/pull/792
789,avec le raccourcis u dans motion n'affiché que les properties avec keyframe pas ,OPEN,close_completed,CLOSED,P2,Animation,Bug,R18,The U shortcut now limits Motion rows to keyed properties through merged PR #795.,https://github.com/mysteropodes/nemo/issues/789; https://github.com/mysteropodes/nemo/pull/795
790,resize et organisation des panels non enregistrer dans le fichier save du projet,OPEN,close_completed,CLOSED,P1,Document,Bug,R18; R20,Workspace layout persistence in project save/open was delivered in merged PR #796.,https://github.com/mysteropodes/nemo/issues/790; https://github.com/mysteropodes/nemo/pull/796
791,dans motion si je clic sur une keyframe de propriété ça doit select le layer aus,OPEN,close_completed,CLOSED,P2,UI,Bug,R18,Property-key click now selects its layer through merged PR #795.,https://github.com/mysteropodes/nemo/issues/791; https://github.com/mysteropodes/nemo/pull/795
793,toujours pblm de mesh sur vidéo dans motion où quand je scrubb le mesh disparait,OPEN,keep_validate,OPEN,P1,Media,Bug,R18; R21,"Merged PR #787 matches the likely WASM readback failure and the maintainer's local scrub did not reproduce it, but the comment explicitly requires retest after reload of the deployed version.",https://github.com/mysteropodes/nemo/issues/793; https://github.com/mysteropodes/nemo/issues/793#issuecomment-5511238798; https://github.com/mysteropodes/nemo/pull/787
794,pourquoi je ne peux pas éditer le texte directement sur l'objet du canvas et pas,OPEN,close_completed,CLOSED,P2,UI,Feature,R18,In-place canvas editing for ordinary text was delivered in merged PR #801.,https://github.com/mysteropodes/nemo/issues/794; https://github.com/mysteropodes/nemo/pull/801
797,le panel d'animation de typo ne s'affiche pas quand je select un calque text dan,OPEN,close_completed,CLOSED,P2,UI,Bug,R18,Typography animation-panel visibility outside layer in/out was fixed in merged PR #799.,https://github.com/mysteropodes/nemo/issues/797; https://github.com/mysteropodes/nemo/pull/799
798,pourquoi le calque dupliqué n'apparait pas dans elements,OPEN,close_completed,CLOSED,P2,UI,Bug,R18,Duplicated-layer element expansion was fixed in merged PR #800 and explicitly marked delivered.,https://github.com/mysteropodes/nemo/issues/798; https://github.com/mysteropodes/nemo/pull/800
802,le shift + drag un objet ne le contraint pas en x ou y ,OPEN,close_completed,CLOSED,P1,UI,Bug,R18,Shift-drag axis constraint was verified in both editor modes and landed through merged PR #805.,https://github.com/mysteropodes/nemo/issues/802; https://github.com/mysteropodes/nemo/pull/805
803,quand on select un calque dans la timeline motion ou animation 2D et que l'on fa,OPEN,close_completed,CLOSED,P2,UI,Feature,R18,Layer duplication behavior was delivered in merged PR #829 with no contrary follow-up.,https://github.com/mysteropodes/nemo/issues/803; https://github.com/mysteropodes/nemo/pull/829
804,pourquoi le groupe ne se select pas avec sa bounding box comme toute autre group,OPEN,close_completed,CLOSED,P1,UI,Bug,R18,Maintainer verified group bounding-box selection across both modes on main and identified the report as an older build; the cited group PR #742 is merged on current main.,https://github.com/mysteropodes/nemo/issues/804; https://github.com/mysteropodes/nemo/issues/804#issuecomment-5513672386; https://github.com/mysteropodes/nemo/pull/742
806,on ne peut pas importer plusisuers vidéo en même temps ça serait bien de pouvoir,CLOSED,retain_closed,CLOSED,P2,Media,Feature,R18,Multi-video import was delivered in merged PR #829 and the issue is already closed.,https://github.com/mysteropodes/nemo/issues/806; https://github.com/mysteropodes/nemo/pull/829
826,note,OPEN,close_not_planned,CLOSED,P3,DevEx,Task,,Maintainer explicitly classified the one-word feedback as non-actionable and requested a new report if a real problem exists.,https://github.com/mysteropodes/nemo/issues/826; https://github.com/mysteropodes/nemo/issues/826#issuecomment-5513744588
827,attention j'ai l'impression d'un lag avec dans le canvas avec mode de fusion dan,CLOSED,retain_closed,CLOSED,P1,Renderer,Bug,R18; R19,Maintainer measured the combined-group scene cost reduction and linked merged PR #830; no later contradiction is recorded.,https://github.com/mysteropodes/nemo/issues/827; https://github.com/mysteropodes/nemo/pull/830
849,"dans element un groupe avec mode fusion, sur des shape avec brush si je select u",OPEN,keep_validate,OPEN,P1,UI,Bug,R18,Maintainer could not reproduce fill separation on current build and requested a reporter retest; a smaller live-fill metadata defect was found but not fixed here.,https://github.com/mysteropodes/nemo/issues/849; https://github.com/mysteropodes/nemo/issues/849#issuecomment-5523727549
856,attention hier je t'avais dis de dis de faire en sorte que le rec de selection d,OPEN,close_completed,CLOSED,P1,Animation,Bug,R18,Both lasso-selection causes were fixed in merged PRs #857 and #858; the second maintainer pass exercised all four gestures in the browser.,https://github.com/mysteropodes/nemo/issues/856; https://github.com/mysteropodes/nemo/pull/857; https://github.com/mysteropodes/nemo/pull/858
866,pblm de bounding box par rapport à la selection dans cette config,OPEN,keep_validate,OPEN,P1,UI,Bug,R18,"Maintainer reproduced and fixed the hover rectangle in merged PR #867, but explicitly left selection-box interpretation awaiting reporter confirmation.",https://github.com/mysteropodes/nemo/issues/866; https://github.com/mysteropodes/nemo/issues/866#issuecomment-5523643187; https://github.com/mysteropodes/nemo/pull/867
876,test de puis tari,CLOSED,retain_closed,CLOSED,P3,Platform,Task,R18; R21,Maintainer closed this as a successful end-to-end Tauri feedback foundation test; PR #874 is merged and its merge commit is on current main.,https://github.com/mysteropodes/nemo/issues/876; https://github.com/mysteropodes/nemo/pull/874
884,deploy shape into frame,OPEN,keep_open,OPEN,P2,Animation,Feature,R18,Feature request to deploy a shape into a frame has no maintainer decision or implementation evidence.,https://github.com/mysteropodes/nemo/issues/884
885,odin,CLOSED,retain_closed,CLOSED,P3,DevEx,Task,,Closed placeholder report ('odin') contains no actionable defect or contradictory evidence.,https://github.com/mysteropodes/nemo/issues/885
886,le réassignement de keyframes si on est sur la deuxième keyframe ne va pas à pas,OPEN,keep_open,OPEN,P1,Animation,Bug,R18,Current browser report describes broken auto-inbetween reassignment stepping and has no maintainer response or landed fix evidence.,https://github.com/mysteropodes/nemo/issues/886
