# File produced by Open Asset Import Library (http://www.assimp.sf.net)
# (assimp v6.0.0)

mtllib arms_low_poly.mtl

# 2208 vertex positions
v -43.3879509 55.2644653 -48.3326912
v -43.1679802 55.5928955 -73.1651993
v -50.7073059 58.0102997 -73.1919785
v -51.0500259 57.3878441 -48.5348663
v -51.0500259 57.3878441 -48.5348663
v -50.7073059 58.0102997 -73.1919785
v -58.2895889 55.5079803 -73.2188644
v -58.7026482 55.1063385 -48.7364922
v -58.7026482 55.1063385 -48.7364922
v -58.2895889 55.5079803 -73.2188644
v -61.3241959 48.4745216 -73.2295609
v -61.9281845 48.4225998 -48.8211136
v -61.9281845 48.4225998 -48.8211136
v -61.3241959 48.4745216 -73.2295609
v -58.1065369 41.5462341 -73.2181244
v -58.4784813 41.9156609 -48.729763
v -58.4784813 41.9156609 -48.729763
v -58.1065369 41.5462341 -73.2181244
v -50.5647202 39.1497726 -73.1913376
v -50.8143234 39.7614441 -48.5275421
v -50.8143234 39.7614441 -48.5275421
v -50.5647202 39.1497726 -73.1913376
v -43.0414429 41.6300087 -73.1646957
v -43.1588974 42.0362549 -48.3258057
v -43.1588974 42.0362549 -48.3258057
v -43.0414429 41.6300087 -73.1646957
v -39.971714 48.6477242 -73.1538391
v -39.9000015 48.7975235 -48.2402992
v -39.9000015 48.7975235 -48.2402992
v -39.971714 48.6477242 -73.1538391
v -43.1679802 55.5928955 -73.1651993
v -43.3879509 55.2644653 -48.3326912
v -42.4188423 48.906456 -21.4112701
v -39.9000015 48.7975235 -48.2402992
v -43.3879509 55.2644653 -48.3326912
v -45.1431999 54.4414177 -21.4354172
v -45.1431999 54.4414177 -21.4354172
v -43.3879509 55.2644653 -48.3326912
v -51.0500259 57.3878441 -48.5348663
v -52.3051186 56.2562714 -21.4887257
v -52.3051186 56.2562714 -21.4887257
v -51.0500259 57.3878441 -48.5348663
v -58.7026482 55.1063385 -48.7364922
v -58.3151894 54.1204376 -21.541214
v -58.3151894 54.1204376 -21.541214
v -58.7026482 55.1063385 -48.7364922
v -61.9281845 48.4225998 -48.8211136
v -60.5523338 48.2789192 -21.560503
v -60.5523338 48.2789192 -21.560503
v -61.9281845 48.4225998 -48.8211136
v -58.4784813 41.9156609 -48.729763
v -57.8469696 42.7238388 -21.536541
v -57.8469696 42.7238388 -21.536541
v -58.4784813 41.9156609 -48.729763
v -50.8143234 39.7614441 -48.5275421
v -51.7055626 40.904789 -21.4826813
v -51.7055626 40.904789 -21.4826813
v -50.8143234 39.7614441 -48.5275421
v -43.1588974 42.0362549 -48.3258057
v -44.6309433 43.0590401 -21.430315
v -44.6309433 43.0590401 -21.430315
v -43.1588974 42.0362549 -48.3258057
v -39.9000015 48.7975235 -48.2402992
v -42.4188423 48.906456 -21.4112701
v -50.4839478 42.1540375 -1.3372407
v -51.1494141 41.9147034 -11.5921984
v -45.4523811 43.7945175 -8.72490788
v -45.0003395 44.208744 -1.13541079
v -45.0003395 44.208744 -1.13541079
v -45.4523811 43.7945175 -8.72490788
v -43.6482925 49.0714493 -8.74746704
v -43.1808395 49.1613235 -1.07330859
v -43.1808395 49.1613235 -1.07330859
v -43.6482925 49.0714493 -8.74746704
v -46.7526512 53.7369957 -8.69242096
v -46.4689751 53.4372673 -1.18552542
v -46.4689751 53.4372673 -1.18552542
v -46.7526512 53.7369957 -8.69242096
v -52.2422142 55.366745 -11.5532436
v -52.2017822 54.5626335 -1.39584279
v -52.2017822 54.5626335 -1.39584279
v -52.2422142 55.366745 -11.5532436
v -58.2536812 53.0116005 -11.4274683
v -58.0831528 52.462677 -1.59657621
v -58.0831528 52.462677 -1.59657621
v -58.2536812 53.0116005 -11.4274683
v -60.3701286 47.9366646 -11.4319487
v -59.8410416 47.4960365 -1.65658319
v -59.8410416 47.4960365 -1.65658319
v -60.3701286 47.9366646 -11.4319487
v -57.4548798 43.419323 -11.4211645
v -56.6528511 43.317318 -1.54777563
v -56.6528511 43.317318 -1.54777563
v -57.4548798 43.419323 -11.4211645
v -51.1494141 41.9147034 -11.5921984
v -50.4839478 42.1540375 -1.3372407
v -47.6608582 51.5175209 36.9482269
v -47.197834 52.5454597 17.4502125
v -51.6490211 53.511776 17.3398132
v -51.4224358 52.2408676 36.9624176
v -51.4224358 52.2408676 36.9624176
v -51.6490211 53.511776 17.3398132
v -56.5608749 52.286068 17.4033127
v -55.4293404 51.4236984 36.9765434
v -55.4293404 51.4236984 36.9765434
v -56.5608749 52.286068 17.4033127
v -58.876461 48.1364937 17.532999
v -57.6941833 48.5921211 36.9309616
v -57.6941833 48.5921211 36.9309616
v -58.876461 48.1364937 17.532999
v -56.0477676 44.3915291 17.5498466
v -55.1975708 45.9358292 37.0197678
v -55.1975708 45.9358292 37.0197678
v -56.0477676 44.3915291 17.5498466
v -50.9652557 43.3927383 17.6588154
v -51.1727829 45.2054367 36.9614601
v -51.1727829 45.2054367 36.9614601
v -50.9652557 43.3927383 17.6588154
v -46.5445328 44.6532784 17.9153957
v -47.4009438 46.0273247 36.9472275
v -47.4009438 46.0273247 36.9472275
v -46.5445328 44.6532784 17.9153957
v -44.3096237 48.9040833 17.7322063
v -45.4725952 48.8690567 36.9399567
v -45.4725952 48.8690567 36.9399567
v -44.3096237 48.9040833 17.7322063
v -47.197834 52.5454597 17.4502125
v -47.6608582 51.5175209 36.9482269
v -46.8352509 49.2859268 61.8948135
v -47.6829071 51.5346794 61.9024963
v -47.6607628 51.1961823 66.5907593
v -46.8681145 49.1037941 66.5755234
v -50.0525818 51.8840599 61.9170876
v -51.5114784 49.9859657 61.9245453
v -51.2131615 49.7573967 66.6243515
v -49.8527145 51.5185242 66.6140366
v -51.5114784 49.9859657 61.9245453
v -50.6700325 47.7367706 61.9169502
v -50.4341202 47.6641769 66.6098251
v -51.2131615 49.7573967 66.6243515
v -50.6700325 47.7367706 61.9169502
v -48.2988701 47.3841209 61.9022942
v -48.2387505 47.334034 66.5857697
v -50.4341202 47.6641769 66.6098251
v -48.2988701 47.3841209 61.9022942
v -46.8352509 49.2859268 61.8948135
v -46.8681145 49.1037941 66.5755234
v -48.2387505 47.334034 66.5857697
v -47.6655083 51.1265793 67.3900833
v -49.8170242 51.4440422 67.4129257
v -49.5739746 50.879425 72.6098175
v -47.7526283 50.5930786 72.6238327
v -58.876461 48.1364937 17.532999
v -59.8410416 47.4960365 -1.65658319
v -56.6528511 43.317318 -1.54777563
v -56.0477676 44.3915291 17.5498466
v -56.0477676 44.3915291 17.5498466
v -56.6528511 43.317318 -1.54777563
v -50.4839478 42.1540375 -1.3372407
v -50.9652557 43.3927383 17.6588154
v -50.9652557 43.3927383 17.6588154
v -50.4839478 42.1540375 -1.3372407
v -45.0003395 44.208744 -1.13541079
v -46.5445328 44.6532784 17.9153957
v -46.5445328 44.6532784 17.9153957
v -45.0003395 44.208744 -1.13541079
v -43.1808395 49.1613235 -1.07330859
v -44.3096237 48.9040833 17.7322063
v -44.3096237 48.9040833 17.7322063
v -43.1808395 49.1613235 -1.07330859
v -46.4689751 53.4372673 -1.18552542
v -47.197834 52.5454597 17.4502125
v -47.197834 52.5454597 17.4502125
v -46.4689751 53.4372673 -1.18552542
v -52.2017822 54.5626335 -1.39584279
v -51.6490211 53.511776 17.3398132
v -51.6490211 53.511776 17.3398132
v -52.2017822 54.5626335 -1.39584279
v -58.0831528 52.462677 -1.59657621
v -56.5608749 52.286068 17.4033127
v -56.5608749 52.286068 17.4033127
v -58.0831528 52.462677 -1.59657621
v -59.8410416 47.4960365 -1.65658319
v -58.876461 48.1364937 17.532999
v -60.3701286 47.9366646 -11.4319487
v -60.5523338 48.2789192 -21.560503
v -57.8469696 42.7238388 -21.536541
v -57.4548798 43.419323 -11.4211645
v -57.4548798 43.419323 -11.4211645
v -57.8469696 42.7238388 -21.536541
v -51.7055626 40.904789 -21.4826813
v -51.1494141 41.9147034 -11.5921984
v -45.4523811 43.7945175 -8.72490788
v -45.4006233 43.4438629 -14.8813448
v -43.4540901 48.991436 -15.0154057
v -43.6482925 49.0714493 -8.74746704
v -43.6482925 49.0714493 -8.74746704
v -43.4540901 48.991436 -15.0154057
v -46.3894272 54.0528793 -14.9608088
v -46.7526512 53.7369957 -8.69242096
v -46.7526512 53.7369957 -8.69242096
v -46.3894272 54.0528793 -14.9608088
v -52.2422142 55.366745 -11.5532436
v -52.2422142 55.366745 -11.5532436
v -52.3051186 56.2562714 -21.4887257
v -58.3151894 54.1204376 -21.541214
v -58.2536812 53.0116005 -11.4274683
v -58.2536812 53.0116005 -11.4274683
v -58.3151894 54.1204376 -21.541214
v -60.5523338 48.2789192 -21.560503
v -60.3701286 47.9366646 -11.4319487
v -52.0919456 49.0113907 61.4249268
v -52.6406708 51.0774841 61.4382362
v -52.5845108 50.7436371 65.8850021
v -52.1049042 48.7965736 65.8729095
v -54.682888 51.5160484 61.4799194
v -56.1244736 50.012886 61.5076942
v -55.8469887 49.8121948 65.9034805
v -54.4694481 51.1762848 65.8979492
v -56.1244736 50.012886 61.5076942
v -55.6104889 47.9659348 61.4948196
v -55.4259796 47.9238777 65.89711
v -55.8469887 49.8121948 65.9034805
v -55.6104889 47.9659348 61.4948196
v -53.543705 47.5024261 61.4528465
v -53.5026474 47.4230156 65.8786087
v -55.4259796 47.9238777 65.89711
v -53.543705 47.5024261 61.4528465
v -52.0919456 49.0113907 61.4249268
v -52.1049042 48.7965736 65.8729095
v -53.5026474 47.4230156 65.8786087
v -52.5897331 50.6736565 66.6840744
v -54.4353065 51.1041527 66.6969299
v -54.2767296 50.6608353 70.9735413
v -52.702095 50.2371483 71.0462112
v -41.8654785 47.2770538 59.711895
v -42.4425888 49.5028763 59.7190247
v -42.4362831 49.2527275 63.9111862
v -41.8734055 47.1454544 63.8902054
v -44.6453171 49.9850807 59.7384491
v -46.2042313 48.3726768 59.7509079
v -45.9779663 48.1646194 63.9794922
v -44.5021515 49.6977043 63.9547997
v -46.2042313 48.3726768 59.7509079
v -45.6324196 46.1484032 59.7438736
v -45.4258728 46.0624962 63.9596977
v -45.9779663 48.1646194 63.9794922
v -45.6324196 46.1484032 59.7438736
v -43.43013 45.6628799 59.7243576
v -43.3624268 45.6095161 63.9151154
v -45.4258728 46.0624962 63.9596977
v -43.43013 45.6628799 59.7243576
v -41.8654785 47.2770538 59.711895
v -41.8734055 47.1454544 63.8902054
v -43.3624268 45.6095161 63.9151154
v -42.4470634 49.1803398 64.7103729
v -44.4688835 49.6172676 64.7530212
v -44.2470398 49.0178032 69.2430344
v -42.57798 48.6226196 69.2979584
v -58.4874229 49.5016975 62.700573
v -59.9626236 48.5780334 62.7556953
v -59.5336037 48.3449821 65.6882858
v -58.2745361 49.0803795 65.708519
v -59.9626236 48.5780334 62.7556953
v -59.8938751 46.7875824 62.7492409
v -59.5071449 46.8559036 65.6886978
v -59.5336037 48.3449821 65.6882858
v -59.8938751 46.7875824 62.7492409
v -58.3098946 45.9675751 62.6857872
v -58.222229 46.1487961 65.7092743
v -59.5071449 46.8559036 65.6886978
v -58.3098946 45.9675751 62.6857872
v -56.8122215 46.8907471 62.6300812
v -56.9559708 46.8908615 65.729538
v -58.222229 46.1487961 65.7092743
v -52.1291733 48.7641678 66.672287
v -52.5897331 50.6736565 66.6840744
v -52.702095 50.2371483 71.0462112
v -52.3832321 48.6203613 71.0615845
v -56.889183 48.7048492 62.637207
v -58.4874229 49.5016975 62.700573
v -58.2745361 49.0803795 65.708519
v -56.9930687 48.3884201 65.7309341
v -56.962883 47.1577721 55.5279579
v -57.1087112 50.4172668 55.444561
v -56.9487076 49.131752 58.1071587
v -56.8474464 46.9856873 58.0940895
v -42.7970123 50.3369408 46.9291153
v -42.5067558 45.6740608 51.0828667
v -41.1270294 44.8297424 52.8031502
v -39.2531128 46.4638214 52.0589027
v -42.5067558 45.6740608 51.0828667
v -44.2848511 43.5062714 49.1203041
v -41.0763359 42.4907379 52.3961868
v -41.1270294 44.8297424 52.8031502
v -40.7365723 44.5297966 53.4451714
v -40.6526222 42.2941666 53.0321922
v -38.3744621 40.6070137 58.5042801
v -38.5329437 42.2866173 58.4688034
v -44.2848511 43.5062714 49.1203041
v -42.6833496 42.0677567 45.9520721
v -39.1556435 41.4806213 51.10495
v -41.0763359 42.4907379 52.3961868
v -42.6833496 42.0677567 45.9520721
v -40.5908775 43.8772125 44.1380196
v -37.4284058 42.7633362 50.3929596
v -39.1556435 41.4806213 51.10495
v -40.6526222 42.2941666 53.0321922
v -38.8331947 41.3410378 51.8105431
v -37.3307266 39.8037987 57.5200539
v -38.3744621 40.6070137 58.5042801
v -38.8331947 41.3410378 51.8105431
v -37.1599693 42.6068344 51.1286125
v -35.7264214 41.1423073 57.1352119
v -37.3307266 39.8037987 57.5200539
v -37.1599693 42.6068344 51.1286125
v -37.1607857 45.248661 51.4169617
v -35.5318718 43.0187187 57.5611496
v -35.7264214 41.1423073 57.1352119
v -37.1607857 45.248661 51.4169617
v -38.9365387 46.0546799 52.6998558
v -37.2255669 43.2525291 57.8736572
v -35.5318718 43.0187187 57.5611496
v -40.8865623 48.0047073 44.5358696
v -42.7970123 50.3369408 46.9291153
v -39.2531128 46.4638214 52.0589027
v -37.4496727 45.522892 50.6982307
v -38.9365387 46.0546799 52.6998558
v -40.7365723 44.5297966 53.4451714
v -38.5329437 42.2866173 58.4688034
v -37.2255669 43.2525291 57.8736572
v -55.4293404 51.4236984 36.9765434
v -55.4803619 50.9093361 40.8588867
v -51.4126663 51.9544983 40.8583488
v -51.4224358 52.2408676 36.9624176
v -47.6608582 51.5175209 36.9482269
v -51.4224358 52.2408676 36.9624176
v -51.4126663 51.9544983 40.8583488
v -47.8166161 51.3330231 40.7857132
v -47.8166161 51.3330231 40.7857132
v -44.7712212 49.5462341 40.6068726
v -45.4725952 48.8690567 36.9399567
v -47.6608582 51.5175209 36.9482269
v -45.4725952 48.8690567 36.9399567
v -44.7712212 49.5462341 40.6068726
v -44.8010101 44.4477463 39.8258209
v -47.4009438 46.0273247 36.9472275
v -55.4803619 50.9093361 40.8588867
v -55.4293404 51.4236984 36.9765434
v -57.6941833 48.5921211 36.9309616
v -59.0622559 48.273243 40.90942
v -57.6941833 48.5921211 36.9309616
v -55.1975708 45.9358292 37.0197678
v -56.8563576 44.1160851 40.7309799
v -59.0622559 48.273243 40.90942
v -56.8563576 44.1160851 40.7309799
v -55.1975708 45.9358292 37.0197678
v -51.1727829 45.2054367 36.9614601
v -51.2755318 44.8105469 40.7346802
v -44.8010101 44.4477463 39.8258209
v -47.2269516 42.1122894 42.9062386
v -51.2755318 44.8105469 40.7346802
v -47.4009438 46.0273247 36.9472275
v -44.7712212 49.5462341 40.6068726
v -40.8865623 48.0047073 44.5358696
v -40.5908775 43.8772125 44.1380196
v -44.8010101 44.4477463 39.8258209
v -44.7712212 49.5462341 40.6068726
v -47.8166161 51.3330231 40.7857132
v -42.7970123 50.3369408 46.9291153
v -40.8865623 48.0047073 44.5358696
v -47.2269516 42.1122894 42.9062386
v -44.8010101 44.4477463 39.8258209
v -40.5908775 43.8772125 44.1380196
v -42.6833496 42.0677567 45.9520721
v -47.8166161 51.3330231 40.7857132
v -47.3704948 52.3078003 48.6286087
v -42.7970123 50.3369408 46.9291153
v -52.1342583 52.6609039 48.8085594
v -51.4126663 51.9544983 40.8583488
v -55.4803619 50.9093361 40.8588867
v -56.5477562 51.4408684 48.3676224
v -55.4803619 50.9093361 40.8588867
v -59.0622559 48.273243 40.90942
v -60.9542389 48.0961189 47.493763
v -56.5477562 51.4408684 48.3676224
v -60.9542389 48.0961189 47.493763
v -59.0622559 48.273243 40.90942
v -56.8563576 44.1160851 40.7309799
v -58.2394257 43.5124817 47.3320007
v -56.8563576 44.1160851 40.7309799
v -51.2755318 44.8105469 40.7346802
v -51.5721321 44.437233 46.8349915
v -58.2394257 43.5124817 47.3320007
v -48.4414444 44.3469276 46.7386322
v -51.5721321 44.437233 46.8349915
v -51.2755318 44.8105469 40.7346802
v -47.2269516 42.1122894 42.9062386
v -51.5721321 44.437233 46.8349915
v -51.1234512 46.5368118 55.7869301
v -54.0194321 46.2256851 54.889679
v -58.2394257 43.5124817 47.3320007
v -59.0633049 45.1148758 52.961937
v -61.2481232 48.0278625 52.3287354
v -60.9542389 48.0961189 47.493763
v -56.5477562 51.4408684 48.3676224
v -59.0942688 50.4992142 53.961998
v -56.8440628 51.6248856 54.6526222
v -52.1342583 52.6609039 48.8085594
v -54.5006943 52.1628532 55.1946106
v -52.1573143 52.7008324 55.7365952
v -43.5188141 45.8749161 54.7544518
v -43.7646866 45.5469856 52.5108871
v -42.5067558 45.6740608 51.0828667
v -42.0696068 47.1312447 53.9188385
v -43.7646866 45.5469856 52.5108871
v -44.2848511 43.5062714 49.1203041
v -42.5067558 45.6740608 51.0828667
v -56.8261032 46.9522781 58.8826294
v -56.9204216 48.9256821 58.8893814
v -56.8811111 48.7671852 61.8378677
v -56.7975769 46.8980904 61.8301315
v -58.5334167 49.5853729 61.9032784
v -58.6669197 49.7948074 58.9117088
v -60.287178 48.778965 58.9264145
v -60.0516663 48.629261 61.9597893
v -58.5125046 45.9285812 58.1033859
v -58.8651772 45.8835526 54.4037743
v -56.962883 47.1577721 55.5279579
v -56.8474464 46.9856873 58.0940895
v -56.8122215 46.8907471 62.6300812
v -56.889183 48.7048492 62.637207
v -56.9930687 48.3884201 65.7309341
v -56.9559708 46.8908615 65.729538
v -60.2690773 46.8566017 58.1218643
v -60.7269363 47.2443237 53.635685
v -58.8651772 45.8835526 54.4037743
v -58.5125046 45.9285812 58.1033859
v -57.1087112 50.4172668 55.444561
v -59.0275574 50.105896 54.619503
v -58.7206345 49.8524284 58.104496
v -56.9487076 49.131752 58.1071587
v -59.0275574 50.105896 54.619503
v -60.7294617 49.0374565 53.9075699
v -60.3541031 48.8195381 58.1233978
v -58.7206345 49.8524284 58.104496
v -59.9755516 46.7829132 61.9527931
v -60.1989555 46.8175735 58.9202042
v -58.458744 45.9344673 58.8973732
v -58.3376656 45.942585 61.8872032
v -58.3376656 45.942585 61.8872032
v -58.458744 45.9344673 58.8973732
v -56.8261032 46.9522781 58.8826294
v -56.7975769 46.8980904 61.8301315
v -56.9204216 48.9256821 58.8893814
v -58.6669197 49.7948074 58.9117088
v -58.5334167 49.5853729 61.9032784
v -56.8811111 48.7671852 61.8378677
v -54.4353065 51.1041527 66.6969299
v -55.7864075 49.77668 66.7026901
v -55.4133186 49.5944176 70.9210892
v -54.2767296 50.6608353 70.9735413
v -55.7864075 49.77668 66.7026901
v -55.3820114 47.9221382 66.6966934
v -55.0934677 47.944294 70.9388275
v -55.4133186 49.5944176 70.9210892
v -55.3820114 47.9221382 66.6966934
v -53.5039139 47.4198456 66.6783676
v -53.5581055 47.4633255 71.0129852
v -55.0934677 47.944294 70.9388275
v -53.5039139 47.4198456 66.6783676
v -52.1291733 48.7641678 66.672287
v -52.3832321 48.6203613 71.0615845
v -53.5581055 47.4633255 71.0129852
v -53.5906906 47.354599 56.4348373
v -52.1845055 49.1225204 56.899147
v -52.099823 49.0395889 60.6260223
v -53.5511436 47.4961929 60.6531715
v -52.6406708 51.0774841 61.4382362
v -54.682888 51.5160484 61.4799194
v -54.4694481 51.1762848 65.8979492
v -52.5845108 50.7436371 65.8850021
v -52.7698441 51.8045921 56.6850471
v -54.888134 51.7795486 56.3888168
v -54.7180901 51.5666771 60.6791344
v -52.6570511 51.1711807 60.6406364
v -56.1641884 50.0471687 60.7073364
v -54.7180901 51.5666771 60.6791344
v -54.888134 51.7795486 56.3888168
v -56.325634 50.2257919 56.2453728
v -55.7980423 48.1657562 56.0764656
v -53.5906906 47.354599 56.4348373
v -53.5511436 47.4961929 60.6531715
v -55.6408539 47.9853745 60.6948547
v -46.8898201 49.0752373 67.3752213
v -47.6655083 51.1265793 67.3900833
v -47.7526283 50.5930786 72.6238327
v -47.138298 48.9045067 72.62854
v -52.1845055 49.1225204 56.899147
v -52.7698441 51.8045921 56.6850471
v -52.6570511 51.1711807 60.6406364
v -52.099823 49.0395889 60.6260223
v -49.8170242 51.4440422 67.4129257
v -51.1500244 49.7187996 67.4230347
v -50.6599236 49.4702568 72.6014404
v -49.5739746 50.879425 72.6098175
v -51.1500244 49.7187996 67.4230347
v -50.3889084 47.6662827 67.4090195
v -50.0622559 47.7743454 72.606041
v -50.6599236 49.4702568 72.6014404
v -50.3889084 47.6662827 67.4090195
v -48.2336655 47.34272 67.3853531
v -48.2343597 47.5126686 72.6201096
v -50.0622559 47.7743454 72.606041
v -48.2336655 47.34272 67.3853531
v -46.8898201 49.0752373 67.3752213
v -47.138298 48.9045067 72.62854
v -48.2343597 47.5126686 72.6201096
v -46.9326859 49.508606 55.9271507
v -47.7582245 51.8283348 56.086689
v -47.6902161 51.5831032 61.1026573
v -46.8396339 49.316349 61.0951843
v -47.6829071 51.5346794 61.9024963
v -50.0525818 51.8840599 61.9170876
v -49.8527145 51.5185242 66.6140366
v -47.6607628 51.1961823 66.5907593
v -50.2064095 52.1870956 56.7874947
v -51.7250595 50.2042274 57.0828438
v -51.5538139 50.0233231 61.1244583
v -50.0811653 51.9381676 61.1172295
v -51.7250595 50.2042274 57.0828438
v -50.8359909 47.8877449 56.6098442
v -50.702034 47.754776 61.1163559
v -51.5538139 50.0233231 61.1244583
v -50.8359909 47.8877449 56.6098442
v -48.4201393 46.8649979 56.5563354
v -48.3133659 47.34618 61.1033478
v -50.702034 47.754776 61.1163559
v -48.4201393 46.8649979 56.5563354
v -46.9326859 49.508606 55.9271507
v -46.8396339 49.316349 61.0951843
v -48.3133659 47.34618 61.1033478
v -41.8992233 47.1187859 64.6899185
v -42.4470634 49.1803398 64.7103729
v -42.57798 48.6226196 69.2979584
v -42.1891441 46.9559975 69.3107605
v -47.7582245 51.8283348 56.086689
v -50.2064095 52.1870956 56.7874947
v -50.0811653 51.9381676 61.1172295
v -47.6902161 51.5831032 61.1026573
v -44.4688835 49.6172676 64.7530212
v -45.9102287 48.1222725 64.7772141
v -45.3947372 47.8698921 69.2052841
v -44.2470398 49.0178032 69.2430344
v -45.9102287 48.1222725 64.7772141
v -45.3733673 46.0665016 64.7581177
v -45.0051842 46.2023773 69.2180939
v -45.3947372 47.8698921 69.2052841
v -45.3733673 46.0665016 64.7581177
v -43.3547516 45.6210442 64.7144318
v -43.3409882 45.8107452 69.27285
v -45.0051842 46.2023773 69.2180939
v -43.3547516 45.6210442 64.7144318
v -41.8992233 47.1187859 64.6899185
v -42.1891441 46.9559975 69.3107605
v -43.3409882 45.8107452 69.27285
v -42.0696068 47.1312447 53.9188385
v -42.733242 49.8993645 53.8416443
v -42.4643707 49.5539513 58.9190407
v -41.87994 47.2778969 58.9112282
v -42.4425888 49.5028763 59.7190247
v -44.6453171 49.9850807 59.7384491
v -44.5021515 49.6977043 63.9547997
v -42.4362831 49.2527275 63.9111862
v -44.851902 50.2475548 54.8791885
v -46.3584633 48.5650291 56.055603
v -46.2417145 48.4132576 58.9521027
v -44.6761856 50.0334167 58.9389801
v -46.3584633 48.5650291 56.055603
v -45.7483025 46.6725197 55.8457794
v -45.6629715 46.2152863 58.9457741
v -46.2417145 48.4132576 58.9521027
v -45.7483025 46.6725197 55.8457794
v -43.5188141 45.8749161 54.7544518
v -43.4438019 45.6861343 58.9233131
v -45.6629715 46.2152863 58.9457741
v -43.5188141 45.8749161 54.7544518
v -42.0696068 47.1312447 53.9188385
v -41.87994 47.2778969 58.9112282
v -43.4438019 45.6861343 58.9233131
v -42.733242 49.8993645 53.8416443
v -44.851902 50.2475548 54.8791885
v -44.6761856 50.0334167 58.9389801
v -42.4643707 49.5539513 58.9190407
v -47.3704948 52.3078003 48.6286087
v -49.8855133 52.4159279 55.1167526
v -47.6137238 52.1310425 54.4969025
v -51.4126663 51.9544983 40.8583488
v -52.1342583 52.6609039 48.8085594
v -47.3704948 52.3078003 48.6286087
v -47.8166161 51.3330231 40.7857132
v -58.1736374 48.0276337 66.4862747
v -58.222229 46.1487961 65.7092743
v -56.9559708 46.8908615 65.729538
v -58.1736374 48.0276337 66.4862747
v -56.9559708 46.8908615 65.729538
v -56.9930687 48.3884201 65.7309341
v -58.1736374 48.0276337 66.4862747
v -56.9930687 48.3884201 65.7309341
v -58.2745361 49.0803795 65.708519
v -58.1736374 48.0276337 66.4862747
v -58.2745361 49.0803795 65.708519
v -59.5336037 48.3449821 65.6882858
v -58.1736374 48.0276337 66.4862747
v -59.5336037 48.3449821 65.6882858
v -59.5071449 46.8559036 65.6886978
v -58.1736374 48.0276337 66.4862747
v -59.5071449 46.8559036 65.6886978
v -58.222229 46.1487961 65.7092743
v -53.943779 49.5177803 71.8449936
v -55.4133186 49.5944176 70.9210892
v -55.0934677 47.944294 70.9388275
v -53.943779 49.5177803 71.8449936
v -55.0934677 47.944294 70.9388275
v -53.5581055 47.4633255 71.0129852
v -53.943779 49.5177803 71.8449936
v -53.5581055 47.4633255 71.0129852
v -52.3832321 48.6203613 71.0615845
v -53.943779 49.5177803 71.8449936
v -52.3832321 48.6203613 71.0615845
v -52.702095 50.2371483 71.0462112
v -53.943779 49.5177803 71.8449936
v -52.702095 50.2371483 71.0462112
v -54.2767296 50.6608353 70.9735413
v -53.943779 49.5177803 71.8449936
v -54.2767296 50.6608353 70.9735413
v -55.4133186 49.5944176 70.9210892
v -48.7705498 49.7685547 73.5410461
v -50.6599236 49.4702568 72.6014404
v -50.0622559 47.7743454 72.606041
v -48.7705498 49.7685547 73.5410461
v -50.0622559 47.7743454 72.606041
v -48.2343597 47.5126686 72.6201096
v -48.7705498 49.7685547 73.5410461
v -48.2343597 47.5126686 72.6201096
v -47.138298 48.9045067 72.62854
v -48.7705498 49.7685547 73.5410461
v -47.138298 48.9045067 72.62854
v -47.7526283 50.5930786 72.6238327
v -48.7705498 49.7685547 73.5410461
v -47.7526283 50.5930786 72.6238327
v -49.5739746 50.879425 72.6098175
v -48.7705498 49.7685547 73.5410461
v -49.5739746 50.879425 72.6098175
v -50.6599236 49.4702568 72.6014404
v -43.5734558 47.8455353 70.297081
v -45.0051842 46.2023773 69.2180939
v -43.3409882 45.8107452 69.27285
v -43.5734558 47.8455353 70.297081
v -43.3409882 45.8107452 69.27285
v -42.1891441 46.9559975 69.3107605
v -43.5734558 47.8455353 70.297081
v -42.1891441 46.9559975 69.3107605
v -42.57798 48.6226196 69.2979584
v -43.5734558 47.8455353 70.297081
v -42.57798 48.6226196 69.2979584
v -44.2470398 49.0178032 69.2430344
v -43.5734558 47.8455353 70.297081
v -44.2470398 49.0178032 69.2430344
v -45.3947372 47.8698921 69.2052841
v -43.5734558 47.8455353 70.297081
v -45.3947372 47.8698921 69.2052841
v -45.0051842 46.2023773 69.2180939
v -36.2142487 41.1712646 58.6080666
v -35.7264214 41.1423073 57.1352119
v -35.5318718 43.0187187 57.5611496
v -36.2142487 41.1712646 58.6080666
v -35.5318718 43.0187187 57.5611496
v -37.2255669 43.2525291 57.8736572
v -36.2142487 41.1712646 58.6080666
v -37.2255669 43.2525291 57.8736572
v -38.5329437 42.2866173 58.4688034
v -36.2142487 41.1712646 58.6080666
v -38.5329437 42.2866173 58.4688034
v -38.3744621 40.6070137 58.5042801
v -36.2142487 41.1712646 58.6080666
v -38.3744621 40.6070137 58.5042801
v -37.3307266 39.8037987 57.5200539
v -36.2142487 41.1712646 58.6080666
v -37.3307266 39.8037987 57.5200539
v -35.7264214 41.1423073 57.1352119
v -44.2848511 43.5062714 49.1203041
v -48.4414444 44.3469276 46.7386322
v -47.2269516 42.1122894 42.9062386
v -42.6833496 42.0677567 45.9520721
v -51.1727829 45.2054367 36.9614601
v -47.4009438 46.0273247 36.9472275
v -51.2755318 44.8105469 40.7346802
v -51.5721321 44.437233 46.8349915
v -48.7102432 46.2720718 55.4621124
v -51.1234512 46.5368118 55.7869301
v -56.325634 50.2257919 56.2453728
v -55.7980423 48.1657562 56.0764656
v -55.6408539 47.9853745 60.6948547
v -56.1641884 50.0471687 60.7073364
v -42.733242 49.8993645 53.8416443
v -42.6654472 50.3470383 53.0376129
v -44.8589973 50.8600731 53.7789268
v -44.851902 50.2475548 54.8791885
v -44.851902 50.2475548 54.8791885
v -44.8589973 50.8600731 53.7789268
v -46.4356499 49.2614174 54.240036
v -46.3584633 48.5650291 56.055603
v -59.0275574 50.105896 54.619503
v -59.0942688 50.4992142 53.961998
v -61.2481232 48.0278625 52.3287354
v -60.7294617 49.0374565 53.9075699
v -59.0942688 50.4992142 53.961998
v -59.0275574 50.105896 54.619503
v -57.1087112 50.4172668 55.444561
v -56.8440628 51.6248856 54.6526222
v -52.1573143 52.7008324 55.7365952
v -49.8855133 52.4159279 55.1167526
v -52.1342583 52.6609039 48.8085594
v -56.325634 50.2257919 56.2453728
v -54.888134 51.7795486 56.3888168
v -54.5006943 52.1628532 55.1946106
v -56.8440628 51.6248856 54.6526222
v -54.888134 51.7795486 56.3888168
v -52.7698441 51.8045921 56.6850471
v -52.1573143 52.7008324 55.7365952
v -54.5006943 52.1628532 55.1946106
v -56.5477562 51.4408684 48.3676224
v -54.5006943 52.1628532 55.1946106
v -52.1342583 52.6609039 48.8085594
v -50.2064095 52.1870956 56.7874947
v -49.8855133 52.4159279 55.1167526
v -52.1573143 52.7008324 55.7365952
v -51.7250595 50.2042274 57.0828438
v -49.8855133 52.4159279 55.1167526
v -50.2064095 52.1870956 56.7874947
v -47.7582245 51.8283348 56.086689
v -47.6137238 52.1310425 54.4969025
v -52.1342583 52.6609039 48.8085594
v -49.8855133 52.4159279 55.1167526
v -47.3704948 52.3078003 48.6286087
v -43.7646866 45.5469856 52.5108871
v -43.5188141 45.8749161 54.7544518
v -45.7483025 46.6725197 55.8457794
v -46.2970314 46.0073433 55.1372795
v -48.4201393 46.8649979 56.5563354
v -48.7102432 46.2720718 55.4621124
v -46.2970314 46.0073433 55.1372795
v -46.9326859 49.508606 55.9271507
v -48.7102432 46.2720718 55.4621124
v -48.4201393 46.8649979 56.5563354
v -50.8359909 47.8877449 56.6098442
v -51.1234512 46.5368118 55.7869301
v -53.5906906 47.354599 56.4348373
v -54.0194321 46.2256851 54.889679
v -51.1234512 46.5368118 55.7869301
v -52.1845055 49.1225204 56.899147
v -54.0194321 46.2256851 54.889679
v -53.5906906 47.354599 56.4348373
v -55.7980423 48.1657562 56.0764656
v -56.7343597 46.1270714 54.0334511
v -58.8651772 45.8835526 54.4037743
v -59.0633049 45.1148758 52.961937
v -56.7343597 46.1270714 54.0334511
v -56.962883 47.1577721 55.5279579
v -59.0633049 45.1148758 52.961937
v -58.8651772 45.8835526 54.4037743
v -60.7269363 47.2443237 53.635685
v -61.2481232 48.0278625 52.3287354
v -46.2970314 46.0073433 55.1372795
v -48.7102432 46.2720718 55.4621124
v -48.4414444 44.3469276 46.7386322
v -58.2394257 43.5124817 47.3320007
v -54.0194321 46.2256851 54.889679
v -56.7343597 46.1270714 54.0334511
v -61.2481232 48.0278625 52.3287354
v -60.7269363 47.2443237 53.635685
v -60.7294617 49.0374565 53.9075699
v -56.962883 47.1577721 55.5279579
v -55.7980423 48.1657562 56.0764656
v -56.325634 50.2257919 56.2453728
v -57.1087112 50.4172668 55.444561
v -55.7980423 48.1657562 56.0764656
v -56.962883 47.1577721 55.5279579
v -56.7343597 46.1270714 54.0334511
v -56.8440628 51.6248856 54.6526222
v -57.1087112 50.4172668 55.444561
v -56.325634 50.2257919 56.2453728
v -52.1845055 49.1225204 56.899147
v -50.8359909 47.8877449 56.6098442
v -51.7250595 50.2042274 57.0828438
v -52.7698441 51.8045921 56.6850471
v -52.1573143 52.7008324 55.7365952
v -52.7698441 51.8045921 56.6850471
v -51.7250595 50.2042274 57.0828438
v -52.1845055 49.1225204 56.899147
v -51.1234512 46.5368118 55.7869301
v -50.8359909 47.8877449 56.6098442
v -47.7582245 51.8283348 56.086689
v -46.9326859 49.508606 55.9271507
v -46.4356499 49.2614174 54.240036
v -47.6137238 52.1310425 54.4969025
v -42.7970123 50.3369408 46.9291153
v -44.8589973 50.8600731 53.7789268
v -42.6654472 50.3470383 53.0376129
v -42.5067558 45.6740608 51.0828667
v -42.6654472 50.3470383 53.0376129
v -42.733242 49.8993645 53.8416443
v -42.0696068 47.1312447 53.9188385
v -46.2970314 46.0073433 55.1372795
v -45.7483025 46.6725197 55.8457794
v -46.3584633 48.5650291 56.055603
v -46.9326859 49.508606 55.9271507
v -46.9326859 49.508606 55.9271507
v -46.3584633 48.5650291 56.055603
v -46.4356499 49.2614174 54.240036
v -42.6654472 50.3470383 53.0376129
v -42.5067558 45.6740608 51.0828667
v -42.7970123 50.3369408 46.9291153
v -56.7343597 46.1270714 54.0334511
v -59.0633049 45.1148758 52.961937
v -58.2394257 43.5124817 47.3320007
v -46.4356499 49.2614174 54.240036
v -44.8589973 50.8600731 53.7789268
v -47.6137238 52.1310425 54.4969025
v -47.6137238 52.1310425 54.4969025
v -44.8589973 50.8600731 53.7789268
v -47.3704948 52.3078003 48.6286087
v -60.9542389 48.0961189 47.493763
v -59.0942688 50.4992142 53.961998
v -56.5477562 51.4408684 48.3676224
v -56.8440628 51.6248856 54.6526222
v -54.5006943 52.1628532 55.1946106
v -56.5477562 51.4408684 48.3676224
v -47.3704948 52.3078003 48.6286087
v -44.8589973 50.8600731 53.7789268
v -42.7970123 50.3369408 46.9291153
v -61.2481232 48.0278625 52.3287354
v -59.0942688 50.4992142 53.961998
v -60.9542389 48.0961189 47.493763
v -48.4414444 44.3469276 46.7386322
v -48.7102432 46.2720718 55.4621124
v -51.5721321 44.437233 46.8349915
v -51.5721321 44.437233 46.8349915
v -54.0194321 46.2256851 54.889679
v -58.2394257 43.5124817 47.3320007
v -48.4414444 44.3469276 46.7386322
v -44.2848511 43.5062714 49.1203041
v -46.2970314 46.0073433 55.1372795
v -46.2970314 46.0073433 55.1372795
v -44.2848511 43.5062714 49.1203041
v -43.7646866 45.5469856 52.5108871
v -45.4006233 43.4438629 -14.8813448
v -44.6309433 43.0590401 -21.430315
v -42.4188423 48.906456 -21.4112701
v -43.4540901 48.991436 -15.0154057
v -43.4540901 48.991436 -15.0154057
v -42.4188423 48.906456 -21.4112701
v -45.1431999 54.4414177 -21.4354172
v -46.3894272 54.0528793 -14.9608088
v -46.3894272 54.0528793 -14.9608088
v -45.1431999 54.4414177 -21.4354172
v -52.3051186 56.2562714 -21.4887257
v -52.2422142 55.366745 -11.5532436
v -45.4006233 43.4438629 -14.8813448
v -51.1494141 41.9147034 -11.5921984
v -51.7055626 40.904789 -21.4826813
v -44.6309433 43.0590401 -21.430315
v -51.1494141 41.9147034 -11.5921984
v -45.4006233 43.4438629 -14.8813448
v -45.4523811 43.7945175 -8.72490788
v -60.3541031 48.8195381 58.1233978
v -60.7294617 49.0374565 53.9075699
v -60.7269363 47.2443237 53.635685
v -60.2690773 46.8566017 58.1218643
v -59.9755516 46.7829132 61.9527931
v -60.0516663 48.629261 61.9597893
v -60.287178 48.778965 58.9264145
v -60.1989555 46.8175735 58.9202042
v -37.4284058 42.7633362 50.3929596
v -37.4496727 45.522892 50.6982307
v -37.1607857 45.248661 51.4169617
v -37.1599693 42.6068344 51.1286125
v -41.0763359 42.4907379 52.3961868
v -39.1556435 41.4806213 51.10495
v -38.8331947 41.3410378 51.8105431
v -40.6526222 42.2941666 53.0321922
v -39.2531128 46.4638214 52.0589027
v -41.1270294 44.8297424 52.8031502
v -40.7365723 44.5297966 53.4451714
v -38.9365387 46.0546799 52.6998558
v -39.1556435 41.4806213 51.10495
v -37.4284058 42.7633362 50.3929596
v -37.1599693 42.6068344 51.1286125
v -38.8331947 41.3410378 51.8105431
v -41.1270294 44.8297424 52.8031502
v -41.0763359 42.4907379 52.3961868
v -40.6526222 42.2941666 53.0321922
v -40.7365723 44.5297966 53.4451714
v -37.4496727 45.522892 50.6982307
v -39.2531128 46.4638214 52.0589027
v -38.9365387 46.0546799 52.6998558
v -37.1607857 45.248661 51.4169617
v -56.9487076 49.131752 58.1071587
v -58.7206345 49.8524284 58.104496
v -58.6669197 49.7948074 58.9117088
v -56.9204216 48.9256821 58.8893814
v -58.7206345 49.8524284 58.104496
v -60.3541031 48.8195381 58.1233978
v -60.287178 48.778965 58.9264145
v -58.6669197 49.7948074 58.9117088
v -60.3541031 48.8195381 58.1233978
v -60.2690773 46.8566017 58.1218643
v -60.1989555 46.8175735 58.9202042
v -60.287178 48.778965 58.9264145
v -60.2690773 46.8566017 58.1218643
v -58.5125046 45.9285812 58.1033859
v -58.458744 45.9344673 58.8973732
v -60.1989555 46.8175735 58.9202042
v -58.5125046 45.9285812 58.1033859
v -56.8474464 46.9856873 58.0940895
v -56.8261032 46.9522781 58.8826294
v -58.458744 45.9344673 58.8973732
v -56.8474464 46.9856873 58.0940895
v -56.9487076 49.131752 58.1071587
v -56.9204216 48.9256821 58.8893814
v -56.8261032 46.9522781 58.8826294
v -56.8811111 48.7671852 61.8378677
v -58.5334167 49.5853729 61.9032784
v -58.4874229 49.5016975 62.700573
v -56.889183 48.7048492 62.637207
v -58.5334167 49.5853729 61.9032784
v -60.0516663 48.629261 61.9597893
v -59.9626236 48.5780334 62.7556953
v -58.4874229 49.5016975 62.700573
v -60.0516663 48.629261 61.9597893
v -59.9755516 46.7829132 61.9527931
v -59.8938751 46.7875824 62.7492409
v -59.9626236 48.5780334 62.7556953
v -59.9755516 46.7829132 61.9527931
v -58.3376656 45.942585 61.8872032
v -58.3098946 45.9675751 62.6857872
v -59.8938751 46.7875824 62.7492409
v -58.3376656 45.942585 61.8872032
v -56.7975769 46.8980904 61.8301315
v -56.8122215 46.8907471 62.6300812
v -58.3098946 45.9675751 62.6857872
v -56.7975769 46.8980904 61.8301315
v -56.8811111 48.7671852 61.8378677
v -56.889183 48.7048492 62.637207
v -56.8122215 46.8907471 62.6300812
v -52.5845108 50.7436371 65.8850021
v -54.4694481 51.1762848 65.8979492
v -54.4353065 51.1041527 66.6969299
v -52.5897331 50.6736565 66.6840744
v -54.4694481 51.1762848 65.8979492
v -55.8469887 49.8121948 65.9034805
v -55.7864075 49.77668 66.7026901
v -54.4353065 51.1041527 66.6969299
v -55.8469887 49.8121948 65.9034805
v -55.4259796 47.9238777 65.89711
v -55.3820114 47.9221382 66.6966934
v -55.7864075 49.77668 66.7026901
v -55.4259796 47.9238777 65.89711
v -53.5026474 47.4230156 65.8786087
v -53.5039139 47.4198456 66.6783676
v -55.3820114 47.9221382 66.6966934
v -53.5026474 47.4230156 65.8786087
v -52.1049042 48.7965736 65.8729095
v -52.1291733 48.7641678 66.672287
v -53.5039139 47.4198456 66.6783676
v -52.1049042 48.7965736 65.8729095
v -52.5845108 50.7436371 65.8850021
v -52.5897331 50.6736565 66.6840744
v -52.1291733 48.7641678 66.672287
v -52.099823 49.0395889 60.6260223
v -52.6570511 51.1711807 60.6406364
v -52.6406708 51.0774841 61.4382362
v -52.0919456 49.0113907 61.4249268
v -52.6570511 51.1711807 60.6406364
v -54.7180901 51.5666771 60.6791344
v -54.682888 51.5160484 61.4799194
v -52.6406708 51.0774841 61.4382362
v -54.7180901 51.5666771 60.6791344
v -56.1641884 50.0471687 60.7073364
v -56.1244736 50.012886 61.5076942
v -54.682888 51.5160484 61.4799194
v -56.1641884 50.0471687 60.7073364
v -55.6408539 47.9853745 60.6948547
v -55.6104889 47.9659348 61.4948196
v -56.1244736 50.012886 61.5076942
v -55.6408539 47.9853745 60.6948547
v -53.5511436 47.4961929 60.6531715
v -53.543705 47.5024261 61.4528465
v -55.6104889 47.9659348 61.4948196
v -53.5511436 47.4961929 60.6531715
v -52.099823 49.0395889 60.6260223
v -52.0919456 49.0113907 61.4249268
v -53.543705 47.5024261 61.4528465
v -47.6607628 51.1961823 66.5907593
v -49.8527145 51.5185242 66.6140366
v -49.8170242 51.4440422 67.4129257
v -47.6655083 51.1265793 67.3900833
v -49.8527145 51.5185242 66.6140366
v -51.2131615 49.7573967 66.6243515
v -51.1500244 49.7187996 67.4230347
v -49.8170242 51.4440422 67.4129257
v -51.2131615 49.7573967 66.6243515
v -50.4341202 47.6641769 66.6098251
v -50.3889084 47.6662827 67.4090195
v -51.1500244 49.7187996 67.4230347
v -50.4341202 47.6641769 66.6098251
v -48.2387505 47.334034 66.5857697
v -48.2336655 47.34272 67.3853531
v -50.3889084 47.6662827 67.4090195
v -48.2387505 47.334034 66.5857697
v -46.8681145 49.1037941 66.5755234
v -46.8898201 49.0752373 67.3752213
v -48.2336655 47.34272 67.3853531
v -46.8681145 49.1037941 66.5755234
v -47.6607628 51.1961823 66.5907593
v -47.6655083 51.1265793 67.3900833
v -46.8898201 49.0752373 67.3752213
v -47.6902161 51.5831032 61.1026573
v -50.0811653 51.9381676 61.1172295
v -50.0525818 51.8840599 61.9170876
v -47.6829071 51.5346794 61.9024963
v -50.0811653 51.9381676 61.1172295
v -51.5538139 50.0233231 61.1244583
v -51.5114784 49.9859657 61.9245453
v -50.0525818 51.8840599 61.9170876
v -51.5538139 50.0233231 61.1244583
v -50.702034 47.754776 61.1163559
v -50.6700325 47.7367706 61.9169502
v -51.5114784 49.9859657 61.9245453
v -50.702034 47.754776 61.1163559
v -48.3133659 47.34618 61.1033478
v -48.2988701 47.3841209 61.9022942
v -50.6700325 47.7367706 61.9169502
v -48.3133659 47.34618 61.1033478
v -46.8396339 49.316349 61.0951843
v -46.8352509 49.2859268 61.8948135
v -48.2988701 47.3841209 61.9022942
v -46.8396339 49.316349 61.0951843
v -47.6902161 51.5831032 61.1026573
v -47.6829071 51.5346794 61.9024963
v -46.8352509 49.2859268 61.8948135
v -42.4362831 49.2527275 63.9111862
v -44.5021515 49.6977043 63.9547997
v -44.4688835 49.6172676 64.7530212
v -42.4470634 49.1803398 64.7103729
v -44.5021515 49.6977043 63.9547997
v -45.9779663 48.1646194 63.9794922
v -45.9102287 48.1222725 64.7772141
v -44.4688835 49.6172676 64.7530212
v -45.9779663 48.1646194 63.9794922
v -45.4258728 46.0624962 63.9596977
v -45.3733673 46.0665016 64.7581177
v -45.9102287 48.1222725 64.7772141
v -45.4258728 46.0624962 63.9596977
v -43.3624268 45.6095161 63.9151154
v -43.3547516 45.6210442 64.7144318
v -45.3733673 46.0665016 64.7581177
v -43.3624268 45.6095161 63.9151154
v -41.8734055 47.1454544 63.8902054
v -41.8992233 47.1187859 64.6899185
v -43.3547516 45.6210442 64.7144318
v -41.8734055 47.1454544 63.8902054
v -42.4362831 49.2527275 63.9111862
v -42.4470634 49.1803398 64.7103729
v -41.8992233 47.1187859 64.6899185
v -42.4643707 49.5539513 58.9190407
v -44.6761856 50.0334167 58.9389801
v -44.6453171 49.9850807 59.7384491
v -42.4425888 49.5028763 59.7190247
v -44.6761856 50.0334167 58.9389801
v -46.2417145 48.4132576 58.9521027
v -46.2042313 48.3726768 59.7509079
v -44.6453171 49.9850807 59.7384491
v -46.2417145 48.4132576 58.9521027
v -45.6629715 46.2152863 58.9457741
v -45.6324196 46.1484032 59.7438736
v -46.2042313 48.3726768 59.7509079
v -45.6629715 46.2152863 58.9457741
v -43.4438019 45.6861343 58.9233131
v -43.43013 45.6628799 59.7243576
v -45.6324196 46.1484032 59.7438736
v -43.4438019 45.6861343 58.9233131
v -41.87994 47.2778969 58.9112282
v -41.8654785 47.2770538 59.711895
v -43.43013 45.6628799 59.7243576
v -41.87994 47.2778969 58.9112282
v -42.4643707 49.5539513 58.9190407
v -42.4425888 49.5028763 59.7190247
v -41.8654785 47.2770538 59.711895
v -40.5908775 43.8772125 44.1380196
v -40.8865623 48.0047073 44.5358696
v -37.4496727 45.522892 50.6982307
v -37.4284058 42.7633362 50.3929596
v 43.3879509 55.2644577 -48.3326912
v 51.0500259 57.3878403 -48.5348663
v 50.7073059 58.0102997 -73.1919785
v 43.1679802 55.5928955 -73.1651993
v 51.0500259 57.3878403 -48.5348663
v 58.7026482 55.1063347 -48.7364922
v 58.2895889 55.5079803 -73.2188644
v 50.7073059 58.0102997 -73.1919785
v 58.7026482 55.1063347 -48.7364922
v 61.9281845 48.4225922 -48.8211136
v 61.3241959 48.4745216 -73.2295609
v 58.2895889 55.5079803 -73.2188644
v 61.9281845 48.4225922 -48.8211136
v 58.4784813 41.9156609 -48.729763
v 58.1065369 41.5462341 -73.2181244
v 61.3241959 48.4745216 -73.2295609
v 58.4784813 41.9156609 -48.729763
v 50.8143196 39.7614441 -48.5275421
v 50.5647202 39.1497726 -73.1913376
v 58.1065369 41.5462341 -73.2181244
v 50.8143196 39.7614441 -48.5275421
v 43.1588936 42.0362549 -48.3258095
v 43.0414429 41.6300087 -73.1646957
v 50.5647202 39.1497726 -73.1913376
v 43.1588936 42.0362549 -48.3258095
v 39.9000015 48.7975235 -48.2402992
v 39.971714 48.6477242 -73.1538391
v 43.0414429 41.6300087 -73.1646957
v 39.9000015 48.7975235 -48.2402992
v 43.3879509 55.2644577 -48.3326912
v 43.1679802 55.5928955 -73.1651993
v 39.971714 48.6477242 -73.1538391
v 42.4188538 48.9064598 -21.411272
v 45.1432076 54.4414177 -21.4354172
v 43.3879509 55.2644577 -48.3326912
v 39.9000015 48.7975235 -48.2402992
v 45.1432076 54.4414177 -21.4354172
v 52.3051338 56.256279 -21.4887257
v 51.0500259 57.3878403 -48.5348663
v 43.3879509 55.2644577 -48.3326912
v 52.3051338 56.256279 -21.4887257
v 58.3152008 54.1204414 -21.541214
v 58.7026482 55.1063347 -48.7364922
v 51.0500259 57.3878403 -48.5348663
v 58.3152008 54.1204414 -21.541214
v 60.5523453 48.278923 -21.560503
v 61.9281845 48.4225922 -48.8211136
v 58.7026482 55.1063347 -48.7364922
v 60.5523453 48.278923 -21.560503
v 57.8469772 42.7238426 -21.536541
v 58.4784813 41.9156609 -48.729763
v 61.9281845 48.4225922 -48.8211136
v 57.8469772 42.7238426 -21.536541
v 51.705574 40.9048004 -21.4826813
v 50.8143196 39.7614441 -48.5275421
v 58.4784813 41.9156609 -48.729763
v 51.705574 40.9048004 -21.4826813
v 44.6309547 43.0590477 -21.4303169
v 43.1588936 42.0362549 -48.3258095
v 50.8143196 39.7614441 -48.5275421
v 44.6309547 43.0590477 -21.4303169
v 42.4188538 48.9064598 -21.411272
v 39.9000015 48.7975235 -48.2402992
v 43.1588936 42.0362549 -48.3258095
v 50.4839592 42.1540413 -1.33724368
v 45.0003471 44.2087479 -1.13541377
v 45.4523849 43.7945213 -8.72491074
v 51.1494217 41.9147148 -11.5921993
v 45.0003471 44.2087479 -1.13541377
v 43.1808434 49.1613274 -1.07331157
v 43.6482964 49.0714493 -8.7474699
v 45.4523849 43.7945213 -8.72491074
v 43.1808434 49.1613274 -1.07331157
v 46.4689827 53.4372749 -1.1855284
v 46.752655 53.7369995 -8.69242287
v 43.6482964 49.0714493 -8.7474699
v 46.4689827 53.4372749 -1.1855284
v 52.2017899 54.5626411 -1.39584577
v 52.242218 55.3667526 -11.5532455
v 46.752655 53.7369995 -8.69242287
v 52.2017899 54.5626411 -1.39584577
v 58.0831604 52.4626846 -1.59657919
v 58.2536888 53.0116119 -11.4274702
v 52.242218 55.3667526 -11.5532455
v 58.0831604 52.4626846 -1.59657919
v 59.8410492 47.4960403 -1.65658641
v 60.3701363 47.9366684 -11.4319506
v 58.2536888 53.0116119 -11.4274702
v 59.8410492 47.4960403 -1.65658641
v 56.6528511 43.3173218 -1.54777861
v 57.4548836 43.4193306 -11.4211655
v 60.3701363 47.9366684 -11.4319506
v 56.6528511 43.3173218 -1.54777861
v 50.4839592 42.1540413 -1.33724368
v 51.1494217 41.9147148 -11.5921993
v 57.4548836 43.4193306 -11.4211655
v 47.6608582 51.5175171 36.9482193
v 51.4224396 52.2408676 36.9624138
v 51.6490173 53.5117836 17.3398094
v 47.1978378 52.5454597 17.4502106
v 51.4224396 52.2408676 36.9624138
v 55.4293442 51.4236984 36.9765396
v 56.5608788 52.2860603 17.403307
v 51.6490173 53.5117836 17.3398094
v 55.4293442 51.4236984 36.9765396
v 57.694191 48.5921173 36.9309578
v 58.8764648 48.1364899 17.5329952
v 56.5608788 52.2860603 17.403307
v 57.694191 48.5921173 36.9309578
v 55.1975784 45.9358215 37.0197678
v 56.0477676 44.3915215 17.5498428
v 58.8764648 48.1364899 17.5329952
v 55.1975784 45.9358215 37.0197678
v 51.1727829 45.2054329 36.9614601
v 50.9652557 43.3927345 17.6588116
v 56.0477676 44.3915215 17.5498428
v 51.1727829 45.2054329 36.9614601
v 47.4009438 46.027317 36.9472237
v 46.544529 44.6532707 17.9153938
v 50.9652557 43.3927345 17.6588116
v 47.4009438 46.027317 36.9472237
v 45.4725914 48.8690567 36.9399529
v 44.3096237 48.9040794 17.7322006
v 46.544529 44.6532707 17.9153938
v 45.4725914 48.8690567 36.9399529
v 47.6608582 51.5175171 36.9482193
v 47.1978378 52.5454597 17.4502106
v 44.3096237 48.9040794 17.7322006
v 46.8352509 49.2859306 61.8948021
v 46.8681221 49.1038055 66.5755157
v 47.6607666 51.1961861 66.5907516
v 47.6829071 51.534687 61.9024849
v 50.0525818 51.8840599 61.9170723
v 49.8527145 51.5185356 66.6140289
v 51.2131691 49.7574005 66.6243439
v 51.5114784 49.9859657 61.9245338
v 51.5114784 49.9859657 61.9245338
v 51.2131691 49.7574005 66.6243439
v 50.434124 47.6641846 66.6098251
v 50.6700325 47.7367783 61.9169388
v 50.6700325 47.7367783 61.9169388
v 50.434124 47.6641846 66.6098251
v 48.2387543 47.3340454 66.585762
v 48.2988701 47.3841248 61.9022827
v 48.2988701 47.3841248 61.9022827
v 48.2387543 47.3340454 66.585762
v 46.8681221 49.1038055 66.5755157
v 46.8352509 49.2859306 61.8948021
v 47.6655197 51.1265984 67.3900757
v 47.7526474 50.5931015 72.6238251
v 49.5739937 50.8794441 72.6098099
v 49.8170395 51.4440575 67.4129257
v 58.8764648 48.1364899 17.5329952
v 56.0477676 44.3915215 17.5498428
v 56.6528511 43.3173218 -1.54777861
v 59.8410492 47.4960403 -1.65658641
v 56.0477676 44.3915215 17.5498428
v 50.9652557 43.3927345 17.6588116
v 50.4839592 42.1540413 -1.33724368
v 56.6528511 43.3173218 -1.54777861
v 50.9652557 43.3927345 17.6588116
v 46.544529 44.6532707 17.9153938
v 45.0003471 44.2087479 -1.13541377
v 50.4839592 42.1540413 -1.33724368
v 46.544529 44.6532707 17.9153938
v 44.3096237 48.9040794 17.7322006
v 43.1808434 49.1613274 -1.07331157
v 45.0003471 44.2087479 -1.13541377
v 44.3096237 48.9040794 17.7322006
v 47.1978378 52.5454597 17.4502106
v 46.4689827 53.4372749 -1.1855284
v 43.1808434 49.1613274 -1.07331157
v 47.1978378 52.5454597 17.4502106
v 51.6490173 53.5117836 17.3398094
v 52.2017899 54.5626411 -1.39584577
v 46.4689827 53.4372749 -1.1855284
v 51.6490173 53.5117836 17.3398094
v 56.5608788 52.2860603 17.403307
v 58.0831604 52.4626846 -1.59657919
v 52.2017899 54.5626411 -1.39584577
v 56.5608788 52.2860603 17.403307
v 58.8764648 48.1364899 17.5329952
v 59.8410492 47.4960403 -1.65658641
v 58.0831604 52.4626846 -1.59657919
v 60.3701363 47.9366684 -11.4319506
v 57.4548836 43.4193306 -11.4211655
v 57.8469772 42.7238426 -21.536541
v 60.5523453 48.278923 -21.560503
v 57.4548836 43.4193306 -11.4211655
v 51.1494217 41.9147148 -11.5921993
v 51.705574 40.9048004 -21.4826813
v 57.8469772 42.7238426 -21.536541
v 45.4523849 43.7945213 -8.72491074
v 43.6482964 49.0714493 -8.7474699
v 43.4540939 48.9914398 -15.0154085
v 45.400631 43.4438667 -14.8813477
v 43.6482964 49.0714493 -8.7474699
v 46.752655 53.7369995 -8.69242287
v 46.3894348 54.052887 -14.9608116
v 43.4540939 48.9914398 -15.0154085
v 46.752655 53.7369995 -8.69242287
v 52.242218 55.3667526 -11.5532455
v 46.3894348 54.052887 -14.9608116
v 52.242218 55.3667526 -11.5532455
v 58.2536888 53.0116119 -11.4274702
v 58.3152008 54.1204414 -21.541214
v 52.3051338 56.256279 -21.4887257
v 58.2536888 53.0116119 -11.4274702
v 60.3701363 47.9366684 -11.4319506
v 60.5523453 48.278923 -21.560503
v 58.3152008 54.1204414 -21.541214
v 52.0919456 49.0113907 61.4249458
v 52.1048965 48.7965775 65.8729324
v 52.5845108 50.7436371 65.8850174
v 52.6406784 51.0774765 61.4382477
v 54.6828918 51.5160408 61.4799347
v 54.4694443 51.1762848 65.8979645
v 55.8469887 49.8121948 65.9035034
v 56.1244736 50.0128784 61.5077133
v 56.1244736 50.0128784 61.5077133
v 55.8469887 49.8121948 65.9035034
v 55.425972 47.9238815 65.8971329
v 55.6104965 47.9659309 61.4948387
v 55.6104965 47.9659309 61.4948387
v 55.425972 47.9238815 65.8971329
v 53.5026436 47.4230194 65.8786316
v 53.5437088 47.5024223 61.4528656
v 53.5437088 47.5024223 61.4528656
v 53.5026436 47.4230194 65.8786316
v 52.1048965 48.7965775 65.8729324
v 52.0919456 49.0113907 61.4249458
v 52.5897255 50.6736565 66.6840897
v 52.7020798 50.2371559 71.0462112
v 54.2767105 50.6608429 70.9735489
v 54.4352875 51.1041565 66.6969376
v 41.8654785 47.2770538 59.711895
v 41.8734055 47.1454544 63.8902054
v 42.4362831 49.2527275 63.9111862
v 42.4425888 49.5028763 59.7190247
v 44.6453171 49.9850807 59.7384491
v 44.5021515 49.6977043 63.9547997
v 45.9779663 48.1646194 63.9794922
v 46.2042313 48.3726768 59.7509079
v 46.2042313 48.3726768 59.7509079
v 45.9779663 48.1646194 63.9794922
v 45.4258728 46.0624962 63.9596977
v 45.6324196 46.1484032 59.7438736
v 45.6324196 46.1484032 59.7438736
v 45.4258728 46.0624962 63.9596977
v 43.3624268 45.6095161 63.9151154
v 43.43013 45.6628799 59.7243576
v 43.43013 45.6628799 59.7243576
v 43.3624268 45.6095161 63.9151154
v 41.8734055 47.1454544 63.8902054
v 41.8654785 47.2770538 59.711895
v 42.4470634 49.1803398 64.7103729
v 42.57798 48.6226196 69.2979584
v 44.2470398 49.0178032 69.2430344
v 44.4688835 49.6172676 64.7530212
v 58.4874382 49.5017014 62.7005615
v 58.2745552 49.0803833 65.7084961
v 59.5336151 48.3449821 65.6882706
v 59.962635 48.5780373 62.7556801
v 59.962635 48.5780373 62.7556801
v 59.5336151 48.3449821 65.6882706
v 59.5071602 46.8559074 65.6886826
v 59.8938866 46.7875862 62.7492294
v 59.8938866 46.7875862 62.7492294
v 59.5071602 46.8559074 65.6886826
v 58.2222443 46.1488037 65.709259
v 58.309906 45.9675789 62.6857758
v 58.309906 45.9675789 62.6857758
v 58.2222443 46.1488037 65.709259
v 56.955986 46.890873 65.7295303
v 56.812233 46.8907547 62.6300659
v 52.1291618 48.7641754 66.6723022
v 52.383213 48.620369 71.0615921
v 52.7020798 50.2371559 71.0462112
v 52.5897255 50.6736565 66.6840897
v 56.8891945 48.7048531 62.6371956
v 56.993084 48.3884239 65.7309189
v 58.2745552 49.0803833 65.7084961
v 58.4874382 49.5017014 62.7005615
v 56.9628906 47.1577682 55.5279732
v 56.8474541 46.9856873 58.094101
v 56.9487152 49.131752 58.1071701
v 57.1087189 50.4172668 55.4445648
v 42.7970123 50.3369408 46.9291077
v 39.253109 46.4638176 52.0588989
v 41.1270218 44.8297424 52.8031464
v 42.5067558 45.6740608 51.082859
v 42.5067558 45.6740608 51.082859
v 41.1270218 44.8297424 52.8031464
v 41.0763283 42.4907379 52.396183
v 44.2848434 43.5062714 49.1203003
v 40.7365685 44.5297966 53.4451637
v 38.5329399 42.2866135 58.4687996
v 38.3744583 40.6070137 58.5042763
v 40.6526184 42.2941628 53.0321884
v 44.2848434 43.5062714 49.1203003
v 41.0763283 42.4907379 52.396183
v 39.1556396 41.4806175 51.1049423
v 42.683342 42.0677528 45.9520645
v 42.683342 42.0677528 45.9520645
v 39.1556396 41.4806175 51.1049423
v 37.4283981 42.7633324 50.3929482
v 40.5908699 43.8772087 44.1380119
v 40.6526184 42.2941628 53.0321884
v 38.3744583 40.6070137 58.5042763
v 37.330719 39.8037949 57.52005
v 38.8331909 41.3410378 51.8105354
v 38.8331909 41.3410378 51.8105354
v 37.330719 39.8037949 57.52005
v 35.7264175 41.1423073 57.1352043
v 37.1599655 42.6068268 51.1286049
v 37.1599655 42.6068268 51.1286049
v 35.7264175 41.1423073 57.1352043
v 35.531868 43.0187187 57.5611458
v 37.1607819 45.2486572 51.4169617
v 37.1607819 45.2486572 51.4169617
v 35.531868 43.0187187 57.5611458
v 37.225563 43.2525253 57.8736534
v 38.9365311 46.0546761 52.699852
v 40.8865585 48.0047035 44.5358658
v 37.4496651 45.5228882 50.6982269
v 39.253109 46.4638176 52.0588989
v 42.7970123 50.3369408 46.9291077
v 38.9365311 46.0546761 52.699852
v 37.225563 43.2525253 57.8736534
v 38.5329399 42.2866135 58.4687996
v 40.7365685 44.5297966 53.4451637
v 55.4293442 51.4236984 36.9765396
v 51.4224396 52.2408676 36.9624138
v 51.4126663 51.9544907 40.8583488
v 55.4803619 50.9093361 40.8588867
v 47.6608582 51.5175171 36.9482193
v 47.8166161 51.3330231 40.7857094
v 51.4126663 51.9544907 40.8583488
v 51.4224396 52.2408676 36.9624138
v 47.8166161 51.3330231 40.7857094
v 47.6608582 51.5175171 36.9482193
v 45.4725914 48.8690567 36.9399529
v 44.7712212 49.5462341 40.6068687
v 45.4725914 48.8690567 36.9399529
v 47.4009438 46.027317 36.9472237
v 44.8010025 44.4477425 39.8258133
v 44.7712212 49.5462341 40.6068687
v 55.4803619 50.9093361 40.8588867
v 59.0622559 48.273243 40.90942
v 57.694191 48.5921173 36.9309578
v 55.4293442 51.4236984 36.9765396
v 57.694191 48.5921173 36.9309578
v 59.0622559 48.273243 40.90942
v 56.8563576 44.1160851 40.7309761
v 55.1975784 45.9358215 37.0197678
v 56.8563576 44.1160851 40.7309761
v 51.2755394 44.8105469 40.7346764
v 51.1727829 45.2054329 36.9614601
v 55.1975784 45.9358215 37.0197678
v 44.8010025 44.4477425 39.8258133
v 47.4009438 46.027317 36.9472237
v 51.2755394 44.8105469 40.7346764
v 47.2269478 42.1122856 42.9062309
v 44.7712212 49.5462341 40.6068687
v 44.8010025 44.4477425 39.8258133
v 40.5908699 43.8772087 44.1380119
v 40.8865585 48.0047035 44.5358658
v 44.7712212 49.5462341 40.6068687
v 40.8865585 48.0047035 44.5358658
v 42.7970123 50.3369408 46.9291077
v 47.8166161 51.3330231 40.7857094
v 47.2269478 42.1122856 42.9062309
v 42.683342 42.0677528 45.9520645
v 40.5908699 43.8772087 44.1380119
v 44.8010025 44.4477425 39.8258133
v 47.8166161 51.3330231 40.7857094
v 42.7970123 50.3369408 46.9291077
v 47.3704987 52.3077927 48.6286011
v 52.1342506 52.6609039 48.8085594
v 56.5477486 51.4408684 48.3676186
v 55.4803619 50.9093361 40.8588867
v 51.4126663 51.9544907 40.8583488
v 55.4803619 50.9093361 40.8588867
v 56.5477486 51.4408684 48.3676186
v 60.9542389 48.0961189 47.493763
v 59.0622559 48.273243 40.90942
v 60.9542389 48.0961189 47.493763
v 58.2394257 43.5124817 47.3320007
v 56.8563576 44.1160851 40.7309761
v 59.0622559 48.273243 40.90942
v 56.8563576 44.1160851 40.7309761
v 58.2394257 43.5124817 47.3320007
v 51.5721321 44.437233 46.8349876
v 51.2755394 44.8105469 40.7346764
v 48.4414444 44.3469276 46.7386284
v 47.2269478 42.1122856 42.9062309
v 51.2755394 44.8105469 40.7346764
v 51.5721321 44.437233 46.8349876
v 51.5721321 44.437233 46.8349876
v 54.0194283 46.2256851 54.889679
v 51.1234589 46.5368156 55.7869301
v 58.2394257 43.5124817 47.3320007
v 60.9542389 48.0961189 47.493763
v 61.2481232 48.0278625 52.3287354
v 59.0633049 45.1148758 52.961937
v 56.5477486 51.4408684 48.3676186
v 56.8440552 51.6248856 54.6526222
v 59.0942688 50.4992142 53.961998
v 52.1342506 52.6609039 48.8085594
v 52.1573143 52.7008324 55.7365875
v 54.5006866 52.1628532 55.1946106
v 43.5188141 45.8749161 54.7544518
v 42.0696068 47.1312447 53.9188385
v 42.5067558 45.6740608 51.082859
v 43.7646866 45.5469856 52.5108871
v 43.7646866 45.5469856 52.5108871
v 42.5067558 45.6740608 51.082859
v 44.2848434 43.5062714 49.1203003
v 56.8260956 46.9522781 58.8826294
v 56.7975769 46.8980942 61.8301239
v 56.8811188 48.767189 61.8378639
v 56.920414 48.9256859 58.8893814
v 58.5334167 49.5853767 61.9032707
v 60.0516663 48.6292648 61.9597855
v 60.2871704 48.778965 58.9264145
v 58.6669159 49.7948074 58.9117088
v 58.512516 45.9285851 58.1033974
v 56.8474541 46.9856873 58.094101
v 56.9628906 47.1577682 55.5279732
v 58.8651772 45.8835526 54.4037743
v 56.812233 46.8907547 62.6300659
v 56.955986 46.890873 65.7295303
v 56.993084 48.3884239 65.7309189
v 56.8891945 48.7048531 62.6371956
v 60.2690811 46.8566017 58.1218758
v 58.512516 45.9285851 58.1033974
v 58.8651772 45.8835526 54.4037743
v 60.7269363 47.2443237 53.635685
v 57.1087189 50.4172668 55.4445648
v 56.9487152 49.131752 58.1071701
v 58.7206497 49.8524284 58.1045074
v 59.027565 50.1058922 54.6195145
v 59.027565 50.1058922 54.6195145
v 58.7206497 49.8524284 58.1045074
v 60.3541145 48.8195381 58.1234131
v 60.7294617 49.0374565 53.9075775
v 59.9755592 46.7829208 61.9527855
v 58.3376656 45.9425926 61.8871956
v 58.458744 45.9344673 58.8973808
v 60.1989517 46.8175774 58.9202042
v 58.3376656 45.9425926 61.8871956
v 56.7975769 46.8980942 61.8301239
v 56.8260956 46.9522781 58.8826294
v 58.458744 45.9344673 58.8973808
v 56.920414 48.9256859 58.8893814
v 56.8811188 48.767189 61.8378639
v 58.5334167 49.5853767 61.9032707
v 58.6669159 49.7948074 58.9117088
v 54.4352875 51.1041565 66.6969376
v 54.2767105 50.6608429 70.9735489
v 55.4132996 49.5944252 70.9210968
v 55.7863884 49.7766914 66.7027054
v 55.7863884 49.7766914 66.7027054
v 55.4132996 49.5944252 70.9210968
v 55.0934486 47.9443054 70.9388275
v 55.382 47.9221458 66.6967087
v 55.382 47.9221458 66.6967087
v 55.0934486 47.9443054 70.9388275
v 53.5580864 47.4633369 71.0129929
v 53.5039024 47.4198494 66.6783829
v 53.5039024 47.4198494 66.6783829
v 53.5580864 47.4633369 71.0129929
v 52.383213 48.620369 71.0615921
v 52.1291618 48.7641754 66.6723022
v 53.5906868 47.354599 56.4348373
v 53.5511551 47.4961853 60.653183
v 52.0998306 49.0395813 60.6260338
v 52.1845055 49.1225204 56.899147
v 52.6406784 51.0774765 61.4382477
v 52.5845108 50.7436371 65.8850174
v 54.4694443 51.1762848 65.8979645
v 54.6828918 51.5160408 61.4799347
v 52.7698441 51.8045921 56.6850471
v 52.6570549 51.1711769 60.6406479
v 54.7181015 51.5666695 60.6791496
v 54.8881416 51.779541 56.3888168
v 56.1641922 50.0471573 60.7073402
v 56.325634 50.2257843 56.2453804
v 54.8881416 51.779541 56.3888168
v 54.7181015 51.5666695 60.6791496
v 55.7980423 48.1657562 56.0764694
v 55.6408577 47.9853706 60.6948662
v 53.5511551 47.4961853 60.653183
v 53.5906868 47.354599 56.4348373
v 46.8898392 49.0752525 67.3752136
v 47.1383171 48.9045334 72.6285248
v 47.7526474 50.5931015 72.6238251
v 47.6655197 51.1265984 67.3900757
v 52.1845055 49.1225204 56.899147
v 52.0998306 49.0395813 60.6260338
v 52.6570549 51.1711769 60.6406479
v 52.7698441 51.8045921 56.6850471
v 49.8170395 51.4440575 67.4129257
v 49.5739937 50.8794441 72.6098099
v 50.6599426 49.4702797 72.6014328
v 51.1500282 49.7188187 67.423027
v 51.1500282 49.7188187 67.423027
v 50.6599426 49.4702797 72.6014328
v 50.0622749 47.7743645 72.6060333
v 50.3889198 47.6663055 67.4090118
v 50.3889198 47.6663055 67.4090118
v 50.0622749 47.7743645 72.6060333
v 48.234375 47.5126877 72.6200943
v 48.2336769 47.3427391 67.3853531
v 48.2336769 47.3427391 67.3853531
v 48.234375 47.5126877 72.6200943
v 47.1383171 48.9045334 72.6285248
v 46.8898392 49.0752525 67.3752136
v 46.9326897 49.508606 55.9271431
v 46.8396339 49.3163567 61.0951767
v 47.6902161 51.5831108 61.1026497
v 47.7582283 51.8283386 56.0866814
v 47.6829071 51.534687 61.9024849
v 47.6607666 51.1961861 66.5907516
v 49.8527145 51.5185356 66.6140289
v 50.0525818 51.8840599 61.9170723
v 50.2064171 52.1870995 56.7874908
v 50.0811653 51.9381752 61.1172256
v 51.5538139 50.0233269 61.1244545
v 51.7250595 50.2042313 57.0828438
v 51.7250595 50.2042313 57.0828438
v 51.5538139 50.0233269 61.1244545
v 50.702034 47.7547798 61.1163406
v 50.8359985 47.8877525 56.6098366
v 50.8359985 47.8877525 56.6098366
v 50.702034 47.7547798 61.1163406
v 48.3133659 47.34618 61.1033363
v 48.4201469 46.8650093 56.5563354
v 48.4201469 46.8650093 56.5563354
v 48.3133659 47.34618 61.1033363
v 46.8396339 49.3163567 61.0951767
v 46.9326897 49.508606 55.9271431
v 41.8992233 47.1187859 64.6899185
v 42.1891441 46.9559975 69.3107605
v 42.57798 48.6226196 69.2979584
v 42.4470634 49.1803398 64.7103729
v 47.7582283 51.8283386 56.0866814
v 47.6902161 51.5831108 61.1026497
v 50.0811653 51.9381752 61.1172256
v 50.2064171 52.1870995 56.7874908
v 44.4688835 49.6172676 64.7530212
v 44.2470398 49.0178032 69.2430344
v 45.3947372 47.8698921 69.2052841
v 45.9102287 48.1222725 64.7772141
v 45.9102287 48.1222725 64.7772141
v 45.3947372 47.8698921 69.2052841
v 45.0051842 46.2023773 69.2180939
v 45.3733673 46.0665016 64.7581177
v 45.3733673 46.0665016 64.7581177
v 45.0051842 46.2023773 69.2180939
v 43.3409882 45.8107452 69.27285
v 43.3547516 45.6210442 64.7144318
v 43.3547516 45.6210442 64.7144318
v 43.3409882 45.8107452 69.27285
v 42.1891441 46.9559975 69.3107605
v 41.8992233 47.1187859 64.6899185
v 42.0696068 47.1312447 53.9188385
v 41.87994 47.2778969 58.9112282
v 42.4643707 49.5539513 58.9190407
v 42.733242 49.8993645 53.8416443
v 42.4425888 49.5028763 59.7190247
v 42.4362831 49.2527275 63.9111862
v 44.5021515 49.6977043 63.9547997
v 44.6453171 49.9850807 59.7384491
v 44.851902 50.2475548 54.8791885
v 44.6761856 50.0334167 58.9389801
v 46.2417145 48.4132576 58.9521027
v 46.3584633 48.5650291 56.055603
v 46.3584633 48.5650291 56.055603
v 46.2417145 48.4132576 58.9521027
v 45.6629715 46.2152863 58.9457741
v 45.7483025 46.6725197 55.8457718
v 45.7483025 46.6725197 55.8457718
v 45.6629715 46.2152863 58.9457741
v 43.4438019 45.6861343 58.9233131
v 43.5188141 45.8749161 54.7544518
v 43.5188141 45.8749161 54.7544518
v 43.4438019 45.6861343 58.9233131
v 41.87994 47.2778969 58.9112282
v 42.0696068 47.1312447 53.9188385
v 42.733242 49.8993645 53.8416443
v 42.4643707 49.5539513 58.9190407
v 44.6761856 50.0334167 58.9389801
v 44.851902 50.2475548 54.8791885
v 47.3704987 52.3077927 48.6286011
v 47.6137276 52.1310349 54.4968872
v 49.8855171 52.4159279 55.1167412
v 51.4126663 51.9544907 40.8583488
v 47.8166161 51.3330231 40.7857094
v 47.3704987 52.3077927 48.6286011
v 52.1342506 52.6609039 48.8085594
v 58.1736565 48.0276413 66.4862595
v 56.955986 46.890873 65.7295303
v 58.2222443 46.1488037 65.709259
v 58.1736565 48.0276413 66.4862595
v 56.993084 48.3884239 65.7309189
v 56.955986 46.890873 65.7295303
v 58.1736565 48.0276413 66.4862595
v 58.2745552 49.0803833 65.7084961
v 56.993084 48.3884239 65.7309189
v 58.1736565 48.0276413 66.4862595
v 59.5336151 48.3449821 65.6882706
v 58.2745552 49.0803833 65.7084961
v 58.1736565 48.0276413 66.4862595
v 59.5071602 46.8559074 65.6886826
v 59.5336151 48.3449821 65.6882706
v 58.1736565 48.0276413 66.4862595
v 58.2222443 46.1488037 65.709259
v 59.5071602 46.8559074 65.6886826
v 53.9437599 49.5177879 71.8450012
v 55.0934486 47.9443054 70.9388275
v 55.4132996 49.5944252 70.9210968
v 53.9437599 49.5177879 71.8450012
v 53.5580864 47.4633369 71.0129929
v 55.0934486 47.9443054 70.9388275
v 53.9437599 49.5177879 71.8450012
v 52.383213 48.620369 71.0615921
v 53.5580864 47.4633369 71.0129929
v 53.9437599 49.5177879 71.8450012
v 52.7020798 50.2371559 71.0462112
v 52.383213 48.620369 71.0615921
v 53.9437599 49.5177879 71.8450012
v 54.2767105 50.6608429 70.9735489
v 52.7020798 50.2371559 71.0462112
v 53.9437599 49.5177879 71.8450012
v 55.4132996 49.5944252 70.9210968
v 54.2767105 50.6608429 70.9735489
v 48.7705688 49.7685776 73.5410461
v 50.0622749 47.7743645 72.6060333
v 50.6599426 49.4702797 72.6014328
v 48.7705688 49.7685776 73.5410461
v 48.234375 47.5126877 72.6200943
v 50.0622749 47.7743645 72.6060333
v 48.7705688 49.7685776 73.5410461
v 47.1383171 48.9045334 72.6285248
v 48.234375 47.5126877 72.6200943
v 48.7705688 49.7685776 73.5410461
v 47.7526474 50.5931015 72.6238251
v 47.1383171 48.9045334 72.6285248
v 48.7705688 49.7685776 73.5410461
v 49.5739937 50.8794441 72.6098099
v 47.7526474 50.5931015 72.6238251
v 48.7705688 49.7685776 73.5410461
v 50.6599426 49.4702797 72.6014328
v 49.5739937 50.8794441 72.6098099
v 43.5734558 47.8455353 70.297081
v 43.3409882 45.8107452 69.27285
v 45.0051842 46.2023773 69.2180939
v 43.5734558 47.8455353 70.297081
v 42.1891441 46.9559975 69.3107605
v 43.3409882 45.8107452 69.27285
v 43.5734558 47.8455353 70.297081
v 42.57798 48.6226196 69.2979584
v 42.1891441 46.9559975 69.3107605
v 43.5734558 47.8455353 70.297081
v 44.2470398 49.0178032 69.2430344
v 42.57798 48.6226196 69.2979584
v 43.5734558 47.8455353 70.297081
v 45.3947372 47.8698921 69.2052841
v 44.2470398 49.0178032 69.2430344
v 43.5734558 47.8455353 70.297081
v 45.0051842 46.2023773 69.2180939
v 45.3947372 47.8698921 69.2052841
v 36.2142448 41.1712608 58.6080589
v 35.531868 43.0187187 57.5611458
v 35.7264175 41.1423073 57.1352043
v 36.2142448 41.1712608 58.6080589
v 37.225563 43.2525253 57.8736534
v 35.531868 43.0187187 57.5611458
v 36.2142448 41.1712608 58.6080589
v 38.5329399 42.2866135 58.4687996
v 37.225563 43.2525253 57.8736534
v 36.2142448 41.1712608 58.6080589
v 38.3744583 40.6070137 58.5042763
v 38.5329399 42.2866135 58.4687996
v 36.2142448 41.1712608 58.6080589
v 37.330719 39.8037949 57.52005
v 38.3744583 40.6070137 58.5042763
v 36.2142448 41.1712608 58.6080589
v 35.7264175 41.1423073 57.1352043
v 37.330719 39.8037949 57.52005
v 44.2848434 43.5062714 49.1203003
v 42.683342 42.0677528 45.9520645
v 47.2269478 42.1122856 42.9062309
v 48.4414444 44.3469276 46.7386284
v 51.1727829 45.2054329 36.9614601
v 51.2755394 44.8105469 40.7346764
v 47.4009438 46.027317 36.9472237
v 51.5721321 44.437233 46.8349876
v 51.1234589 46.5368156 55.7869301
v 48.710247 46.2720757 55.4621086
v 56.325634 50.2257843 56.2453804
v 56.1641922 50.0471573 60.7073402
v 55.6408577 47.9853706 60.6948662
v 55.7980423 48.1657562 56.0764694
v 42.733242 49.8993645 53.8416443
v 44.851902 50.2475548 54.8791885
v 44.8589973 50.8600731 53.7789192
v 42.6654472 50.3470383 53.0376053
v 44.851902 50.2475548 54.8791885
v 46.3584633 48.5650291 56.055603
v 46.4356499 49.2614212 54.2400284
v 44.8589973 50.8600731 53.7789192
v 59.027565 50.1058922 54.6195145
v 60.7294617 49.0374565 53.9075775
v 61.2481232 48.0278625 52.3287354
v 59.0942688 50.4992142 53.961998
v 59.0942688 50.4992142 53.961998
v 56.8440552 51.6248856 54.6526222
v 57.1087189 50.4172668 55.4445648
v 59.027565 50.1058922 54.6195145
v 52.1573143 52.7008324 55.7365875
v 52.1342506 52.6609039 48.8085594
v 49.8855171 52.4159279 55.1167412
v 56.325634 50.2257843 56.2453804
v 56.8440552 51.6248856 54.6526222
v 54.5006866 52.1628532 55.1946106
v 54.8881416 51.779541 56.3888168
v 54.8881416 51.779541 56.3888168
v 54.5006866 52.1628532 55.1946106
v 52.1573143 52.7008324 55.7365875
v 52.7698441 51.8045921 56.6850471
v 56.5477486 51.4408684 48.3676186
v 52.1342506 52.6609039 48.8085594
v 54.5006866 52.1628532 55.1946106
v 50.2064171 52.1870995 56.7874908
v 51.7250595 50.2042313 57.0828438
v 52.1573143 52.7008324 55.7365875
v 49.8855171 52.4159279 55.1167412
v 49.8855171 52.4159279 55.1167412
v 47.6137276 52.1310349 54.4968872
v 47.7582283 51.8283386 56.0866814
v 50.2064171 52.1870995 56.7874908
v 52.1342506 52.6609039 48.8085594
v 47.3704987 52.3077927 48.6286011
v 49.8855171 52.4159279 55.1167412
v 43.7646866 45.5469856 52.5108871
v 46.2970314 46.0073433 55.1372795
v 45.7483025 46.6725197 55.8457718
v 43.5188141 45.8749161 54.7544518
v 48.4201469 46.8650093 56.5563354
v 46.9326897 49.508606 55.9271431
v 46.2970314 46.0073433 55.1372795
v 48.710247 46.2720757 55.4621086
v 48.710247 46.2720757 55.4621086
v 51.1234589 46.5368156 55.7869301
v 50.8359985 47.8877525 56.6098366
v 48.4201469 46.8650093 56.5563354
v 53.5906868 47.354599 56.4348373
v 52.1845055 49.1225204 56.899147
v 51.1234589 46.5368156 55.7869301
v 54.0194283 46.2256851 54.889679
v 54.0194283 46.2256851 54.889679
v 56.7343636 46.1270714 54.0334511
v 55.7980423 48.1657562 56.0764694
v 53.5906868 47.354599 56.4348373
v 58.8651772 45.8835526 54.4037743
v 56.9628906 47.1577682 55.5279732
v 56.7343636 46.1270714 54.0334511
v 59.0633049 45.1148758 52.961937
v 59.0633049 45.1148758 52.961937
v 61.2481232 48.0278625 52.3287354
v 60.7269363 47.2443237 53.635685
v 58.8651772 45.8835526 54.4037743
v 46.2970314 46.0073433 55.1372795
v 48.4414444 44.3469276 46.7386284
v 48.710247 46.2720757 55.4621086
v 58.2394257 43.5124817 47.3320007
v 56.7343636 46.1270714 54.0334511
v 54.0194283 46.2256851 54.889679
v 61.2481232 48.0278625 52.3287354
v 60.7294617 49.0374565 53.9075775
v 60.7269363 47.2443237 53.635685
v 56.9628906 47.1577682 55.5279732
v 57.1087189 50.4172668 55.4445648
v 56.325634 50.2257843 56.2453804
v 55.7980423 48.1657562 56.0764694
v 55.7980423 48.1657562 56.0764694
v 56.7343636 46.1270714 54.0334511
v 56.9628906 47.1577682 55.5279732
v 56.8440552 51.6248856 54.6526222
v 56.325634 50.2257843 56.2453804
v 57.1087189 50.4172668 55.4445648
v 52.1845055 49.1225204 56.899147
v 52.7698441 51.8045921 56.6850471
v 51.7250595 50.2042313 57.0828438
v 50.8359985 47.8877525 56.6098366
v 52.1573143 52.7008324 55.7365875
v 51.7250595 50.2042313 57.0828438
v 52.7698441 51.8045921 56.6850471
v 52.1845055 49.1225204 56.899147
v 50.8359985 47.8877525 56.6098366
v 51.1234589 46.5368156 55.7869301
v 47.7582283 51.8283386 56.0866814
v 47.6137276 52.1310349 54.4968872
v 46.4356499 49.2614212 54.2400284
v 46.9326897 49.508606 55.9271431
v 42.7970123 50.3369408 46.9291077
v 42.6654472 50.3470383 53.0376053
v 44.8589973 50.8600731 53.7789192
v 42.5067558 45.6740608 51.082859
v 42.0696068 47.1312447 53.9188385
v 42.733242 49.8993645 53.8416443
v 42.6654472 50.3470383 53.0376053
v 46.2970314 46.0073433 55.1372795
v 46.9326897 49.508606 55.9271431
v 46.3584633 48.5650291 56.055603
v 45.7483025 46.6725197 55.8457718
v 46.9326897 49.508606 55.9271431
v 46.4356499 49.2614212 54.2400284
v 46.3584633 48.5650291 56.055603
v 42.6654472 50.3470383 53.0376053
v 42.7970123 50.3369408 46.9291077
v 42.5067558 45.6740608 51.082859
v 56.7343636 46.1270714 54.0334511
v 58.2394257 43.5124817 47.3320007
v 59.0633049 45.1148758 52.961937
v 46.4356499 49.2614212 54.2400284
v 47.6137276 52.1310349 54.4968872
v 44.8589973 50.8600731 53.7789192
v 47.6137276 52.1310349 54.4968872
v 47.3704987 52.3077927 48.6286011
v 44.8589973 50.8600731 53.7789192
v 60.9542389 48.0961189 47.493763
v 56.5477486 51.4408684 48.3676186
v 59.0942688 50.4992142 53.961998
v 56.8440552 51.6248856 54.6526222
v 56.5477486 51.4408684 48.3676186
v 54.5006866 52.1628532 55.1946106
v 47.3704987 52.3077927 48.6286011
v 42.7970123 50.3369408 46.9291077
v 44.8589973 50.8600731 53.7789192
v 61.2481232 48.0278625 52.3287354
v 60.9542389 48.0961189 47.493763
v 59.0942688 50.4992142 53.961998
v 48.4414444 44.3469276 46.7386284
v 51.5721321 44.437233 46.8349876
v 48.710247 46.2720757 55.4621086
v 51.5721321 44.437233 46.8349876
v 58.2394257 43.5124817 47.3320007
v 54.0194283 46.2256851 54.889679
v 48.4414444 44.3469276 46.7386284
v 46.2970314 46.0073433 55.1372795
v 44.2848434 43.5062714 49.1203003
v 46.2970314 46.0073433 55.1372795
v 43.7646866 45.5469856 52.5108871
v 44.2848434 43.5062714 49.1203003
v 45.400631 43.4438667 -14.8813477
v 43.4540939 48.9914398 -15.0154085
v 42.4188538 48.9064598 -21.411272
v 44.6309547 43.0590477 -21.4303169
v 43.4540939 48.9914398 -15.0154085
v 46.3894348 54.052887 -14.9608116
v 45.1432076 54.4414177 -21.4354172
v 42.4188538 48.9064598 -21.411272
v 46.3894348 54.052887 -14.9608116
v 52.242218 55.3667526 -11.5532455
v 52.3051338 56.256279 -21.4887257
v 45.1432076 54.4414177 -21.4354172
v 45.400631 43.4438667 -14.8813477
v 44.6309547 43.0590477 -21.4303169
v 51.705574 40.9048004 -21.4826813
v 51.1494217 41.9147148 -11.5921993
v 51.1494217 41.9147148 -11.5921993
v 45.4523849 43.7945213 -8.72491074
v 45.400631 43.4438667 -14.8813477
v 60.3541145 48.8195381 58.1234131
v 60.2690811 46.8566017 58.1218758
v 60.7269363 47.2443237 53.635685
v 60.7294617 49.0374565 53.9075775
v 59.9755592 46.7829208 61.9527855
v 60.1989517 46.8175774 58.9202042
v 60.2871704 48.778965 58.9264145
v 60.0516663 48.6292648 61.9597855
v 37.4283981 42.7633324 50.3929482
v 37.1599655 42.6068268 51.1286049
v 37.1607819 45.2486572 51.4169617
v 37.4496651 45.5228882 50.6982269
v 41.0763283 42.4907379 52.396183
v 40.6526184 42.2941628 53.0321884
v 38.8331909 41.3410378 51.8105354
v 39.1556396 41.4806175 51.1049423
v 39.253109 46.4638176 52.0588989
v 38.9365311 46.0546761 52.699852
v 40.7365685 44.5297966 53.4451637
v 41.1270218 44.8297424 52.8031464
v 39.1556396 41.4806175 51.1049423
v 38.8331909 41.3410378 51.8105354
v 37.1599655 42.6068268 51.1286049
v 37.4283981 42.7633324 50.3929482
v 41.1270218 44.8297424 52.8031464
v 40.7365685 44.5297966 53.4451637
v 40.6526184 42.2941628 53.0321884
v 41.0763283 42.4907379 52.396183
v 37.4496651 45.5228882 50.6982269
v 37.1607819 45.2486572 51.4169617
v 38.9365311 46.0546761 52.699852
v 39.253109 46.4638176 52.0588989
v 56.9487152 49.131752 58.1071701
v 56.920414 48.9256859 58.8893814
v 58.6669159 49.7948074 58.9117088
v 58.7206497 49.8524284 58.1045074
v 58.7206497 49.8524284 58.1045074
v 58.6669159 49.7948074 58.9117088
v 60.2871704 48.778965 58.9264145
v 60.3541145 48.8195381 58.1234131
v 60.3541145 48.8195381 58.1234131
v 60.2871704 48.778965 58.9264145
v 60.1989517 46.8175774 58.9202042
v 60.2690811 46.8566017 58.1218758
v 60.2690811 46.8566017 58.1218758
v 60.1989517 46.8175774 58.9202042
v 58.458744 45.9344673 58.8973808
v 58.512516 45.9285851 58.1033974
v 58.512516 45.9285851 58.1033974
v 58.458744 45.9344673 58.8973808
v 56.8260956 46.9522781 58.8826294
v 56.8474541 46.9856873 58.094101
v 56.8474541 46.9856873 58.094101
v 56.8260956 46.9522781 58.8826294
v 56.920414 48.9256859 58.8893814
v 56.9487152 49.131752 58.1071701
v 56.8811188 48.767189 61.8378639
v 56.8891945 48.7048531 62.6371956
v 58.4874382 49.5017014 62.7005615
v 58.5334167 49.5853767 61.9032707
v 58.5334167 49.5853767 61.9032707
v 58.4874382 49.5017014 62.7005615
v 59.962635 48.5780373 62.7556801
v 60.0516663 48.6292648 61.9597855
v 60.0516663 48.6292648 61.9597855
v 59.962635 48.5780373 62.7556801
v 59.8938866 46.7875862 62.7492294
v 59.9755592 46.7829208 61.9527855
v 59.9755592 46.7829208 61.9527855
v 59.8938866 46.7875862 62.7492294
v 58.309906 45.9675789 62.6857758
v 58.3376656 45.9425926 61.8871956
v 58.3376656 45.9425926 61.8871956
v 58.309906 45.9675789 62.6857758
v 56.812233 46.8907547 62.6300659
v 56.7975769 46.8980942 61.8301239
v 56.7975769 46.8980942 61.8301239
v 56.812233 46.8907547 62.6300659
v 56.8891945 48.7048531 62.6371956
v 56.8811188 48.767189 61.8378639
v 52.5845108 50.7436371 65.8850174
v 52.5897255 50.6736565 66.6840897
v 54.4352875 51.1041565 66.6969376
v 54.4694443 51.1762848 65.8979645
v 54.4694443 51.1762848 65.8979645
v 54.4352875 51.1041565 66.6969376
v 55.7863884 49.7766914 66.7027054
v 55.8469887 49.8121948 65.9035034
v 55.8469887 49.8121948 65.9035034
v 55.7863884 49.7766914 66.7027054
v 55.382 47.9221458 66.6967087
v 55.425972 47.9238815 65.8971329
v 55.425972 47.9238815 65.8971329
v 55.382 47.9221458 66.6967087
v 53.5039024 47.4198494 66.6783829
v 53.5026436 47.4230194 65.8786316
v 53.5026436 47.4230194 65.8786316
v 53.5039024 47.4198494 66.6783829
v 52.1291618 48.7641754 66.6723022
v 52.1048965 48.7965775 65.8729324
v 52.1048965 48.7965775 65.8729324
v 52.1291618 48.7641754 66.6723022
v 52.5897255 50.6736565 66.6840897
v 52.5845108 50.7436371 65.8850174
v 52.0998306 49.0395813 60.6260338
v 52.0919456 49.0113907 61.4249458
v 52.6406784 51.0774765 61.4382477
v 52.6570549 51.1711769 60.6406479
v 52.6570549 51.1711769 60.6406479
v 52.6406784 51.0774765 61.4382477
v 54.6828918 51.5160408 61.4799347
v 54.7181015 51.5666695 60.6791496
v 54.7181015 51.5666695 60.6791496
v 54.6828918 51.5160408 61.4799347
v 56.1244736 50.0128784 61.5077133
v 56.1641922 50.0471573 60.7073402
v 56.1641922 50.0471573 60.7073402
v 56.1244736 50.0128784 61.5077133
v 55.6104965 47.9659309 61.4948387
v 55.6408577 47.9853706 60.6948662
v 55.6408577 47.9853706 60.6948662
v 55.6104965 47.9659309 61.4948387
v 53.5437088 47.5024223 61.4528656
v 53.5511551 47.4961853 60.653183
v 53.5511551 47.4961853 60.653183
v 53.5437088 47.5024223 61.4528656
v 52.0919456 49.0113907 61.4249458
v 52.0998306 49.0395813 60.6260338
v 47.6607666 51.1961861 66.5907516
v 47.6655197 51.1265984 67.3900757
v 49.8170395 51.4440575 67.4129257
v 49.8527145 51.5185356 66.6140289
v 49.8527145 51.5185356 66.6140289
v 49.8170395 51.4440575 67.4129257
v 51.1500282 49.7188187 67.423027
v 51.2131691 49.7574005 66.6243439
v 51.2131691 49.7574005 66.6243439
v 51.1500282 49.7188187 67.423027
v 50.3889198 47.6663055 67.4090118
v 50.434124 47.6641846 66.6098251
v 50.434124 47.6641846 66.6098251
v 50.3889198 47.6663055 67.4090118
v 48.2336769 47.3427391 67.3853531
v 48.2387543 47.3340454 66.585762
v 48.2387543 47.3340454 66.585762
v 48.2336769 47.3427391 67.3853531
v 46.8898392 49.0752525 67.3752136
v 46.8681221 49.1038055 66.5755157
v 46.8681221 49.1038055 66.5755157
v 46.8898392 49.0752525 67.3752136
v 47.6655197 51.1265984 67.3900757
v 47.6607666 51.1961861 66.5907516
v 47.6902161 51.5831108 61.1026497
v 47.6829071 51.534687 61.9024849
v 50.0525818 51.8840599 61.9170723
v 50.0811653 51.9381752 61.1172256
v 50.0811653 51.9381752 61.1172256
v 50.0525818 51.8840599 61.9170723
v 51.5114784 49.9859657 61.9245338
v 51.5538139 50.0233269 61.1244545
v 51.5538139 50.0233269 61.1244545
v 51.5114784 49.9859657 61.9245338
v 50.6700325 47.7367783 61.9169388
v 50.702034 47.7547798 61.1163406
v 50.702034 47.7547798 61.1163406
v 50.6700325 47.7367783 61.9169388
v 48.2988701 47.3841248 61.9022827
v 48.3133659 47.34618 61.1033363
v 48.3133659 47.34618 61.1033363
v 48.2988701 47.3841248 61.9022827
v 46.8352509 49.2859306 61.8948021
v 46.8396339 49.3163567 61.0951767
v 46.8396339 49.3163567 61.0951767
v 46.8352509 49.2859306 61.8948021
v 47.6829071 51.534687 61.9024849
v 47.6902161 51.5831108 61.1026497
v 42.4362831 49.2527275 63.9111862
v 42.4470634 49.1803398 64.7103729
v 44.4688835 49.6172676 64.7530212
v 44.5021515 49.6977043 63.9547997
v 44.5021515 49.6977043 63.9547997
v 44.4688835 49.6172676 64.7530212
v 45.9102287 48.1222725 64.7772141
v 45.9779663 48.1646194 63.9794922
v 45.9779663 48.1646194 63.9794922
v 45.9102287 48.1222725 64.7772141
v 45.3733673 46.0665016 64.7581177
v 45.4258728 46.0624962 63.9596977
v 45.4258728 46.0624962 63.9596977
v 45.3733673 46.0665016 64.7581177
v 43.3547516 45.6210442 64.7144318
v 43.3624268 45.6095161 63.9151154
v 43.3624268 45.6095161 63.9151154
v 43.3547516 45.6210442 64.7144318
v 41.8992233 47.1187859 64.6899185
v 41.8734055 47.1454544 63.8902054
v 41.8734055 47.1454544 63.8902054
v 41.8992233 47.1187859 64.6899185
v 42.4470634 49.1803398 64.7103729
v 42.4362831 49.2527275 63.9111862
v 42.4643707 49.5539513 58.9190407
v 42.4425888 49.5028763 59.7190247
v 44.6453171 49.9850807 59.7384491
v 44.6761856 50.0334167 58.9389801
v 44.6761856 50.0334167 58.9389801
v 44.6453171 49.9850807 59.7384491
v 46.2042313 48.3726768 59.7509079
v 46.2417145 48.4132576 58.9521027
v 46.2417145 48.4132576 58.9521027
v 46.2042313 48.3726768 59.7509079
v 45.6324196 46.1484032 59.7438736
v 45.6629715 46.2152863 58.9457741
v 45.6629715 46.2152863 58.9457741
v 45.6324196 46.1484032 59.7438736
v 43.43013 45.6628799 59.7243576
v 43.4438019 45.6861343 58.9233131
v 43.4438019 45.6861343 58.9233131
v 43.43013 45.6628799 59.7243576
v 41.8654785 47.2770538 59.711895
v 41.87994 47.2778969 58.9112282
v 41.87994 47.2778969 58.9112282
v 41.8654785 47.2770538 59.711895
v 42.4425888 49.5028763 59.7190247
v 42.4643707 49.5539513 58.9190407
v 40.5908699 43.8772087 44.1380119
v 37.4283981 42.7633324 50.3929482
v 37.4496651 45.5228882 50.6982269
v 40.8865585 48.0047035 44.5358658

# 369 UV coordinates
vt 0.0913063511 0.909356594 0
vt 0.0910604075 0.919667125 0
vt 0.0876933038 0.919558764 0
vt 0.0880415514 0.9092502 0
vt 0.0843020976 0.919374108 0
vt 0.0847389773 0.909064054 0
vt 0.0810421035 0.919162333 0
vt 0.0816422775 0.908793986 0
vt 0.106967427 0.908792734 0
vt 0.107578605 0.919160128 0
vt 0.104327165 0.919371605 0
vt 0.103889793 0.909059644 0
vt 0.100966617 0.919553697 0
vt 0.10059987 0.909241498 0
vt 0.0975978449 0.919663489 0
vt 0.097323142 0.90934968 0
vt 0.0943255052 0.919691682 0
vt 0.0942820683 0.909382403 0
vt 0.0941917002 0.898406923 0
vt 0.0916314349 0.898338974 0
vt 0.0885848254 0.898072302 0
vt 0.0859323815 0.897794187 0
vt 0.0833227411 0.897400439 0
vt 0.105144635 0.897395849 0
vt 0.10255187 0.897766531 0
vt 0.0998756737 0.898035228 0
vt 0.0968010873 0.898299754 0
vt 0.0986333713 0.88946712 0
vt 0.0992353186 0.893827915 0
vt 0.0965274796 0.892737329 0
vt 0.0962027982 0.889508963 0
vt 0.0940570757 0.892791092 0
vt 0.0940295979 0.889492571 0
vt 0.0915682316 0.892751753 0
vt 0.0917960629 0.889533043 0
vt 0.0889993981 0.893852592 0
vt 0.0893349946 0.889490128 0
vt 0.0862389728 0.89349556 0
vt 0.086683169 0.88929975 0
vt 0.0839154944 0.893127859 0
vt 0.0844627097 0.888976276 0
vt 0.103471771 0.889053226 0
vt 0.104310848 0.89313823 0
vt 0.10202755 0.893464208 0
vt 0.101265892 0.889311492 0
vt 0.0927845016 0.873454928 0
vt 0.092171222 0.881714046 0
vt 0.0902488083 0.881604552 0
vt 0.091162324 0.873307765 0
vt 0.0881235525 0.881348312 0
vt 0.0894326717 0.873109639 0
vt 0.0861379877 0.880978584 0
vt 0.0879034027 0.87288928 0
vt 0.100605227 0.87288928 0
vt 0.102234431 0.881006479 0
vt 0.100271232 0.881325483 0
vt 0.0990674272 0.873119473 0
vt 0.0980984196 0.881522536 0
vt 0.0973405167 0.873350322 0
vt 0.096161887 0.881562531 0
vt 0.0957036763 0.873494446 0
vt 0.0941428691 0.881680727 0
vt 0.0942426845 0.873530626 0
vt 0.110118769 0.895367563 0
vt 0.110258929 0.894360244 0
vt 0.112166911 0.894751668 0
vt 0.112043582 0.8956514 0
vt 0.110457353 0.89337045 0
vt 0.110740922 0.892391801 0
vt 0.112664491 0.892983079 0
vt 0.112365924 0.893865228 0
vt 0.109843142 0.898463607 0
vt 0.109905146 0.89743191 0
vt 0.111898862 0.897503674 0
vt 0.111870572 0.898449421 0
vt 0.109985881 0.89639622 0
vt 0.111962609 0.896585822 0
vt 0.112486474 0.894821465 0
vt 0.112685673 0.893955469 0
vt 0.114754617 0.894604325 0
vt 0.114568256 0.895352781 0
vt 0.0967242196 0.895457685 0
vt 0.0941028818 0.895584226 0
vt 0.0915042311 0.895527303 0
vt 0.112677991 0.90742141 0
vt 0.112722911 0.908334851 0
vt 0.110857718 0.908268988 0
vt 0.110827141 0.907456934 0
vt 0.112682365 0.90922612 0
vt 0.112573467 0.910108268 0
vt 0.11070928 0.909865737 0
vt 0.110823944 0.90906179 0
vt 0.112464458 0.904718161 0
vt 0.112543747 0.905619383 0
vt 0.110689059 0.905817986 0
vt 0.110588543 0.905002177 0
vt 0.112619899 0.906524539 0
vt 0.110760659 0.906640291 0
vt 0.110531412 0.908253312 0
vt 0.110493042 0.909026921 0
vt 0.108717203 0.908792377 0
vt 0.108742312 0.908107042 0
vt 0.110082857 0.901555479 0
vt 0.110110439 0.900594234 0
vt 0.111827835 0.900762558 0
vt 0.111787133 0.901635826 0
vt 0.11019104 0.899647117 0
vt 0.110346355 0.898692071 0
vt 0.11215838 0.899033725 0
vt 0.111945622 0.899907947 0
vt 0.109995179 0.904420078 0
vt 0.110044442 0.90343821 0
vt 0.111808017 0.90339154 0
vt 0.111855753 0.904323161 0
vt 0.110068068 0.90249598 0
vt 0.111792445 0.902520657 0
vt 0.112149812 0.900803328 0
vt 0.11227265 0.899969816 0
vt 0.114126354 0.900408149 0
vt 0.114024661 0.901134789 0
vt 0.124041624 0.876465678 0
vt 0.124753542 0.876592994 0
vt 0.124438278 0.877811015 0
vt 0.123828746 0.877712548 0
vt 0.120437257 0.87686795 0
vt 0.121177174 0.876688778 0
vt 0.121512465 0.877902687 0
vt 0.12088909 0.878084064 0
vt 0.121893801 0.876563907 0
vt 0.122136153 0.87779063 0
vt 0.122611292 0.876461983 0
vt 0.12265145 0.877565145 0
vt 0.110500425 0.907467127 0
vt 0.108882263 0.907472432 0
vt 0.12332233 0.876424134 0
vt 0.123216562 0.87768507 0
vt 0.122373261 0.873503208 0
vt 0.123736911 0.87323761 0
vt 0.123402886 0.874489784 0
vt 0.122468241 0.874598265 0
vt 0.114764519 0.911758721 0
vt 0.114148356 0.914320469 0
vt 0.113369249 0.914935291 0
vt 0.112696566 0.91406852 0
vt 0.107596524 0.911635876 0
vt 0.108698614 0.910763502 0
vt 0.108724922 0.91280967 0
vt 0.10769368 0.912617564 0
vt 0.107711948 0.912957251 0
vt 0.108690858 0.913163841 0
vt 0.108214855 0.915811241 0
vt 0.107596524 0.915470183 0
vt 0.110268302 0.910361946 0
vt 0.109824888 0.913028419 0
vt 0.111699753 0.910404563 0
vt 0.110765941 0.913226962 0
vt 0.109733246 0.913358629 0
vt 0.108902536 0.915823638 0
vt 0.110656247 0.913534701 0
vt 0.109750159 0.915799737 0
vt 0.111696281 0.913798273 0
vt 0.110412918 0.916253924 0
vt 0.112486251 0.914347708 0
vt 0.111097656 0.91651684 0
vt 0.113441773 0.910838008 0
vt 0.111852862 0.913504839 0
vt 0.113126613 0.915172577 0
vt 0.1115418 0.917092562 0
vt 0.115238421 0.87310493 0
vt 0.115597598 0.874700367 0
vt 0.113807857 0.874984443 0
vt 0.113584422 0.873357475 0
vt 0.112029947 0.873552263 0
vt 0.112229399 0.875163496 0
vt 0.11066597 0.875257373 0
vt 0.110639699 0.873605311 0
vt 0.108602606 0.874402344 0
vt 0.109423317 0.87288928 0
vt 0.116694011 0.87288928 0
vt 0.117447115 0.874425769 0
vt 0.108091325 0.890839398 0
vt 0.108321637 0.889213085 0
vt 0.110122636 0.88942951 0
vt 0.109916605 0.891384602 0
vt 0.107997701 0.887471139 0
vt 0.109647349 0.887176752 0
vt 0.108720794 0.884461939 0
vt 0.110416323 0.885131359 0
vt 0.107596524 0.885855675 0
vt 0.109214135 0.877260387 0
vt 0.107596524 0.876688957 0
vt 0.110498853 0.878106177 0
vt 0.110202298 0.882378101 0
vt 0.11134287 0.883185148 0
vt 0.112601839 0.878549576 0
vt 0.114605248 0.878311217 0
vt 0.116446868 0.877812564 0
vt 0.118644364 0.877015114 0
vt 0.112853616 0.891841292 0
vt 0.112670079 0.889691651 0
vt 0.112284303 0.887011051 0
vt 0.112131551 0.885704219 0
vt 0.116266116 0.88662523 0
vt 0.115880571 0.887901008 0
vt 0.114893906 0.890083671 0
vt 0.114931948 0.891602218 0
vt 0.117960148 0.879871309 0
vt 0.117008515 0.880334318 0
vt 0.11607942 0.880756438 0
vt 0.11513193 0.881157696 0
vt 0.115542203 0.883207023 0
vt 0.11453896 0.883365512 0
vt 0.113908209 0.882806957 0
vt 0.115227185 0.882378101 0
vt 0.112852082 0.883796453 0
vt 0.122495167 0.874932468 0
vt 0.123347752 0.87484628 0
vt 0.123333998 0.876101196 0
vt 0.12258669 0.876142085 0
vt 0.124081962 0.876138449 0
vt 0.124209352 0.874873519 0
vt 0.125022769 0.874991059 0
vt 0.124821462 0.87626034 0
vt 0.121629842 0.874675214 0
vt 0.121344037 0.873109698 0
vt 0.120786853 0.87477535 0
vt 0.120317884 0.87288928 0
vt 0.124605723 0.873027802 0
vt 0.124258704 0.874520957 0
vt 0.125509575 0.87288928 0
vt 0.125087008 0.874657333 0
vt 0.121102907 0.876363695 0
vt 0.120859571 0.875109732 0
vt 0.121682502 0.875009835 0
vt 0.121847861 0.876240015 0
vt 0.1103746 0.909808695 0
vt 0.108624987 0.909443021 0
vt 0.110248826 0.905065715 0
vt 0.110356122 0.905863822 0
vt 0.108589634 0.906184196 0
vt 0.108474672 0.905471861 0
vt 0.110428698 0.90666306 0
vt 0.108647853 0.906868517 0
vt 0.114777535 0.906370163 0
vt 0.114617072 0.907349348 0
vt 0.113018997 0.907412648 0
vt 0.112963974 0.906501532 0
vt 0.114784263 0.90851903 0
vt 0.114857741 0.909434855 0
vt 0.113023281 0.909256339 0
vt 0.113067672 0.908357322 0
vt 0.112914935 0.910146892 0
vt 0.114821136 0.910344005 0
vt 0.114857741 0.905346155 0
vt 0.112884171 0.905581594 0
vt 0.112369157 0.89569509 0
vt 0.114294581 0.896005929 0
vt 0.11298456 0.893095791 0
vt 0.115013942 0.893904507 0
vt 0.112214498 0.898435056 0
vt 0.112233914 0.897509813 0
vt 0.11442209 0.897475481 0
vt 0.114430897 0.89824307 0
vt 0.112293944 0.896614134 0
vt 0.114451312 0.896691501 0
vt 0.107596532 0.894901633 0
vt 0.107824452 0.8938604 0
vt 0.109926902 0.894291818 0
vt 0.109782226 0.895311177 0
vt 0.108319491 0.892867506 0
vt 0.108720683 0.891859233 0
vt 0.110409774 0.892298937 0
vt 0.110127389 0.893289447 0
vt 0.107749574 0.898457706 0
vt 0.107609533 0.897376895 0
vt 0.109560117 0.897420287 0
vt 0.109497793 0.898463607 0
vt 0.107653439 0.896243393 0
vt 0.109637924 0.89636755 0
vt 0.112111352 0.901650846 0
vt 0.113821246 0.901786029 0
vt 0.112492926 0.899121821 0
vt 0.114306435 0.899735689 0
vt 0.112205371 0.90427953 0
vt 0.112143092 0.903369904 0
vt 0.114038251 0.903148949 0
vt 0.114125773 0.903893709 0
vt 0.112122245 0.902520299 0
vt 0.114013061 0.902407348 0
vt 0.107599512 0.901569247 0
vt 0.107596524 0.90031749 0
vt 0.109774604 0.900558949 0
vt 0.109746911 0.901548803 0
vt 0.10809847 0.899400115 0
vt 0.108737633 0.898481488 0
vt 0.110001273 0.898640394 0
vt 0.109851629 0.89960295 0
vt 0.108367071 0.904378533 0
vt 0.108357877 0.903498411 0
vt 0.109707333 0.903447628 0
vt 0.109644204 0.904420078 0
vt 0.107936516 0.902424097 0
vt 0.109730542 0.902488947 0
vt 0.114145249 0.881100714 0
vt 0.113121048 0.881058931 0
vt 0.122835509 0.878115118 0
vt 0.123294927 0.878338277 0
vt 0.122777097 0.878728986 0
vt 0.122171395 0.878450274 0
vt 0.108269252 0.907647789 0
vt 0.107596524 0.907584131 0
vt 0.107913621 0.906893849 0
vt 0.107999086 0.908162415 0
vt 0.114957027 0.895873308 0
vt 0.115751743 0.896127999 0
vt 0.115292124 0.896814585 0
vt 0.115405969 0.895395935 0
vt 0.11440555 0.901645124 0
vt 0.114809819 0.902481496 0
vt 0.114821516 0.901132405 0
vt 0.115207978 0.90178287 0
vt 0.109556928 0.91626972 0
vt 0.110102691 0.917034328 0
vt 0.109281175 0.917234898 0
vt 0.108764783 0.916600049 0
vt 0.116069049 0.885569692 0
vt 0.114717364 0.904438019 0
vt 0.11280673 0.904671967 0
vt 0.110618554 0.880977809 0
vt 0.110694684 0.880616903 0
vt 0.111700401 0.880986273 0
vt 0.111513399 0.88154161 0
vt 0.112162374 0.881701648 0
vt 0.112060033 0.88236022 0
vt 0.11808864 0.880156457 0
vt 0.119149886 0.878963828 0
vt 0.118835494 0.879703343 0
vt 0.117446907 0.880751193 0
vt 0.117276572 0.881196916 0
vt 0.116381422 0.88121891 0
vt 0.115559734 0.881573915 0
vt 0.114414141 0.881761134 0
vt 0.115285747 0.882334948 0
vt 0.113365419 0.881712317 0
vt 0.116284959 0.884105623 0
vt 0.115899995 0.884467721 0
vt 0.116594963 0.885453105 0
vt 0.117513634 0.884565055 0
vt 0.11695452 0.886507034 0
vt 0.116702445 0.887708306 0
vt 0.117477447 0.887106299 0
vt 0.116812848 0.888728142 0
vt 0.115533754 0.889100134 0
vt 0.115566947 0.890071988 0
vt 0.116332062 0.889244735 0
vt 0.115404673 0.891096592 0
vt 0.119554646 0.879492164 0
vt 0.117707215 0.888946593 0
vt 0.117727533 0.889436603 0
vt 0.117955633 0.886925995 0
vt 0.118608788 0.887452126 0
vt 0.112509862 0.882193923 0
vt 0.108655147 0.880090415 0
vt 0.109454125 0.881250024 0
vt 0.117121562 0.884321153 0
vt 0.119956173 0.874914467 0
vt 0.119572558 0.873126805 0
vt 0.12033724 0.876534343 0
vt 0.120032065 0.875253558 0

# 530 vertex normals
vn 63.7264366 76.9540787 4.1244216
vn 64.2640381 76.603714 1.41568863
vn -0.532622516 99.9798965 1.93310046
vn -1.42579019 99.94207 3.09001446
vn -65.7959671 75.3053131 0.0310989805
vn -66.7761993 74.4130325 1.90816641
vn -99.9737396 -1.57496691 -1.66466451
vn -99.9667664 -2.25664234 1.24642551
vn -64.0994492 -76.7545319 0.045501601
vn -64.253212 -76.6011047 1.94828379
vn 0.731215656 -99.9782486 1.95305228
vn 0.770739138 -99.9468155 3.16862488
vn 65.8679428 -75.2273941 1.50106692
vn 66.3913345 -74.6616516 4.22237778
vn 99.9883881 1.42401648 0.541796684
vn 99.8683548 2.49132299 4.48408842
vn 99.0886536 4.95892143 12.5239334
vn 62.6636505 77.2214432 10.4935455
vn -4.2356143 99.6636353 7.01570225
vn -67.9207535 73.1815186 5.58908224
vn -99.8219528 -4.35285282 4.07800484
vn -62.356823 -77.9903946 5.39675379
vn 0.465843678 -99.7662125 6.81800318
vn 67.5875931 -73.0502625 9.77636337
vn 7.06078053 -99.6710281 3.97891021
vn 3.65437222 -99.7689896 5.72668028
vn 69.6416397 -71.7523956 1.27932215
vn 70.0990372 -71.2743454 2.46818686
vn 99.1933517 12.675951 -0.0034652527
vn 99.0926743 13.3679523 1.39285851
vn 56.5825539 82.3704224 3.67825174
vn 54.5890465 83.7143478 3.45592713
vn -5.49636507 99.5275803 8.00305176
vn -5.9520483 99.6553345 5.77814102
vn -70.4353714 70.6573639 6.81145239
vn -69.0254517 72.1033554 6.04914522
vn -99.4917526 -8.99052334 4.53444052
vn -98.9843521 -12.9567585 5.84987307
vn -59.0611801 -80.5336304 5.10988283
vn -53.2249756 -84.5222549 4.8053174
vn 47.4848442 87.9842377 1.99056649
vn 52.0383759 85.1949921 5.81543159
vn -2.88860583 99.8010483 5.60414791
vn -1.59986424 99.7294464 7.17492294
vn -61.3300438 78.763298 5.91335249
vn -51.2086449 85.7664108 4.66879988
vn -99.3810577 -8.40446949 7.2642436
vn -99.0821686 6.29524183 -11.9621172
vn -51.6934052 -85.2777176 7.45008945
vn -45.9046936 -87.2625656 -16.6734486
vn 4.61294651 -99.6099548 7.52181387
vn 6.75885439 -99.6386795 -5.1431365
vn 62.9503326 -77.3357315 7.51274967
vn 54.5465393 -80.4570999 -23.4803982
vn 99.2462311 10.0196285 7.05635977
vn 96.8395615 19.8890247 -15.0508032
vn 98.936615 -14.5429296 0.219631955
vn 62.7077751 77.75457 4.68619442
vn 62.6674995 77.6812057 6.19794893
vn 98.8906021 -14.8083792 1.1668433
vn -37.3375053 92.4123535 8.11590576
vn -98.6974564 14.7687206 6.3794775
vn -98.5951157 14.8265791 7.69258118
vn -37.14431 92.358963 9.49330807
vn -63.1407661 -77.5078888 2.40206146
vn -62.8539505 -77.7234955 2.90470409
vn 37.6833153 -92.6269989 -0.453430414
vn 37.229599 -92.8105469 -0.399870545
vn 62.7845688 77.4187088 8.02753162
vn -36.9819412 92.2515335 11.0449476
vn -34.1872597 81.7184372 46.403965
vn 58.125412 67.9887238 44.7098503
vn 68.042099 -72.7218857 9.04442596
vn 98.9988174 9.0578289 10.8254423
vn 59.4188385 79.7783356 10.2380753
vn 96.753685 -25.2620068 -0.745626867
vn 69.5506439 71.6927261 4.78119278
vn 69.9487305 71.2414703 5.64159012
vn 96.3400955 -26.8037415 0.38120544
vn -28.9619808 95.3252106 8.62023544
vn -96.3187256 26.0584602 6.60743189
vn -95.857132 27.3864994 7.83507633
vn -27.4805031 95.7138519 9.14775848
vn -70.265831 -71.1241684 2.01612973
vn -71.4707642 -69.8811111 2.9259603
vn 28.1821098 -95.934967 -1.5003897
vn 26.558733 -96.4037933 -0.970128953
vn 70.8523788 70.1340866 7.8198185
vn -26.2837029 95.9243698 10.3769255
vn -23.7071705 85.9826355 45.2211876
vn 64.2465439 59.6098366 48.1565056
vn 96.8099976 -25.0231323 -1.29143977
vn 69.5391083 71.7924881 3.18586969
vn 68.9522781 72.1947174 5.78833914
vn 96.777359 -25.1667614 0.880519331
vn -28.7549171 95.5022202 7.24441767
vn -96.5748901 25.2690678 5.89611959
vn -96.4625244 25.1394825 7.93645906
vn -28.816885 95.3258209 9.08713341
vn -69.1009293 -72.2844086 0.161127716
vn -69.1771851 -72.1324615 3.38008714
vn 28.4318352 -95.829216 -2.8970592
vn 28.7663994 -95.7726517 -0.305097163
vn 69.1230545 71.6857834 9.11876965
vn -28.4202957 95.0755997 12.3659849
vn -26.6788998 85.0266647 45.3729248
vn 64.2754669 63.0316315 43.5393867
vn -3.99240661 99.1522903 12.3646898
vn -87.2134628 46.7122116 14.5526724
vn -76.0858841 40.1300888 50.9952354
vn -1.92181265 88.484375 46.5491486
vn -84.054039 -53.1503181 10.4862995
vn -71.6046066 -46.024807 52.4832916
vn 3.48582649 -99.8385468 4.48485374
vn 2.10522914 -85.8549957 51.2297287
vn 88.1572647 -47.1295395 2.66488934
vn 75.5640106 -43.3190231 49.1278191
vn 95.9597931 -27.9926109 2.85185337
vn 81.9708786 -27.0375729 50.4949951
vn 84.0219803 53.8277512 6.54814291
vn 76.3330994 44.7879181 46.5542793
vn 56.881176 -71.4240189 40.7816467
vn -23.4860115 69.0190506 68.4454422
vn 80.3673859 58.9076729 8.42435646
vn 88.8226624 -45.7016716 -4.67890453
vn 55.7069054 82.9944458 -2.94327474
vn 20.154705 -12.0259504 97.20681
vn -64.2239075 33.383213 68.9989166
vn 16.5542831 88.3493805 43.8217201
vn -33.4801559 -86.7007217 36.9061699
vn -71.4307098 -58.2521477 38.7858238
vn -72.5974426 37.3077469 57.7731934
vn -79.3510895 -56.3218575 23.0489216
vn -49.2504959 -53.763958 68.4384918
vn -52.3249817 29.5587902 79.9272919
vn 5.15251255 -99.1634903 -11.8344336
vn 2.99817038 -98.5373917 -16.774807
vn 70.7051392 -40.9742241 -57.6358833
vn 79.1339722 -42.4974747 -43.9519882
vn 2.51592922 -97.5976868 -21.6416779
vn 9.58906364 -98.7753372 12.3077803
vn 82.4940414 -43.4249763 -36.1801414
vn 87.7716064 -47.6485214 -5.07580853
vn 85.6136246 51.3830414 -5.48550797
vn 82.4726868 43.9276237 35.6176796
vn 6.34629583 89.4910202 44.171051
vn 6.68180561 73.4871826 67.4906616
vn 77.8099976 48.0789909 -40.4229584
vn 86.0093231 47.5992279 -18.3496723
vn -44.8911171 89.2095718 -5.1418829
vn -4.20677853 99.9033051 -1.27814555
vn 35.6224442 92.9999237 -9.05849361
vn 75.3402023 52.0850716 -40.1372566
vn 49.1020126 -56.6400337 -66.1883621
vn -94.1845169 17.4926014 -28.6929417
vn -42.4997253 -86.0113525 -28.2102776
vn -4.47061205 -97.7711563 -20.5137539
vn -13.456398 -97.7912216 -15.9938498
vn 25.1625805 96.7254257 -3.32224202
vn -8.36181164 99.5050278 -5.36922169
vn -41.8707085 90.2790604 -9.8251915
vn -97.2817612 16.861599 -15.8727942
vn -41.8997955 -90.7972412 0.519518554
vn -3.39379573 -99.0818863 13.0866613
vn -25.9306164 -93.8294449 22.8831749
vn -6.2781415 -81.2562485 57.948307
vn -7.11343813 -84.5172043 52.9739456
vn -36.8572998 -89.0994797 26.5108051
vn -99.5426331 4.53360558 8.40899372
vn -59.0181274 79.8087845 12.1415625
vn -42.3419342 86.1278534 28.0918827
vn -28.9979515 92.9404144 22.8297539
vn -5.60479164 93.0353165 36.2355652
vn 30.597374 -94.3165665 12.9685745
vn 40.8558655 -84.6141434 34.2234535
vn 96.255249 -27.093708 -0.926129103
vn 88.4529572 -46.5690269 -2.72036648
vn 84.8921204 52.7333145 3.53907275
vn 83.7471313 54.5393372 3.44674039
vn 88.4844437 -46.5879135 -0.262482315
vn -4.83689404 99.4858551 8.89774323
vn -5.55001402 99.3497543 9.94107723
vn -88.135704 46.2645111 9.5756197
vn -87.9590912 46.3127899 10.877533
vn 3.34161234 -99.9258499 -1.91277194
vn -19.7156448 -94.6210327 25.6545067
vn -85.196907 -52.0162086 5.98346138
vn -87.2830887 -45.3668175 17.9865055
vn -47.6025238 83.6205063 27.2325382
vn -17.1169815 97.299263 15.4874611
vn -86.6346054 49.1011391 9.13911629
vn -88.1278839 46.0663147 10.5532417
vn -83.9266434 -53.8938332 7.19535685
vn -83.674118 -54.469696 5.62978077
vn 4.63702488 -99.89048 -0.623858392
vn 4.204072 -99.8992844 1.56828547
vn -95.3699341 28.6945782 9.0109148
vn -84.9866867 24.7499428 46.526371
vn -72.6798859 -68.5449219 4.38506508
vn -63.8004074 -59.8112793 48.4986496
vn 25.156004 -96.7801666 0.880704582
vn 19.41049 -84.5435562 49.7556038
vn 3.14958811 -85.5229492 51.7291565
vn 51.7363739 -38.2335625 76.5607071
vn 97.0693359 -24.0242138 -0.617910266
vn 28.4820652 -95.8555222 -0.700092137
vn 33.1194458 80.2147141 49.686039
vn -38.864769 87.0293503 30.2559605
vn -32.9474525 94.0142822 8.70517731
vn 67.5621796 73.5263214 5.40660238
vn -96.6602097 25.0687637 5.32545185
vn -81.7849045 31.4316769 48.2004089
vn -56.8986473 -59.6794853 56.576519
vn -71.0114746 -70.3884811 1.68322539
vn 98.8054199 -15.0896006 3.12933493
vn 86.3164597 -15.8909197 47.9264793
vn -98.4421844 15.0390062 9.10856819
vn -85.5743637 11.3540373 50.4788475
vn -62.9263649 -77.5687332 4.83374262
vn -53.4915504 -67.1805267 51.2389793
vn 37.1640625 -92.8207474 1.77262974
vn 31.619421 -80.3970413 50.3639336
vn 95.079895 13.2742987 27.993
vn 63.7494736 75.9558487 12.9117794
vn 63.0729141 77.5230255 3.46225619
vn 99.201355 -12.6128149 0.0830362141
vn -17.4805546 93.7517471 30.083868
vn -65.0060577 20.1825294 73.2589722
vn -98.7881699 14.6362581 5.16509771
vn -37.1777992 92.5759201 6.8926487
vn -43.8068581 -68.6807938 57.9992104
vn -65.7704697 -75.2584076 3.22762012
vn 30.2981205 -78.7110825 53.7270012
vn 36.6176758 -93.0406723 1.60618687
vn 96.5868149 -25.6508369 3.60867882
vn 84.8516159 -26.4258156 45.8462372
vn -96.0934372 25.4334431 10.9175282
vn -84.7364655 21.3780727 48.607708
vn -69.3485107 -71.7561646 6.46810675
vn -60.7291451 -62.4258003 49.14254
vn 28.4005642 -95.8502197 2.4786644
vn 23.1058922 -84.537674 48.1611671
vn 78.526329 60.9103928 11.1147566
vn 69.5942612 71.7954254 1.43386149
vn 96.3755264 -26.5235691 -2.87374473
vn -23.1619282 93.4382935 27.0704689
vn -81.8447037 26.696043 50.8799324
vn -96.83004 24.53232 4.70195723
vn -29.1330643 95.4173355 6.84083033
vn -58.6948586 -74.2741699 32.222065
vn -70.3633652 -70.9989853 -2.85310721
vn 25.1308479 -96.6629486 -4.97132015
vn 8.95339489 97.7208099 19.2478638
vn 46.8364983 84.9603424 24.2504292
vn 1.32723022 13.9892054 99.007782
vn -4.89164782 13.1897449 99.0055695
vn 3.13627648 16.0242081 98.6579437
vn 4.56025743 13.5430241 98.9736786
vn 53.2194977 -25.0821247 80.8614426
vn 3.68228745 -83.018425 55.6271782
vn 73.9325256 66.8611298 7.97312069
vn 24.6086922 87.3842773 41.9332809
vn 24.4921989 69.2916718 67.8144302
vn -3.19885564 -84.683136 53.089859
vn 5.09776926 -86.9793701 49.077507
vn -63.7264175 76.9540939 4.12443447
vn 1.42580545 99.9420853 3.09000325
vn 0.532625496 99.9798965 1.93312156
vn -64.2640076 76.6037445 1.41570997
vn 66.7761917 74.4130249 1.90814805
vn 65.7959442 75.3053284 0.0311178192
vn 99.9667664 -2.25665855 1.24642229
vn 99.9737396 -1.57496083 -1.6646564
vn 64.2531662 -76.6011505 1.94828975
vn 64.0994339 -76.7545547 0.0454955846
vn -0.770762324 -99.9468231 3.16863823
vn -0.731208682 -99.9782486 1.95305121
vn -66.3913422 -74.661644 4.22239685
vn -65.8679581 -75.2273712 1.50106549
vn -99.8683548 2.49136257 4.4841094
vn -99.9883881 1.42406476 0.541800082
vn -99.0886536 4.95892811 12.5239468
vn -62.6636429 77.2214584 10.4935408
vn 4.23563623 99.6636276 7.01567936
vn 67.9207764 73.1815109 5.58903885
vn 99.8219604 -4.3528924 4.07796526
vn 62.3567696 -77.9904404 5.39675522
vn -0.465831101 -99.7662125 6.81801939
vn -67.5875702 -73.0502853 9.7763834
vn -7.06075001 -99.6710281 3.97886682
vn -70.0989914 -71.2743912 2.46816325
vn -69.6415863 -71.7524414 1.2792908
vn -3.65435362 -99.7689819 5.72665787
vn -99.0926666 13.3679514 1.39285946
vn -99.1933594 12.6759167 -0.00348764518
vn -54.5891037 83.7143097 3.45592928
vn -56.5825462 82.3704224 3.67822552
vn 5.95198345 99.6553345 5.77816105
vn 5.49635983 99.5275803 8.00305367
vn 69.0254745 72.1033325 6.04919434
vn 70.4353561 70.6573639 6.81144571
vn 98.9843369 -12.9568272 5.84988689
vn 99.491745 -8.99059296 4.53441477
vn 53.224926 -84.5222855 4.80527782
vn 59.0611343 -80.5336609 5.10986996
vn -47.4848366 87.9842453 1.99057257
vn 1.59991145 99.7294388 7.1749568
vn 2.88853979 99.8010559 5.6041708
vn -52.0384483 85.1949615 5.81544685
vn 51.2086983 85.7663803 4.66883898
vn 61.3301163 78.7632599 5.91337824
vn 99.0821838 6.29523182 -11.9620104
vn 99.3810577 -8.40450573 7.26425362
vn 45.9047203 -87.2625732 -16.6733532
vn 51.693367 -85.2777328 7.45005941
vn -6.75878143 -99.6386871 -5.1430397
vn -4.61297131 -99.6099625 7.52178717
vn -54.5464706 -80.4571533 -23.4803925
vn -62.9503441 -77.3357162 7.51271963
vn -96.8395538 19.8890686 -15.0507956
vn -99.2462234 10.0196609 7.05635023
vn -98.9366226 -14.5428944 0.219700783
vn -98.8906097 -14.8082504 1.16753578
vn -62.667675 77.6810837 6.19778681
vn -62.7077713 77.7545853 4.68629599
vn 37.3372688 92.4124451 8.11598682
vn 37.1441307 92.3591156 9.49249744
vn 98.5951843 14.8264046 7.69210386
vn 98.697403 14.7689638 6.37960196
vn 62.8537712 -77.7236404 2.90508533
vn 63.1407852 -77.5078735 2.40227056
vn -37.229847 -92.8104553 -0.398981601
vn -37.6833992 -92.6269684 -0.453269452
vn -62.7844734 77.4188004 8.02740192
vn -58.1256752 67.988472 44.7098618
vn 34.1874313 81.7182541 46.4041557
vn 36.9821053 92.2515564 11.0442123
vn -98.9988251 9.05779362 10.8254042
vn -68.0420609 -72.7219162 9.04440022
vn -59.418808 79.7783661 10.2380476
vn -96.7537384 -25.2617893 -0.745560348
vn -96.3401489 -26.8035526 0.381224126
vn -69.9486389 71.2415848 5.64132404
vn -69.5505676 71.6928253 4.78121662
vn 28.9619217 95.3252335 8.62009525
vn 27.4805126 95.7138367 9.14784622
vn 95.8571396 27.3863182 7.83581972
vn 96.3186951 26.0585194 6.60777426
vn 71.4707794 -69.8810501 2.92669153
vn 70.2658157 -71.1241608 2.01678395
vn -26.5586643 -96.4038162 -0.969819069
vn -28.1821632 -95.9349518 -1.50016689
vn -70.8525085 70.1339722 7.81969309
vn -64.2464905 59.6100807 48.1562767
vn 23.7070332 85.9828949 45.2207756
vn 26.2831917 95.9245071 10.3770256
vn -96.8099976 -25.0230904 -1.29147339
vn -96.777359 -25.1667652 0.880459249
vn -68.9522781 72.1947327 5.78827095
vn -69.5391617 71.7924576 3.18583202
vn 28.754818 95.502243 7.24443865
vn 28.8168945 95.3258209 9.08709812
vn 96.4625397 25.1394844 7.93637037
vn 96.5748825 25.2691154 5.89610624
vn 69.1771927 -72.1324539 3.38003993
vn 69.1009293 -72.2844086 0.161127836
vn -28.7663898 -95.7726669 -0.305080384
vn -28.4318829 -95.8291931 -2.89702702
vn -69.1230392 71.6858063 9.11869717
vn -64.2754669 63.0316391 43.5393829
vn 26.6788921 85.0266724 45.3729286
vn 28.4203014 95.0755997 12.3659458
vn 3.99287415 99.1522446 12.36479
vn 1.92195916 88.4842758 46.5493279
vn 76.085762 40.1301498 50.9953766
vn 87.2136383 46.7120705 14.5521059
vn 71.6047058 -46.0246849 52.4832878
vn 84.0542374 -53.1500969 10.4857512
vn -2.10507798 -85.8549423 51.2298546
vn -3.48537374 -99.8385696 4.48484421
vn -75.5639648 -43.3188934 49.1279984
vn -88.1572037 -47.129612 2.66570663
vn -95.9598923 -27.9922543 2.85202098
vn -81.9709702 -27.0374012 50.4949379
vn -84.0218964 53.827774 6.54905176
vn -76.3332214 44.787632 46.5543404
vn -56.881279 -71.4239578 40.7815971
vn -88.822525 -45.7018929 -4.67936134
vn -80.3672409 58.9079323 8.42388153
vn 23.4858589 69.0194473 68.4450989
vn -55.7067947 82.9945145 -2.94329119
vn -16.5542793 88.3493118 43.8218575
vn 64.2239456 33.3830185 68.99897
vn -20.1549034 -12.0257778 97.2067947
vn 71.4307404 -58.2521439 38.7857933
vn 33.4801331 -86.7007141 36.9061966
vn 72.5974121 37.3076668 57.7732849
vn 52.3249512 29.5587692 79.92733
vn 49.2504921 -53.7639503 68.4384766
vn 79.3510818 -56.3218918 23.0488644
vn -2.99815011 -98.5373764 -16.7748814
vn -5.15250492 -99.1634903 -11.8344421
vn -79.13414 -42.4973221 -43.9518509
vn -70.7051239 -40.974205 -57.6359177
vn -9.58900738 -98.7753448 12.3078251
vn -2.51593399 -97.5976715 -21.641716
vn -87.7716293 -47.648468 -5.07586479
vn -82.4941406 -43.4249535 -36.1799774
vn -82.4725952 43.9278564 35.6175766
vn -85.6136475 51.3830223 -5.48526573
vn -6.68181705 73.4872284 67.4906006
vn -6.3463769 89.4909592 44.1711693
vn -77.8099747 48.0790062 -40.4229736
vn -86.0093689 47.5992088 -18.3495159
vn 4.20678949 99.9032974 -1.2781148
vn 44.89114 89.2095718 -5.14183044
vn -35.6224403 92.9999313 -9.05849075
vn -75.3402176 52.0850601 -40.1372452
vn -49.1020393 -56.6399727 -66.188385
vn 94.1845474 17.4926472 -28.6928234
vn 42.4997368 -86.0113831 -28.2101974
vn 4.47062874 -97.7711639 -20.5136642
vn 13.4563789 -97.791214 -15.9938354
vn -25.162447 96.7254562 -3.32224298
vn 8.36172676 99.505043 -5.36922503
vn 41.870697 90.279068 -9.82520294
vn 97.2817612 16.8616219 -15.8728018
vn 41.8998222 -90.7972183 0.519524634
vn 3.39379764 -99.0818939 13.0866642
vn 25.9306126 -93.8294373 22.8831806
vn 7.11331797 -84.5172348 52.9739342
vn 6.27796268 -81.2562408 57.9483376
vn 99.5426331 4.5335989 8.40891457
vn 36.8572731 -89.0994949 26.5107822
vn 42.3417015 86.1280212 28.0916939
vn 59.0179253 79.8089676 12.141367
vn 5.60479069 93.0353394 36.2354927
vn 28.9978561 92.9404602 22.8297005
vn -30.5974045 -94.3165665 12.9686251
vn -96.255249 -27.0937176 -0.925951421
vn -40.8559647 -84.6140594 34.2235527
vn -88.4529648 -46.568985 -2.72079754
vn -88.4844513 -46.5879326 -0.261661172
vn -83.7471466 54.5392456 3.44762111
vn -84.8921967 52.7332306 3.53869081
vn 4.83665895 99.4858627 8.89776325
vn 87.9591675 46.3128929 10.8766947
vn 88.1354599 46.2647896 9.57643509
vn 5.54943562 99.3497772 9.94120312
vn -3.34107471 -99.9258652 -1.91276467
vn 19.7156391 -94.6210251 25.6545181
vn 85.1969147 -52.016098 5.98427105
vn 87.2830353 -45.3669472 17.986412
vn 17.1172523 97.2992172 15.4875193
vn 47.6024017 83.6207275 27.2320557
vn 88.1278305 46.0662041 10.5541754
vn 86.634613 49.101162 9.13889599
vn 83.9268341 -53.8936653 7.19454622
vn -4.20406628 -99.8992767 1.5682404
vn -4.63710165 -99.89048 -0.6239869
vn 83.6739883 -54.4698296 5.63037348
vn 84.9867249 24.7498627 46.5263481
vn 95.3697815 28.6948452 9.01170349
vn 63.8003349 -59.8112679 48.4987717
vn 72.6799469 -68.5447922 4.38582373
vn -19.4104919 -84.5435104 49.7556915
vn -25.156086 -96.7801361 0.881010056
vn -3.14966702 -85.5229874 51.7290916
vn -28.4818268 -95.8556061 -0.699894786
vn -97.0693283 -24.0242519 -0.617677748
vn -51.7363358 -38.2338219 76.5606155
vn -33.1193924 80.214798 49.6859512
vn -67.5620804 73.5264053 5.40679693
vn 32.9477272 94.0141907 8.70510483
vn 38.8648415 87.0293045 30.2559566
vn 96.6602936 25.0684299 5.32561922
vn 81.7848358 31.4317627 48.2004585
vn 56.8984871 -59.6796494 56.5765076
vn 71.0114441 -70.3884964 1.6836586
vn -98.8054352 -15.089385 3.12999916
vn -86.3165283 -15.8911333 47.9263
vn 85.5745621 11.3537884 50.4785728
vn 98.4421692 15.0392857 9.10813904
vn 53.4917641 -67.180336 51.2389946
vn 62.9266396 -77.5684814 4.83407116
vn -31.6193848 -80.3970184 50.364006
vn -37.1641083 -92.8207016 1.77344465
vn -95.0798492 13.2742186 27.9931164
vn -99.2013626 -12.6127739 0.0829796195
vn -63.0729218 77.5230255 3.46232724
vn -63.7493591 75.9559708 12.9115372
vn 17.480629 93.7517776 30.0837688
vn 37.1776352 92.5759811 6.89285278
vn 98.7881088 14.6365767 5.16532898
vn 65.0061569 20.182354 73.258934
vn 65.7704315 -75.2584305 3.22780776
vn 43.8066292 -68.6807709 57.9994087
vn -36.6177559 -93.0406418 1.60623944
vn -30.298069 -78.7112045 53.7268333
vn -96.5868149 -25.6508293 3.60861063
vn -84.8516388 -26.4257927 45.8462296
vn 84.7364731 21.3780861 48.6077003
vn 96.0934372 25.4334621 10.9174099
vn 60.7291565 -62.425808 49.1425323
vn 69.3485336 -71.7561569 6.46804047
vn -23.1059113 -84.537674 48.1611786
vn -28.4005604 -95.8502197 2.47867465
vn -96.3755341 -26.5235405 -2.87376833
vn -69.5943069 71.7953873 1.4338392
vn -78.526329 60.9103889 11.114872
vn 23.1618309 93.4383087 27.0704746
vn 29.1329556 95.417366 6.84085178
vn 96.8300247 24.5323715 4.70193672
vn 81.8445129 26.6961708 50.8801498
vn 70.363327 -70.9990234 -2.85311866
vn 58.6946373 -74.2742157 32.2223587
vn -25.1309185 -96.6629333 -4.97128153
vn -46.8362999 84.9604797 24.2503071
vn -8.95326805 97.720871 19.2476234
vn -1.32706809 13.9890652 99.0078125
vn 4.89165878 13.190053 99.0055237
vn -3.13619161 16.0238571 98.6579895
vn -4.56025743 13.5430241 98.9736786
vn -53.2195206 -25.0820808 80.8614426
vn -3.6823318 -83.0184555 55.627121
vn -24.6084175 87.3844223 41.9331551
vn -73.9325638 66.8610916 7.97317886
vn -24.492197 69.2917557 67.8143387
vn 3.19882035 -84.6830444 53.0899963
vn -5.09786034 -86.9793625 49.0775299

# Mesh 'Arm.001' with 584 faces
g Arm.001
usemtl Material.001
f  1/1/1 2/2/2 3/3/3 4/4/4
f  5/4/4 6/3/3 7/5/5 8/6/6
f  9/6/6 10/5/5 11/7/7 12/8/8
f  13/9/8 14/10/7 15/11/9 16/12/10
f  17/12/10 18/11/9 19/13/11 20/14/12
f  21/14/12 22/13/11 23/15/13 24/16/14
f  25/16/14 26/15/13 27/17/15 28/18/16
f  29/18/16 30/17/15 31/2/2 32/1/1
f  33/19/17 34/18/16 35/1/1 36/20/18
f  37/20/18 38/1/1 39/4/4 40/21/19
f  41/21/19 42/4/4 43/6/6 44/22/20
f  45/22/20 46/6/6 47/8/8 48/23/21
f  49/24/21 50/9/8 51/12/10 52/25/22
f  53/25/22 54/12/10 55/14/12 56/26/23
f  57/26/23 58/14/12 59/16/14 60/27/24
f  61/27/24 62/16/14 63/18/16 64/19/17
f  65/28/25 66/29/26 67/30/27 68/31/28
f  69/31/28 70/30/27 71/32/29 72/33/30
f  73/33/30 74/32/29 75/34/31 76/35/32
f  77/35/32 78/34/31 79/36/33 80/37/34
f  81/37/34 82/36/33 83/38/35 84/39/36
f  85/39/36 86/38/35 87/40/37 88/41/38
f  89/42/38 90/43/37 91/44/39 92/45/40
f  93/45/40 94/44/39 95/29/26 96/28/25
f  97/46/41 98/47/42 99/48/43 100/49/44
f  101/49/44 102/48/43 103/50/45 104/51/46
f  105/51/46 106/50/45 107/52/47 108/53/48
f  109/54/48 110/55/47 111/56/49 112/57/50
f  113/57/50 114/56/49 115/58/51 116/59/52
f  117/59/52 118/58/51 119/60/53 120/61/54
f  121/61/54 122/60/53 123/62/55 124/63/56
f  125/63/56 126/62/55 127/47/42 128/46/41
f  129/64/57 130/65/58 131/66/59 132/67/60
f  133/68/61 134/69/62 135/70/63 136/71/64
f  137/72/62 138/73/65 139/74/66 140/75/63
f  141/73/65 142/76/67 143/77/68 144/74/66
f  145/76/67 146/64/57 147/67/60 148/77/68
f  149/78/69 150/79/70 151/80/71 152/81/72
f  153/55/47 154/42/38 155/45/40 156/56/49
f  157/56/49 158/45/40 159/28/25 160/58/51
f  161/58/51 162/28/25 163/31/28 164/60/53
f  165/60/53 166/31/28 167/33/30 168/62/55
f  169/62/55 170/33/30 171/35/32 172/47/42
f  173/47/42 174/35/32 175/37/34 176/48/43
f  177/48/43 178/37/34 179/39/36 180/50/45
f  181/50/45 182/39/36 183/41/38 184/52/47
f  185/43/37 186/24/21 187/25/22 188/44/39
f  189/44/39 190/25/22 191/26/23 192/29/26
f  193/30/27 194/82/73 195/83/74 196/32/29
f  197/32/29 198/83/74 199/84/75 200/34/31
f  201/34/31 202/84/75 203/36/33
f  204/36/33 205/21/19 206/22/20 207/38/35
f  208/38/35 209/22/20 210/23/21 211/40/37
f  212/85/76 213/86/77 214/87/78 215/88/79
f  216/89/80 217/90/81 218/91/82 219/92/83
f  220/93/81 221/94/84 222/95/85 223/96/82
f  224/94/84 225/97/86 226/98/87 227/95/85
f  228/97/86 229/85/76 230/88/79 231/98/87
f  232/99/88 233/100/89 234/101/90 235/102/91
f  236/103/92 237/104/93 238/105/94 239/106/95
f  240/107/96 241/108/97 242/109/98 243/110/99
f  244/111/97 245/112/100 246/113/101 247/114/98
f  248/112/100 249/115/102 250/116/103 251/113/101
f  252/115/102 253/103/92 254/106/95 255/116/103
f  256/117/104 257/118/105 258/119/106 259/120/107
f  260/121/108 261/122/109 262/123/110 263/124/111
f  264/125/109 265/126/112 266/127/113 267/128/110
f  268/126/112 269/129/114 270/130/115 271/127/113
f  272/129/114 273/131/116 274/132/117 275/130/115
f  276/133/118 277/99/88 278/102/91 279/134/119
f  280/135/120 281/121/108 282/124/111 283/136/121
f  284/137/122 285/138/123 286/139/124 287/140/125
f  288/141/126 289/142/127 290/143/128 291/144/129
f  292/145/127 293/146/130 294/147/131 295/148/128
f  296/149/132 297/150/133 298/151/134 299/152/135
f  300/146/130 301/153/136 302/154/137 303/147/131
f  304/153/136 305/155/138 306/156/139 307/154/137
f  308/150/133 309/157/140 310/158/141 311/151/134
f  312/157/140 313/159/142 314/160/143 315/158/141
f  316/159/142 317/161/144 318/162/145 319/160/143
f  320/161/144 321/163/146 322/164/147 323/162/145
f  324/165/148 325/141/126 326/144/129 327/166/149
f  328/163/146 329/167/132 330/168/135 331/164/147
f  332/169/46 333/170/150 334/171/151 335/172/44
f  336/173/41 337/172/44 338/171/151 339/174/152
f  340/174/152 341/175/153 342/176/56 343/173/41
f  344/176/56 345/175/153 346/177/154 347/178/54
f  348/170/150 349/169/46 350/179/48 351/180/155
f  352/181/48 353/182/50 354/183/156 355/184/155
f  356/183/156 357/182/50 358/185/52 359/186/157
f  360/187/154 361/188/158 362/186/157 363/189/54
f  364/175/153 365/190/148 366/191/138 367/177/154
f  368/175/153 369/174/152 370/192/126 371/190/148
f  372/188/158 373/187/154 374/193/138 375/194/136
f  376/174/152 377/195/159 378/192/126
f  379/196/160 380/171/151 381/170/150 382/197/161
f  383/170/150 384/180/155 385/198/162 386/197/161
f  387/199/162 388/184/155 389/183/156 390/200/163
f  391/183/156 392/186/157 393/201/164 394/200/163
f  395/202/165 396/201/164 397/186/157 398/188/158
f  399/201/164 400/203/166 401/204/167
f  402/200/163 403/205/168 404/206/169 405/199/162
f  406/197/161 407/207/170 408/208/171
f  409/196/160 410/209/172 411/210/173
f  412/211/174 413/212/175 414/213/127 415/214/176
f  416/212/175 417/215/130 418/213/127
f  419/216/177 420/217/178 421/218/179 422/219/180
f  423/220/181 424/221/182 425/222/183 426/223/184
f  427/224/185 428/225/186 429/137/122 430/140/125
f  431/131/116 432/135/120 433/136/121 434/132/117
f  435/226/187 436/227/188 437/225/186 438/224/185
f  439/138/123 440/228/189 441/229/190 442/139/124
f  443/228/189 444/230/191 445/231/192 446/229/190
f  447/232/193 448/233/194 449/234/195 450/235/196
f  451/235/196 452/234/195 453/216/177 454/219/180
f  455/217/178 456/221/182 457/220/181 458/218/179
f  459/100/89 460/236/197 461/237/198 462/101/90
f  463/238/197 464/239/199 465/240/200 466/241/198
f  467/239/199 468/242/201 469/243/202 470/240/200
f  471/242/201 472/133/118 473/134/119 474/243/202
f  475/244/203 476/245/204 477/246/205 478/247/206
f  479/86/77 480/89/80 481/92/83 482/87/78
f  483/248/207 484/249/208 485/250/209 486/251/210
f  487/252/211 488/250/209 489/249/208 490/253/212
f  491/254/213 492/244/203 493/247/206 494/255/214
f  495/256/215 496/78/69 497/81/72 498/257/216
f  499/245/204 500/248/207 501/251/210 502/246/205
f  503/79/70 504/258/217 505/259/218 506/80/71
f  507/260/217 508/261/219 509/262/220 510/263/218
f  511/261/219 512/264/221 513/265/222 514/262/220
f  515/264/221 516/256/215 517/257/216 518/265/222
f  519/266/223 520/267/224 521/268/225 522/269/226
f  523/65/58 524/68/61 525/71/64 526/66/59
f  527/270/227 528/271/228 529/272/229 530/273/230
f  531/274/228 532/275/231 533/276/232 534/277/229
f  535/275/231 536/278/233 537/279/234 538/276/232
f  539/278/233 540/266/223 541/269/226 542/279/234
f  543/280/235 544/117/104 545/120/107 546/281/236
f  547/267/224 548/270/227 549/273/230 550/268/225
f  551/118/105 552/282/237 553/283/238 554/119/106
f  555/284/237 556/285/239 557/286/240 558/287/238
f  559/285/239 560/288/241 561/289/242 562/286/240
f  563/288/241 564/280/235 565/281/236 566/289/242
f  567/290/176 568/291/243 569/292/244 570/293/245
f  571/104/93 572/107/96 573/110/99 574/105/94
f  575/294/246 576/295/247 577/296/248 578/297/249
f  579/298/247 580/299/250 581/300/251 582/301/248
f  583/299/250 584/302/174 585/303/252 586/300/251
f  587/302/174 588/290/176 589/293/245 590/303/252
f  591/291/243 592/294/246 593/297/249 594/292/244
f  595/195/159 596/304/253 597/305/254
f  598/171/151 599/196/160 600/195/159 601/174/152
f  602/306/255 603/130/115 604/132/117
f  605/306/255 606/132/117 607/136/121
f  608/306/255 609/136/121 610/307/111
f  611/306/255 612/307/111 613/308/110
f  614/306/255 615/308/110 616/309/113
f  617/306/255 618/309/113 619/130/115
f  620/310/256 621/311/198 622/312/200
f  623/310/256 624/312/200 625/243/202
f  626/310/256 627/243/202 628/134/119
f  629/310/256 630/134/119 631/102/91
f  632/310/256 633/102/91 634/313/90
f  635/310/256 636/313/90 637/311/198
f  638/314/257 639/315/218 640/316/220
f  641/314/257 642/316/220 643/265/222
f  644/314/257 645/265/222 646/257/216
f  647/314/257 648/257/216 649/81/72
f  650/314/257 651/81/72 652/317/71
f  653/314/257 654/317/71 655/315/218
f  656/318/258 657/319/240 658/289/242
f  659/318/258 660/289/242 661/281/236
f  662/318/258 663/281/236 664/120/107
f  665/318/258 666/120/107 667/320/106
f  668/318/258 669/320/106 670/321/238
f  671/318/258 672/321/238 673/319/240
f  674/322/259 675/160/143 676/162/145
f  677/322/259 678/162/145 679/323/147
f  680/322/259 681/323/147 682/324/135
f  683/322/259 684/324/135 685/325/134
f  686/322/259 687/325/134 688/158/141
f  689/322/259 690/158/141 691/160/143
f  692/215/130 693/202/165 694/188/158 695/194/136
f  696/185/52 697/189/54 698/186/157
f  699/201/164 700/326/260 701/203/166
f  702/327/212 703/254/213 704/255/214 705/328/211
f  706/329/243 707/330/261 708/331/262 709/332/246
f  710/332/246 711/331/262 712/333/263 713/334/247
f  714/335/189 715/207/170 716/336/169 717/337/191
f  718/207/170 719/335/189 720/338/123 721/208/171
f  722/210/173 723/304/253 724/196/160
f  725/339/212 726/340/208 727/209/172 728/208/171
f  729/340/208 730/341/207 731/210/173 732/209/172
f  733/197/161 734/209/172 735/196/160
f  736/342/227 737/304/253 738/210/173 739/343/228
f  740/304/253 741/342/227 742/344/224 743/305/254
f  744/196/160 745/304/253 746/195/159
f  747/212/175 748/211/174 749/345/250 750/346/264
f  751/347/233 752/326/260 753/346/264 754/348/223
f  755/326/260 756/347/233 757/349/231 758/203/166
f  759/350/203 760/204/167 761/203/166 762/351/204
f  763/204/167 764/350/203 765/352/213 766/353/265
f  767/354/186 768/205/168 769/353/265 770/355/122
f  771/205/168 772/354/186 773/356/188 774/206/169
f  775/346/264 776/326/260 777/202/165
f  778/200/163 779/204/167 780/353/265
f  781/336/169 782/357/188 783/337/191
f  784/355/122 785/352/213 786/358/212 787/359/123
f  788/352/213 789/355/122 790/353/265
f  791/208/171 792/338/123 793/339/212
f  794/351/204 795/349/231 796/360/228 797/361/207
f  798/210/173 799/341/207 800/343/228
f  801/351/204 802/203/166 803/349/231
f  804/344/224 805/362/223 806/333/263 807/305/254
f  808/192/126 809/331/262 810/330/261
f  811/363/127 812/330/261 813/329/243 814/364/176
f  815/346/264 816/345/250 817/365/247 818/348/223
f  819/362/223 820/334/247 821/333/263
f  822/330/261 823/363/127 824/192/126
f  825/353/265 826/205/168 827/200/163
f  828/333/263 829/331/262 830/305/254
f  831/305/254 832/331/262 833/195/159
f  834/198/162 835/207/170 836/197/161
f  837/208/171 838/209/172 839/197/161
f  840/195/159 841/331/262 842/192/126
f  843/336/169 844/207/170 845/198/162
f  846/202/165 847/326/260 848/201/164
f  849/201/164 850/204/167 851/200/163
f  852/202/165 853/215/130 854/346/264
f  855/346/264 856/215/130 857/212/175
f  858/82/73 859/27/24 860/19/17 861/83/74
f  862/83/74 863/19/17 864/20/18 865/84/75
f  866/84/75 867/20/18 868/21/19 869/36/33
f  870/82/73 871/29/26 872/26/23 873/27/24
f  874/29/26 875/82/73 876/30/27
f  877/366/192 878/367/191 879/227/188 880/226/187
f  881/232/193 882/368/184 883/369/183 884/233/194
f  885/156/139 886/166/149 887/161/144 888/159/142
f  889/147/131 890/154/137 891/157/140 892/150/133
f  893/144/129 894/143/128 895/167/132 896/163/146
f  897/154/137 898/156/139 899/159/142 900/157/140
f  901/148/128 902/147/131 903/150/133 904/149/132
f  905/166/149 906/144/129 907/163/146 908/161/144
f  909/139/124 910/229/190 911/221/182 912/217/178
f  913/229/190 914/231/192 915/222/183 916/221/182
f  917/366/192 918/226/187 919/233/194 920/369/183
f  921/226/187 922/224/185 923/234/195 924/233/194
f  925/224/185 926/140/125 927/216/177 928/234/195
f  929/140/125 930/139/124 931/217/178 932/216/177
f  933/218/179 934/220/181 935/121/108 936/135/120
f  937/220/181 938/223/184 939/122/109 940/121/108
f  941/368/184 942/232/193 943/126/112 944/125/109
f  945/232/193 946/235/196 947/129/114 948/126/112
f  949/235/196 950/219/180 951/131/116 952/129/114
f  953/219/180 954/218/179 955/135/120 956/131/116
f  957/87/78 958/92/83 959/100/89 960/99/88
f  961/92/83 962/91/82 963/236/197 964/100/89
f  965/96/82 966/95/85 967/239/199 968/238/197
f  969/95/85 970/98/87 971/242/201 972/239/199
f  973/98/87 974/88/79 975/133/118 976/242/201
f  977/88/79 978/87/78 979/99/88 980/133/118
f  981/246/205 982/251/210 983/86/77 984/85/76
f  985/251/210 986/250/209 987/89/80 988/86/77
f  989/250/209 990/252/211 991/90/81 992/89/80
f  993/328/211 994/255/214 995/94/84 996/93/81
f  997/255/214 998/247/206 999/97/86 1000/94/84
f  1001/247/206 1002/246/205 1003/85/76 1004/97/86
f  1005/66/59 1006/71/64 1007/79/70 1008/78/69
f  1009/71/64 1010/70/63 1011/258/217 1012/79/70
f  1013/75/63 1014/74/66 1015/261/219 1016/260/217
f  1017/74/66 1018/77/68 1019/264/221 1020/261/219
f  1021/77/68 1022/67/60 1023/256/215 1024/264/221
f  1025/67/60 1026/66/59 1027/78/69 1028/256/215
f  1029/268/225 1030/273/230 1031/68/61 1032/65/58
f  1033/273/230 1034/272/229 1035/69/62 1036/68/61
f  1037/277/229 1038/276/232 1039/73/65 1040/72/62
f  1041/276/232 1042/279/234 1043/76/67 1044/73/65
f  1045/279/234 1046/269/226 1047/64/57 1048/76/67
f  1049/269/226 1050/268/225 1051/65/58 1052/64/57
f  1053/105/94 1054/110/99 1055/118/105 1056/117/104
f  1057/110/99 1058/109/98 1059/282/237 1060/118/105
f  1061/114/98 1062/113/101 1063/285/239 1064/284/237
f  1065/113/101 1066/116/103 1067/288/241 1068/285/239
f  1069/116/103 1070/106/95 1071/280/235 1072/288/241
f  1073/106/95 1074/105/94 1075/117/104 1076/280/235
f  1077/292/244 1078/297/249 1079/107/96 1080/104/93
f  1081/297/249 1082/296/248 1083/108/97 1084/107/96
f  1085/301/248 1086/300/251 1087/112/100 1088/111/97
f  1089/300/251 1090/303/252 1091/115/102 1092/112/100
f  1093/303/252 1094/293/245 1095/103/92 1096/115/102
f  1097/293/245 1098/292/244 1099/104/93 1100/103/92
f  1101/155/138 1102/165/148 1103/166/149 1104/156/139
f  1105/1/266 1106/4/267 1107/3/268 1108/2/269
f  1109/4/267 1110/6/270 1111/5/271 1112/3/268
f  1113/6/270 1114/8/272 1115/7/273 1116/5/271
f  1117/9/272 1118/12/274 1119/11/275 1120/10/273
f  1121/12/274 1122/14/276 1123/13/277 1124/11/275
f  1125/14/276 1126/16/278 1127/15/279 1128/13/277
f  1129/16/278 1130/18/280 1131/17/281 1132/15/279
f  1133/18/280 1134/1/266 1135/2/269 1136/17/281
f  1137/19/282 1138/20/283 1139/1/266 1140/18/280
f  1141/20/283 1142/21/284 1143/4/267 1144/1/266
f  1145/21/284 1146/22/285 1147/6/270 1148/4/267
f  1149/22/285 1150/23/286 1151/8/272 1152/6/270
f  1153/24/286 1154/25/287 1155/12/274 1156/9/272
f  1157/25/287 1158/26/288 1159/14/276 1160/12/274
f  1161/26/288 1162/27/289 1163/16/278 1164/14/276
f  1165/27/289 1166/19/282 1167/18/280 1168/16/278
f  1169/28/290 1170/31/291 1171/30/292 1172/29/293
f  1173/31/291 1174/33/294 1175/32/295 1176/30/292
f  1177/33/294 1178/35/296 1179/34/297 1180/32/295
f  1181/35/296 1182/37/298 1183/36/299 1184/34/297
f  1185/37/298 1186/39/300 1187/38/301 1188/36/299
f  1189/39/300 1190/41/302 1191/40/303 1192/38/301
f  1193/42/302 1194/45/304 1195/44/305 1196/43/303
f  1197/45/304 1198/28/290 1199/29/293 1200/44/305
f  1201/46/306 1202/49/307 1203/48/308 1204/47/309
f  1205/49/307 1206/51/310 1207/50/311 1208/48/308
f  1209/51/310 1210/53/312 1211/52/313 1212/50/311
f  1213/54/312 1214/57/314 1215/56/315 1216/55/313
f  1217/57/314 1218/59/316 1219/58/317 1220/56/315
f  1221/59/316 1222/61/318 1223/60/319 1224/58/317
f  1225/61/318 1226/63/320 1227/62/321 1228/60/319
f  1229/63/320 1230/46/306 1231/47/309 1232/62/321
f  1233/64/322 1234/67/323 1235/66/324 1236/65/325
f  1237/68/326 1238/71/327 1239/70/328 1240/69/329
f  1241/72/329 1242/75/328 1243/74/330 1244/73/331
f  1245/73/331 1246/74/330 1247/77/332 1248/76/333
f  1249/76/333 1250/77/332 1251/67/323 1252/64/322
f  1253/78/334 1254/81/335 1255/80/336 1256/79/337
f  1257/55/313 1258/56/315 1259/45/304 1260/42/302
f  1261/56/315 1262/58/317 1263/28/290 1264/45/304
f  1265/58/317 1266/60/319 1267/31/291 1268/28/290
f  1269/60/319 1270/62/321 1271/33/294 1272/31/291
f  1273/62/321 1274/47/309 1275/35/296 1276/33/294
f  1277/47/309 1278/48/308 1279/37/298 1280/35/296
f  1281/48/308 1282/50/311 1283/39/300 1284/37/298
f  1285/50/311 1286/52/313 1287/41/302 1288/39/300
f  1289/43/303 1290/44/305 1291/25/287 1292/24/286
f  1293/44/305 1294/29/293 1295/26/288 1296/25/287
f  1297/30/292 1298/32/295 1299/83/338 1300/82/339
f  1301/32/295 1302/34/297 1303/84/340 1304/83/338
f  1305/34/297 1306/36/299 1307/84/340
f  1308/36/299 1309/38/301 1310/22/285 1311/21/284
f  1312/38/301 1313/40/303 1314/23/286 1315/22/285
f  1316/85/341 1317/88/342 1318/87/343 1319/86/344
f  1320/89/345 1321/92/346 1322/91/347 1323/90/348
f  1324/93/348 1325/96/347 1326/95/349 1327/94/350
f  1328/94/350 1329/95/349 1330/98/351 1331/97/352
f  1332/97/352 1333/98/351 1334/88/342 1335/85/341
f  1336/99/353 1337/102/354 1338/101/355 1339/100/356
f  1340/103/357 1341/106/358 1342/105/359 1343/104/360
f  1344/107/361 1345/110/362 1346/109/363 1347/108/364
f  1348/111/364 1349/114/363 1350/113/365 1351/112/366
f  1352/112/366 1353/113/365 1354/116/367 1355/115/368
f  1356/115/368 1357/116/367 1358/106/358 1359/103/357
f  1360/117/369 1361/120/370 1362/119/371 1363/118/372
f  1364/121/373 1365/124/374 1366/123/375 1367/122/376
f  1368/125/376 1369/128/375 1370/127/377 1371/126/378
f  1372/126/378 1373/127/377 1374/130/379 1375/129/380
f  1376/129/380 1377/130/379 1378/132/381 1379/131/382
f  1380/133/383 1381/134/384 1382/102/354 1383/99/353
f  1384/135/385 1385/136/386 1386/124/374 1387/121/373
f  1388/137/387 1389/140/388 1390/139/389 1391/138/390
f  1392/141/391 1393/144/392 1394/143/393 1395/142/394
f  1396/145/394 1397/148/393 1398/147/395 1399/146/396
f  1400/149/397 1401/152/398 1402/151/399 1403/150/400
f  1404/146/396 1405/147/395 1406/154/401 1407/153/402
f  1408/153/402 1409/154/401 1410/156/403 1411/155/404
f  1412/150/400 1413/151/399 1414/158/405 1415/157/406
f  1416/157/406 1417/158/405 1418/160/407 1419/159/408
f  1420/159/408 1421/160/407 1422/162/409 1423/161/410
f  1424/161/410 1425/162/409 1426/164/411 1427/163/412
f  1428/165/413 1429/166/414 1430/144/392 1431/141/391
f  1432/163/412 1433/164/411 1434/168/398 1435/167/397
f  1436/169/310 1437/172/307 1438/171/415 1439/170/416
f  1440/173/306 1441/174/417 1442/171/415 1443/172/307
f  1444/174/417 1445/173/306 1446/176/320 1447/175/418
f  1448/176/320 1449/178/318 1450/177/419 1451/175/418
f  1452/170/416 1453/180/420 1454/179/312 1455/169/310
f  1456/181/312 1457/184/420 1458/183/421 1459/182/314
f  1460/183/421 1461/186/422 1462/185/316 1463/182/314
f  1464/187/419 1465/189/318 1466/186/422 1467/188/423
f  1468/175/418 1469/177/419 1470/191/404 1471/190/413
f  1472/175/418 1473/190/413 1474/192/391 1475/174/417
f  1476/188/423 1477/194/402 1478/193/404 1479/187/419
f  1480/174/417 1481/192/391 1482/195/424
f  1483/196/425 1484/197/426 1485/170/416 1486/171/415
f  1487/170/416 1488/197/426 1489/198/427 1490/180/420
f  1491/199/427 1492/200/428 1493/183/421 1494/184/420
f  1495/183/421 1496/200/428 1497/201/429 1498/186/422
f  1499/202/430 1500/188/423 1501/186/422 1502/201/429
f  1503/201/429 1504/204/431 1505/203/432
f  1506/200/428 1507/199/427 1508/206/433 1509/205/434
f  1510/197/426 1511/208/435 1512/207/436
f  1513/196/425 1514/210/437 1515/209/438
f  1516/211/439 1517/214/440 1518/213/394 1519/212/441
f  1520/212/441 1521/213/394 1522/215/396
f  1523/216/442 1524/219/443 1525/218/444 1526/217/445
f  1527/220/446 1528/223/447 1529/222/448 1530/221/449
f  1531/224/450 1532/140/388 1533/137/387 1534/225/451
f  1535/131/382 1536/132/381 1537/136/386 1538/135/385
f  1539/226/452 1540/224/450 1541/225/451 1542/227/453
f  1543/138/390 1544/139/389 1545/229/454 1546/228/455
f  1547/228/455 1548/229/454 1549/231/456 1550/230/457
f  1551/232/458 1552/235/459 1553/234/460 1554/233/461
f  1555/235/459 1556/219/443 1557/216/442 1558/234/460
f  1559/217/445 1560/218/444 1561/220/446 1562/221/449
f  1563/100/356 1564/101/355 1565/237/462 1566/236/463
f  1567/238/463 1568/241/462 1569/240/464 1570/239/465
f  1571/239/465 1572/240/464 1573/243/466 1574/242/467
f  1575/242/467 1576/243/466 1577/134/384 1578/133/383
f  1579/244/468 1580/247/469 1581/246/470 1582/245/471
f  1583/86/344 1584/87/343 1585/92/346 1586/89/345
f  1587/248/472 1588/251/473 1589/250/474 1590/249/475
f  1591/252/476 1592/253/477 1593/249/475 1594/250/474
f  1595/254/478 1596/255/479 1597/247/469 1598/244/468
f  1599/256/480 1600/257/481 1601/81/335 1602/78/334
f  1603/245/471 1604/246/470 1605/251/473 1606/248/472
f  1607/79/337 1608/80/336 1609/259/482 1610/258/483
f  1611/260/483 1612/263/482 1613/262/484 1614/261/485
f  1615/261/485 1616/262/484 1617/265/486 1618/264/487
f  1619/264/487 1620/265/486 1621/257/481 1622/256/480
f  1623/266/488 1624/269/489 1625/268/490 1626/267/491
f  1627/65/325 1628/66/324 1629/71/327 1630/68/326
f  1631/270/492 1632/273/493 1633/272/494 1634/271/495
f  1635/274/495 1636/277/494 1637/276/496 1638/275/497
f  1639/275/497 1640/276/496 1641/279/498 1642/278/499
f  1643/278/499 1644/279/498 1645/269/489 1646/266/488
f  1647/280/500 1648/281/501 1649/120/370 1650/117/369
f  1651/267/491 1652/268/490 1653/273/493 1654/270/492
f  1655/118/372 1656/119/371 1657/283/502 1658/282/503
f  1659/284/503 1660/287/502 1661/286/504 1662/285/505
f  1663/285/505 1664/286/504 1665/289/506 1666/288/507
f  1667/288/507 1668/289/506 1669/281/501 1670/280/500
f  1671/290/440 1672/293/508 1673/292/509 1674/291/510
f  1675/104/360 1676/105/359 1677/110/362 1678/107/361
f  1679/294/511 1680/297/512 1681/296/513 1682/295/514
f  1683/298/514 1684/301/513 1685/300/515 1686/299/516
f  1687/299/516 1688/300/515 1689/303/517 1690/302/439
f  1691/302/439 1692/303/517 1693/293/508 1694/290/440
f  1695/291/510 1696/292/509 1697/297/512 1698/294/511
f  1699/195/424 1700/305/518 1701/304/519
f  1702/171/415 1703/174/417 1704/195/424 1705/196/425
f  1706/306/520 1707/132/381 1708/130/379
f  1709/306/520 1710/136/386 1711/132/381
f  1712/306/520 1713/307/374 1714/136/386
f  1715/306/520 1716/308/375 1717/307/374
f  1718/306/520 1719/309/377 1720/308/375
f  1721/306/520 1722/130/379 1723/309/377
f  1724/310/521 1725/312/464 1726/311/462
f  1727/310/521 1728/243/466 1729/312/464
f  1730/310/521 1731/134/384 1732/243/466
f  1733/310/521 1734/102/354 1735/134/384
f  1736/310/521 1737/313/355 1738/102/354
f  1739/310/521 1740/311/462 1741/313/355
f  1742/314/522 1743/316/484 1744/315/482
f  1745/314/522 1746/265/486 1747/316/484
f  1748/314/522 1749/257/481 1750/265/486
f  1751/314/522 1752/81/335 1753/257/481
f  1754/314/522 1755/317/336 1756/81/335
f  1757/314/522 1758/315/482 1759/317/336
f  1760/318/523 1761/289/506 1762/319/504
f  1763/318/523 1764/281/501 1765/289/506
f  1766/318/523 1767/120/370 1768/281/501
f  1769/318/523 1770/320/371 1771/120/370
f  1772/318/523 1773/321/502 1774/320/371
f  1775/318/523 1776/319/504 1777/321/502
f  1778/322/524 1779/162/409 1780/160/407
f  1781/322/524 1782/323/411 1783/162/409
f  1784/322/524 1785/324/398 1786/323/411
f  1787/322/524 1788/325/399 1789/324/398
f  1790/322/524 1791/158/405 1792/325/399
f  1793/322/524 1794/160/407 1795/158/405
f  1796/215/396 1797/194/402 1798/188/423 1799/202/430
f  1800/185/316 1801/186/422 1802/189/318
f  1803/201/429 1804/203/432 1805/326/525
f  1806/327/477 1807/328/476 1808/255/479 1809/254/478
f  1810/329/510 1811/332/511 1812/331/526 1813/330/527
f  1814/332/511 1815/334/514 1816/333/528 1817/331/526
f  1818/335/455 1819/337/457 1820/336/433 1821/207/436
f  1822/207/436 1823/208/435 1824/338/390 1825/335/455
f  1826/210/437 1827/196/425 1828/304/519
f  1829/339/477 1830/208/435 1831/209/438 1832/340/475
f  1833/340/475 1834/209/438 1835/210/437 1836/341/472
f  1837/197/426 1838/196/425 1839/209/438
f  1840/342/492 1841/343/495 1842/210/437 1843/304/519
f  1844/304/519 1845/305/518 1846/344/491 1847/342/492
f  1848/196/425 1849/195/424 1850/304/519
f  1851/212/441 1852/346/529 1853/345/516 1854/211/439
f  1855/347/499 1856/348/488 1857/346/529 1858/326/525
f  1859/326/525 1860/203/432 1861/349/497 1862/347/499
f  1863/350/468 1864/351/471 1865/203/432 1866/204/431
f  1867/204/431 1868/353/530 1869/352/478 1870/350/468
f  1871/354/451 1872/355/387 1873/353/530 1874/205/434
f  1875/205/434 1876/206/433 1877/356/453 1878/354/451
f  1879/346/529 1880/202/430 1881/326/525
f  1882/200/428 1883/353/530 1884/204/431
f  1885/336/433 1886/337/457 1887/357/453
f  1888/355/387 1889/359/390 1890/358/477 1891/352/478
f  1892/352/478 1893/353/530 1894/355/387
f  1895/208/435 1896/339/477 1897/338/390
f  1898/351/471 1899/361/472 1900/360/495 1901/349/497
f  1902/210/437 1903/343/495 1904/341/472
f  1905/351/471 1906/349/497 1907/203/432
f  1908/344/491 1909/305/518 1910/333/528 1911/362/488
f  1912/192/391 1913/330/527 1914/331/526
f  1915/363/394 1916/364/440 1917/329/510 1918/330/527
f  1919/346/529 1920/348/488 1921/365/514 1922/345/516
f  1923/362/488 1924/333/528 1925/334/514
f  1926/330/527 1927/192/391 1928/363/394
f  1929/353/530 1930/200/428 1931/205/434
f  1932/333/528 1933/305/518 1934/331/526
f  1935/305/518 1936/195/424 1937/331/526
f  1938/198/427 1939/197/426 1940/207/436
f  1941/208/435 1942/197/426 1943/209/438
f  1944/195/424 1945/192/391 1946/331/526
f  1947/336/433 1948/198/427 1949/207/436
f  1950/202/430 1951/201/429 1952/326/525
f  1953/201/429 1954/200/428 1955/204/431
f  1956/202/430 1957/346/529 1958/215/396
f  1959/346/529 1960/212/441 1961/215/396
f  1962/82/339 1963/83/338 1964/19/282 1965/27/289
f  1966/83/338 1967/84/340 1968/20/283 1969/19/282
f  1970/84/340 1971/36/299 1972/21/284 1973/20/283
f  1974/82/339 1975/27/289 1976/26/288 1977/29/293
f  1978/29/293 1979/30/292 1980/82/339
f  1981/366/456 1982/226/452 1983/227/453 1984/367/457
f  1985/232/458 1986/233/461 1987/369/448 1988/368/447
f  1989/156/403 1990/159/408 1991/161/410 1992/166/414
f  1993/147/395 1994/150/400 1995/157/406 1996/154/401
f  1997/144/392 1998/163/412 1999/167/397 2000/143/393
f  2001/154/401 2002/157/406 2003/159/408 2004/156/403
f  2005/148/393 2006/149/397 2007/150/400 2008/147/395
f  2009/166/414 2010/161/410 2011/163/412 2012/144/392
f  2013/139/389 2014/217/445 2015/221/449 2016/229/454
f  2017/229/454 2018/221/449 2019/222/448 2020/231/456
f  2021/366/456 2022/369/448 2023/233/461 2024/226/452
f  2025/226/452 2026/233/461 2027/234/460 2028/224/450
f  2029/224/450 2030/234/460 2031/216/442 2032/140/388
f  2033/140/388 2034/216/442 2035/217/445 2036/139/389
f  2037/218/444 2038/135/385 2039/121/373 2040/220/446
f  2041/220/446 2042/121/373 2043/122/376 2044/223/447
f  2045/368/447 2046/125/376 2047/126/378 2048/232/458
f  2049/232/458 2050/126/378 2051/129/380 2052/235/459
f  2053/235/459 2054/129/380 2055/131/382 2056/219/443
f  2057/219/443 2058/131/382 2059/135/385 2060/218/444
f  2061/87/343 2062/99/353 2063/100/356 2064/92/346
f  2065/92/346 2066/100/356 2067/236/463 2068/91/347
f  2069/96/347 2070/238/463 2071/239/465 2072/95/349
f  2073/95/349 2074/239/465 2075/242/467 2076/98/351
f  2077/98/351 2078/242/467 2079/133/383 2080/88/342
f  2081/88/342 2082/133/383 2083/99/353 2084/87/343
f  2085/246/470 2086/85/341 2087/86/344 2088/251/473
f  2089/251/473 2090/86/344 2091/89/345 2092/250/474
f  2093/250/474 2094/89/345 2095/90/348 2096/252/476
f  2097/328/476 2098/93/348 2099/94/350 2100/255/479
f  2101/255/479 2102/94/350 2103/97/352 2104/247/469
f  2105/247/469 2106/97/352 2107/85/341 2108/246/470
f  2109/66/324 2110/78/334 2111/79/337 2112/71/327
f  2113/71/327 2114/79/337 2115/258/483 2116/70/328
f  2117/75/328 2118/260/483 2119/261/485 2120/74/330
f  2121/74/330 2122/261/485 2123/264/487 2124/77/332
f  2125/77/332 2126/264/487 2127/256/480 2128/67/323
f  2129/67/323 2130/256/480 2131/78/334 2132/66/324
f  2133/268/490 2134/65/325 2135/68/326 2136/273/493
f  2137/273/493 2138/68/326 2139/69/329 2140/272/494
f  2141/277/494 2142/72/329 2143/73/331 2144/276/496
f  2145/276/496 2146/73/331 2147/76/333 2148/279/498
f  2149/279/498 2150/76/333 2151/64/322 2152/269/489
f  2153/269/489 2154/64/322 2155/65/325 2156/268/490
f  2157/105/359 2158/117/369 2159/118/372 2160/110/362
f  2161/110/362 2162/118/372 2163/282/503 2164/109/363
f  2165/114/363 2166/284/503 2167/285/505 2168/113/365
f  2169/113/365 2170/285/505 2171/288/507 2172/116/367
f  2173/116/367 2174/288/507 2175/280/500 2176/106/358
f  2177/106/358 2178/280/500 2179/117/369 2180/105/359
f  2181/292/509 2182/104/360 2183/107/361 2184/297/512
f  2185/297/512 2186/107/361 2187/108/364 2188/296/513
f  2189/301/513 2190/111/364 2191/112/366 2192/300/515
f  2193/300/515 2194/112/366 2195/115/368 2196/303/517
f  2197/303/517 2198/115/368 2199/103/357 2200/293/508
f  2201/293/508 2202/103/357 2203/104/360 2204/292/509
f  2205/155/404 2206/156/403 2207/166/414 2208/165/413

